...FF............................................F...................... [ 27%]
........................................................................ [ 54%]
........................................................................ [ 82%]
..............................................                           [100%]
=================================== FAILURES ===================================
__________ test_the_dication_builds_and_raises_the_loud_databaseerror __________

argon_capable_db = <rmgpy.data.thermo.ThermoDatabase object at 0x757bbfcc07c0>

    def test_the_dication_builds_and_raises_the_loud_databaseerror(argon_capable_db):
        """The dication Ar(2+) (monatomic, +2) is the "Ar2+" reading that builds yet raises the
        loud DatabaseError - group additivity has no group for a charge-+2 argon atom."""
>       species = _species(DICATION, 'Ar2+')

test/test_argon_cation_buildtime.py:143: 
_ _ _ _ _ _ _ _ _ _ _ _ _ _ _ _ _ _ _ _ _ _ _ _ _ _ _ _ _ _ _ _ _ _ _ _ _ _ _ _ 
test/test_argon_cation_buildtime.py:82: in _species
    s = Species(label=label, molecule=[Molecule().from_adjacency_list(adjacency_list)])
rmgpy/molecule/molecule.py:1942: in rmgpy.molecule.molecule.Molecule.from_adjacency_list
    ???
rmgpy/molecule/molecule.py:1953: in rmgpy.molecule.molecule.Molecule.from_adjacency_list
    ???
rmgpy/molecule/molecule.py:1571: in rmgpy.molecule.molecule.Molecule.update_atomtypes
    ???
rmgpy/molecule/molecule.py:1592: in rmgpy.molecule.molecule.Molecule.update_atomtypes
    ???
rmgpy/molecule/molecule.py:1587: in rmgpy.molecule.molecule.Molecule.update_atomtypes
    ???
rmgpy/molecule/atomtype.py:1153: in rmgpy.molecule.atomtype.get_atomtype
    ???
_ _ _ _ _ _ _ _ _ _ _ _ _ _ _ _ _ _ _ _ _ _ _ _ _ _ _ _ _ _ _ _ _ _ _ _ _ _ _ _ 

>   ???
E   rmgpy.exceptions.AtomTypeError: Unable to determine atom type for atom Ar..++, which has 0 single bonds, 0 double bonds (0 to O, 0 to S, 0 others), 0 triple bonds, 0 quadruple bonds, 0 benzene bonds, 2 lone pairs, and +2 charge.

rmgpy/molecule/atomtype.py:1181: AtomTypeError
------------------------------ Captured log call -------------------------------
ERROR    root:test_argon_cation_buildtime.py:82 Could not update atomtypes for this molecule:
multiplicity 3
1 Ar u2 p2 c+2
________ test_the_dimer_cation_builds_and_raises_the_loud_databaseerror ________

argon_capable_db = <rmgpy.data.thermo.ThermoDatabase object at 0x757bbfcc07c0>

    def test_the_dimer_cation_builds_and_raises_the_loud_databaseerror(argon_capable_db):
        """The dimer Ar2(+) (diatomic, +1) also builds and also raises a loud DatabaseError,
        via HBI saturation rather than a bare atom type - still loud, still not fabricated."""
        species = _species(DIMER, 'Ar2+dimer')
        assert species.molecule[0].get_net_charge() == 1
        with pytest.raises(DatabaseError):
>           argon_capable_db.get_thermo_data(species)

test/test_argon_cation_buildtime.py:156: 
_ _ _ _ _ _ _ _ _ _ _ _ _ _ _ _ _ _ _ _ _ _ _ _ _ _ _ _ _ _ _ _ _ _ _ _ _ _ _ _ 
../RMG-Py-i222-metastable-argon-atomtype/rmgpy/data/thermo.py:1497: in get_thermo_data
    tdata = self.estimate_radical_thermo_via_hbi(molecule, self.get_thermo_data_from_libraries)
../RMG-Py-i222-metastable-argon-atomtype/rmgpy/data/thermo.py:2247: in estimate_radical_thermo_via_hbi
    added = saturated_struct.saturate_radicals()
rmgpy/molecule/molecule.py:2512: in rmgpy.molecule.molecule.Molecule.saturate_radicals
    ???
rmgpy/molecule/molecule.py:2534: in rmgpy.molecule.molecule.Molecule.saturate_radicals
    ???
rmgpy/molecule/molecule.py:1571: in rmgpy.molecule.molecule.Molecule.update_atomtypes
    ???
rmgpy/molecule/molecule.py:1592: in rmgpy.molecule.molecule.Molecule.update_atomtypes
    ???
rmgpy/molecule/molecule.py:1587: in rmgpy.molecule.molecule.Molecule.update_atomtypes
    ???
rmgpy/molecule/atomtype.py:1153: in rmgpy.molecule.atomtype.get_atomtype
    ???
_ _ _ _ _ _ _ _ _ _ _ _ _ _ _ _ _ _ _ _ _ _ _ _ _ _ _ _ _ _ _ _ _ _ _ _ _ _ _ _ 

>   ???
E   rmgpy.exceptions.AtomTypeError: Unable to determine atom type for atom Ar, which has 2 single bonds, 0 double bonds (0 to O, 0 to S, 0 others), 0 triple bonds, 0 quadruple bonds, 0 benzene bonds, 3 lone pairs, and +0 charge.

rmgpy/molecule/atomtype.py:1181: AtomTypeError
------------------------------ Captured log call -------------------------------
ERROR    root:thermo.py:2247 Could not update atomtypes for this molecule:
multiplicity 2
1 Ar u0 p3 c0 {2,S} {3,S}
2 Ar u0 p3 c+1 {1,S}
3 H  u0 p0 c0 {1,S}
_ test_argon_atom_type_now_declares_a_charge_envelope_but_still_parses_any_charge _

    def test_argon_atom_type_now_declares_a_charge_envelope_but_still_parses_any_charge():
        """Argon's atom type used to declare no charge constraint at all; it now declares
        ``charge=[0, 1, 2]``, and the uncomfortable corollary that outlived the change belongs
        on the record.
    
        RMG-Py commit ``b52045138`` ("Narrow the placement declarations, and let noble gases be
        cations") gave He, Ne and Ar ``charge=[0, 1, 2]`` so that ``GroupAtom.make_sample_molecule``
        would stop refusing the noble-gas cations (Ar+, He+, He+2, Ne+) that are real species in
        the carried ``PlasmaAir`` library. That falsified the old assertion ``not
        ATOMTYPES['Ar'].charge``, which is what turned this test red.
    
        The envelope narrows what group-sample *construction* will emit; it does not gate what
        ``from_adjacency_list`` will *parse*, because argon is in ``nonSpecifics`` and
        ``get_atomtype`` returns it without consulting the charge features. So a nonsense Ar(4+)
        still parses exactly as before - Ar+ builds for the same reason Ar(4+) does - and the
        entry added by this branch is the ground state and matches only the ground state.
    
        This test PINS OBSERVED CURRENT BEHAVIOUR so it cannot regress silently; it does not
        bless that behaviour as intended. Whether an atom type declaring ``charge=[0, 1, 2]``
        while still parsing any charge through ``nonSpecifics`` is coherent RMG-Py design is an
        open question owned in RMG-Py (where the Ar0/Ar+/Ar++ specifics belong), not resolvable
        from this database test."""
        from rmgpy.molecule.atomtype import ATOMTYPES
    
        ground = Molecule().from_adjacency_list(ARP)
        assert ATOMTYPES['Ar'].charge == [0, 1, 2]
>       assert ground.atoms[0].atomtype.label == 'Ar'
E       AssertionError: assert 'Ar+' == 'Ar'
E         
E         - Ar
E         + Ar+
E         ?   +

test/test_argon_cation_thermo.py:688: AssertionError
=============================== warnings summary ===============================
test/test_argon_cation_buildtime.py::test_at_build_time_with_the_library_loaded_it_wins_over_group_additivity
test/test_argon_cation_buildtime.py::test_at_build_time_with_the_reference_deck_argon_is_refused_loudly
test/test_argon_cation_thermo.py::test_every_electron_entry_in_this_database_prices_the_electron_at_zero
test/test_argon_cation_thermo.py::test_without_this_library_the_species_is_refused
test/test_argon_metastable_thermo.py::test_the_entry_is_the_1s5_level_and_says_so
test/test_argon_metastable_thermo.py::test_without_this_library_the_species_cannot_exist_at_all
test/test_argon_metastable_thermo.py::test_the_advertised_6000_K_now_survives_normal_processing
test/test_argon_metastable_thermo.py::test_the_estimate_arrives_as_an_ordinary_arrhenius_with_no_electron_temperature
  <string>:5427: DeprecationWarning: invalid escape sequence \D

test/test_argon_cation_buildtime.py::test_at_build_time_with_the_library_loaded_it_wins_over_group_additivity
test/test_argon_cation_buildtime.py::test_at_build_time_with_the_reference_deck_argon_is_refused_loudly
test/test_argon_cation_thermo.py::test_every_electron_entry_in_this_database_prices_the_electron_at_zero
test/test_argon_cation_thermo.py::test_without_this_library_the_species_is_refused
test/test_argon_metastable_thermo.py::test_the_entry_is_the_1s5_level_and_says_so
test/test_argon_metastable_thermo.py::test_without_this_library_the_species_cannot_exist_at_all
test/test_argon_metastable_thermo.py::test_the_advertised_6000_K_now_survives_normal_processing
test/test_argon_metastable_thermo.py::test_the_estimate_arrives_as_an_ordinary_arrhenius_with_no_electron_temperature
  <string>:5539: DeprecationWarning: invalid escape sequence \D

test/test_argon_cation_buildtime.py::test_at_build_time_with_the_library_loaded_it_wins_over_group_additivity
test/test_argon_cation_buildtime.py::test_at_build_time_with_the_reference_deck_argon_is_refused_loudly
test/test_argon_cation_thermo.py::test_every_electron_entry_in_this_database_prices_the_electron_at_zero
test/test_argon_cation_thermo.py::test_without_this_library_the_species_is_refused
test/test_argon_metastable_thermo.py::test_the_entry_is_the_1s5_level_and_says_so
test/test_argon_metastable_thermo.py::test_without_this_library_the_species_cannot_exist_at_all
test/test_argon_metastable_thermo.py::test_the_advertised_6000_K_now_survives_normal_processing
test/test_argon_metastable_thermo.py::test_the_estimate_arrives_as_an_ordinary_arrhenius_with_no_electron_temperature
  <string>:5628: DeprecationWarning: invalid escape sequence \D

test/test_argon_cation_buildtime.py::test_at_build_time_with_the_library_loaded_it_wins_over_group_additivity
test/test_argon_cation_buildtime.py::test_at_build_time_with_the_reference_deck_argon_is_refused_loudly
test/test_argon_cation_thermo.py::test_every_electron_entry_in_this_database_prices_the_electron_at_zero
test/test_argon_cation_thermo.py::test_without_this_library_the_species_is_refused
test/test_argon_metastable_thermo.py::test_the_entry_is_the_1s5_level_and_says_so
test/test_argon_metastable_thermo.py::test_without_this_library_the_species_cannot_exist_at_all
test/test_argon_metastable_thermo.py::test_the_advertised_6000_K_now_survives_normal_processing
test/test_argon_metastable_thermo.py::test_the_estimate_arrives_as_an_ordinary_arrhenius_with_no_electron_temperature
  <string>:5672: DeprecationWarning: invalid escape sequence \D

test/test_argon_cation_buildtime.py::test_at_build_time_with_the_library_loaded_it_wins_over_group_additivity
test/test_argon_cation_buildtime.py::test_at_build_time_with_the_reference_deck_argon_is_refused_loudly
test/test_argon_cation_thermo.py::test_every_electron_entry_in_this_database_prices_the_electron_at_zero
test/test_argon_cation_thermo.py::test_without_this_library_the_species_is_refused
test/test_argon_metastable_thermo.py::test_the_entry_is_the_1s5_level_and_says_so
test/test_argon_metastable_thermo.py::test_without_this_library_the_species_cannot_exist_at_all
test/test_argon_metastable_thermo.py::test_the_advertised_6000_K_now_survives_normal_processing
test/test_argon_metastable_thermo.py::test_the_estimate_arrives_as_an_ordinary_arrhenius_with_no_electron_temperature
  <string>:5698: DeprecationWarning: invalid escape sequence \D

test/test_argon_cation_buildtime.py::test_at_build_time_with_the_library_loaded_it_wins_over_group_additivity
test/test_argon_cation_buildtime.py::test_at_build_time_with_the_reference_deck_argon_is_refused_loudly
test/test_argon_cation_thermo.py::test_every_electron_entry_in_this_database_prices_the_electron_at_zero
test/test_argon_cation_thermo.py::test_without_this_library_the_species_is_refused
test/test_argon_metastable_thermo.py::test_the_entry_is_the_1s5_level_and_says_so
test/test_argon_metastable_thermo.py::test_without_this_library_the_species_cannot_exist_at_all
test/test_argon_metastable_thermo.py::test_the_advertised_6000_K_now_survives_normal_processing
test/test_argon_metastable_thermo.py::test_the_estimate_arrives_as_an_ordinary_arrhenius_with_no_electron_temperature
  <string>:5860: DeprecationWarning: invalid escape sequence \D

test/test_argon_cation_buildtime.py::test_at_build_time_with_the_library_loaded_it_wins_over_group_additivity
test/test_argon_cation_buildtime.py::test_at_build_time_with_the_reference_deck_argon_is_refused_loudly
test/test_argon_cation_thermo.py::test_every_electron_entry_in_this_database_prices_the_electron_at_zero
test/test_argon_cation_thermo.py::test_without_this_library_the_species_is_refused
test/test_argon_metastable_thermo.py::test_the_entry_is_the_1s5_level_and_says_so
test/test_argon_metastable_thermo.py::test_without_this_library_the_species_cannot_exist_at_all
test/test_argon_metastable_thermo.py::test_the_advertised_6000_K_now_survives_normal_processing
test/test_argon_metastable_thermo.py::test_the_estimate_arrives_as_an_ordinary_arrhenius_with_no_electron_temperature
  <string>:5904: DeprecationWarning: invalid escape sequence \D

test/test_argon_cation_buildtime.py::test_at_build_time_with_the_library_loaded_it_wins_over_group_additivity
test/test_argon_cation_buildtime.py::test_at_build_time_with_the_reference_deck_argon_is_refused_loudly
test/test_argon_cation_thermo.py::test_every_electron_entry_in_this_database_prices_the_electron_at_zero
test/test_argon_cation_thermo.py::test_without_this_library_the_species_is_refused
test/test_argon_metastable_thermo.py::test_the_entry_is_the_1s5_level_and_says_so
test/test_argon_metastable_thermo.py::test_without_this_library_the_species_cannot_exist_at_all
test/test_argon_metastable_thermo.py::test_the_advertised_6000_K_now_survives_normal_processing
test/test_argon_metastable_thermo.py::test_the_estimate_arrives_as_an_ordinary_arrhenius_with_no_electron_temperature
  <string>:5930: DeprecationWarning: invalid escape sequence \D

test/test_argon_cation_buildtime.py::test_at_build_time_with_the_library_loaded_it_wins_over_group_additivity
test/test_argon_cation_buildtime.py::test_at_build_time_with_the_reference_deck_argon_is_refused_loudly
test/test_argon_cation_thermo.py::test_every_electron_entry_in_this_database_prices_the_electron_at_zero
test/test_argon_cation_thermo.py::test_without_this_library_the_species_is_refused
test/test_argon_metastable_thermo.py::test_the_entry_is_the_1s5_level_and_says_so
test/test_argon_metastable_thermo.py::test_without_this_library_the_species_cannot_exist_at_all
test/test_argon_metastable_thermo.py::test_the_advertised_6000_K_now_survives_normal_processing
test/test_argon_metastable_thermo.py::test_the_estimate_arrives_as_an_ordinary_arrhenius_with_no_electron_temperature
  <string>:6097: DeprecationWarning: invalid escape sequence \D

test/test_argon_cation_buildtime.py::test_at_build_time_with_the_library_loaded_it_wins_over_group_additivity
test/test_argon_cation_buildtime.py::test_at_build_time_with_the_reference_deck_argon_is_refused_loudly
test/test_argon_cation_thermo.py::test_every_electron_entry_in_this_database_prices_the_electron_at_zero
test/test_argon_cation_thermo.py::test_without_this_library_the_species_is_refused
test/test_argon_metastable_thermo.py::test_the_entry_is_the_1s5_level_and_says_so
test/test_argon_metastable_thermo.py::test_without_this_library_the_species_cannot_exist_at_all
test/test_argon_metastable_thermo.py::test_the_advertised_6000_K_now_survives_normal_processing
test/test_argon_metastable_thermo.py::test_the_estimate_arrives_as_an_ordinary_arrhenius_with_no_electron_temperature
  <string>:6141: DeprecationWarning: invalid escape sequence \D

test/test_argon_cation_buildtime.py::test_at_build_time_with_the_library_loaded_it_wins_over_group_additivity
test/test_argon_cation_buildtime.py::test_at_build_time_with_the_reference_deck_argon_is_refused_loudly
test/test_argon_cation_thermo.py::test_every_electron_entry_in_this_database_prices_the_electron_at_zero
test/test_argon_cation_thermo.py::test_without_this_library_the_species_is_refused
test/test_argon_metastable_thermo.py::test_the_entry_is_the_1s5_level_and_says_so
test/test_argon_metastable_thermo.py::test_without_this_library_the_species_cannot_exist_at_all
test/test_argon_metastable_thermo.py::test_the_advertised_6000_K_now_survives_normal_processing
test/test_argon_metastable_thermo.py::test_the_estimate_arrives_as_an_ordinary_arrhenius_with_no_electron_temperature
  <string>:6167: DeprecationWarning: invalid escape sequence \D

test/test_argon_cation_buildtime.py::test_at_build_time_with_the_library_loaded_it_wins_over_group_additivity
test/test_argon_cation_buildtime.py::test_at_build_time_with_the_reference_deck_argon_is_refused_loudly
test/test_argon_cation_thermo.py::test_every_electron_entry_in_this_database_prices_the_electron_at_zero
test/test_argon_cation_thermo.py::test_without_this_library_the_species_is_refused
test/test_argon_metastable_thermo.py::test_the_entry_is_the_1s5_level_and_says_so
test/test_argon_metastable_thermo.py::test_without_this_library_the_species_cannot_exist_at_all
test/test_argon_metastable_thermo.py::test_the_advertised_6000_K_now_survives_normal_processing
test/test_argon_metastable_thermo.py::test_the_estimate_arrives_as_an_ordinary_arrhenius_with_no_electron_temperature
  <string>:6295: DeprecationWarning: invalid escape sequence \D

test/test_argon_cation_buildtime.py::test_at_build_time_with_the_library_loaded_it_wins_over_group_additivity
test/test_argon_cation_buildtime.py::test_at_build_time_with_the_reference_deck_argon_is_refused_loudly
test/test_argon_cation_thermo.py::test_every_electron_entry_in_this_database_prices_the_electron_at_zero
test/test_argon_cation_thermo.py::test_without_this_library_the_species_is_refused
test/test_argon_metastable_thermo.py::test_the_entry_is_the_1s5_level_and_says_so
test/test_argon_metastable_thermo.py::test_without_this_library_the_species_cannot_exist_at_all
test/test_argon_metastable_thermo.py::test_the_advertised_6000_K_now_survives_normal_processing
test/test_argon_metastable_thermo.py::test_the_estimate_arrives_as_an_ordinary_arrhenius_with_no_electron_temperature
  <string>:7200: DeprecationWarning: invalid escape sequence \D

test/test_argon_cation_buildtime.py::test_at_build_time_with_the_library_loaded_it_wins_over_group_additivity
test/test_argon_cation_buildtime.py::test_at_build_time_with_the_reference_deck_argon_is_refused_loudly
test/test_argon_cation_thermo.py::test_every_electron_entry_in_this_database_prices_the_electron_at_zero
test/test_argon_cation_thermo.py::test_without_this_library_the_species_is_refused
test/test_argon_metastable_thermo.py::test_the_entry_is_the_1s5_level_and_says_so
test/test_argon_metastable_thermo.py::test_without_this_library_the_species_cannot_exist_at_all
test/test_argon_metastable_thermo.py::test_the_advertised_6000_K_now_survives_normal_processing
test/test_argon_metastable_thermo.py::test_the_estimate_arrives_as_an_ordinary_arrhenius_with_no_electron_temperature
  <string>:7470: DeprecationWarning: invalid escape sequence \D

test/test_argon_cation_buildtime.py::test_at_build_time_with_the_library_loaded_it_wins_over_group_additivity
test/test_argon_cation_buildtime.py::test_at_build_time_with_the_reference_deck_argon_is_refused_loudly
test/test_argon_cation_thermo.py::test_every_electron_entry_in_this_database_prices_the_electron_at_zero
test/test_argon_cation_thermo.py::test_without_this_library_the_species_is_refused
test/test_argon_metastable_thermo.py::test_the_entry_is_the_1s5_level_and_says_so
test/test_argon_metastable_thermo.py::test_without_this_library_the_species_cannot_exist_at_all
test/test_argon_metastable_thermo.py::test_the_advertised_6000_K_now_survives_normal_processing
test/test_argon_metastable_thermo.py::test_the_estimate_arrives_as_an_ordinary_arrhenius_with_no_electron_temperature
  <string>:7726: DeprecationWarning: invalid escape sequence \D

test/test_argon_cation_buildtime.py::test_at_build_time_with_the_library_loaded_it_wins_over_group_additivity
test/test_argon_cation_buildtime.py::test_at_build_time_with_the_reference_deck_argon_is_refused_loudly
test/test_argon_cation_thermo.py::test_every_electron_entry_in_this_database_prices_the_electron_at_zero
test/test_argon_cation_thermo.py::test_without_this_library_the_species_is_refused
test/test_argon_metastable_thermo.py::test_the_entry_is_the_1s5_level_and_says_so
test/test_argon_metastable_thermo.py::test_without_this_library_the_species_cannot_exist_at_all
test/test_argon_metastable_thermo.py::test_the_advertised_6000_K_now_survives_normal_processing
test/test_argon_metastable_thermo.py::test_the_estimate_arrives_as_an_ordinary_arrhenius_with_no_electron_temperature
  <string>:7840: DeprecationWarning: invalid escape sequence \D

test/test_argon_cation_buildtime.py::test_at_build_time_with_the_library_loaded_it_wins_over_group_additivity
test/test_argon_cation_buildtime.py::test_at_build_time_with_the_reference_deck_argon_is_refused_loudly
test/test_argon_cation_thermo.py::test_every_electron_entry_in_this_database_prices_the_electron_at_zero
test/test_argon_cation_thermo.py::test_without_this_library_the_species_is_refused
test/test_argon_metastable_thermo.py::test_the_entry_is_the_1s5_level_and_says_so
test/test_argon_metastable_thermo.py::test_without_this_library_the_species_cannot_exist_at_all
test/test_argon_metastable_thermo.py::test_the_advertised_6000_K_now_survives_normal_processing
test/test_argon_metastable_thermo.py::test_the_estimate_arrives_as_an_ordinary_arrhenius_with_no_electron_temperature
  <string>:8025: DeprecationWarning: invalid escape sequence \D

test/test_argon_cation_buildtime.py::test_at_build_time_with_the_library_loaded_it_wins_over_group_additivity
test/test_argon_cation_buildtime.py::test_at_build_time_with_the_reference_deck_argon_is_refused_loudly
test/test_argon_cation_thermo.py::test_every_electron_entry_in_this_database_prices_the_electron_at_zero
test/test_argon_cation_thermo.py::test_without_this_library_the_species_is_refused
test/test_argon_metastable_thermo.py::test_the_entry_is_the_1s5_level_and_says_so
test/test_argon_metastable_thermo.py::test_without_this_library_the_species_cannot_exist_at_all
test/test_argon_metastable_thermo.py::test_the_advertised_6000_K_now_survives_normal_processing
test/test_argon_metastable_thermo.py::test_the_estimate_arrives_as_an_ordinary_arrhenius_with_no_electron_temperature
  <string>:8128: DeprecationWarning: invalid escape sequence \D

test/test_argon_cation_buildtime.py::test_at_build_time_with_the_library_loaded_it_wins_over_group_additivity
test/test_argon_cation_buildtime.py::test_at_build_time_with_the_reference_deck_argon_is_refused_loudly
test/test_argon_cation_thermo.py::test_every_electron_entry_in_this_database_prices_the_electron_at_zero
test/test_argon_cation_thermo.py::test_without_this_library_the_species_is_refused
test/test_argon_metastable_thermo.py::test_the_entry_is_the_1s5_level_and_says_so
test/test_argon_metastable_thermo.py::test_without_this_library_the_species_cannot_exist_at_all
test/test_argon_metastable_thermo.py::test_the_advertised_6000_K_now_survives_normal_processing
test/test_argon_metastable_thermo.py::test_the_estimate_arrives_as_an_ordinary_arrhenius_with_no_electron_temperature
  <string>:9315: DeprecationWarning: invalid escape sequence \D

test/test_argon_cation_buildtime.py::test_at_build_time_with_the_library_loaded_it_wins_over_group_additivity
test/test_argon_cation_buildtime.py::test_at_build_time_with_the_reference_deck_argon_is_refused_loudly
test/test_argon_cation_thermo.py::test_every_electron_entry_in_this_database_prices_the_electron_at_zero
test/test_argon_cation_thermo.py::test_without_this_library_the_species_is_refused
test/test_argon_metastable_thermo.py::test_the_entry_is_the_1s5_level_and_says_so
test/test_argon_metastable_thermo.py::test_without_this_library_the_species_cannot_exist_at_all
test/test_argon_metastable_thermo.py::test_the_advertised_6000_K_now_survives_normal_processing
test/test_argon_metastable_thermo.py::test_the_estimate_arrives_as_an_ordinary_arrhenius_with_no_electron_temperature
  <string>:10169: DeprecationWarning: invalid escape sequence \D

test/test_argon_cation_buildtime.py::test_at_build_time_with_the_library_loaded_it_wins_over_group_additivity
test/test_argon_cation_buildtime.py::test_at_build_time_with_the_reference_deck_argon_is_refused_loudly
test/test_argon_cation_thermo.py::test_every_electron_entry_in_this_database_prices_the_electron_at_zero
test/test_argon_cation_thermo.py::test_without_this_library_the_species_is_refused
test/test_argon_metastable_thermo.py::test_the_entry_is_the_1s5_level_and_says_so
test/test_argon_metastable_thermo.py::test_without_this_library_the_species_cannot_exist_at_all
test/test_argon_metastable_thermo.py::test_the_advertised_6000_K_now_survives_normal_processing
test/test_argon_metastable_thermo.py::test_the_estimate_arrives_as_an_ordinary_arrhenius_with_no_electron_temperature
  <string>:10258: DeprecationWarning: invalid escape sequence \D

test/test_argon_cation_buildtime.py::test_at_build_time_with_the_library_loaded_it_wins_over_group_additivity
test/test_argon_cation_buildtime.py::test_at_build_time_with_the_reference_deck_argon_is_refused_loudly
test/test_argon_cation_thermo.py::test_every_electron_entry_in_this_database_prices_the_electron_at_zero
test/test_argon_cation_thermo.py::test_without_this_library_the_species_is_refused
test/test_argon_metastable_thermo.py::test_the_entry_is_the_1s5_level_and_says_so
test/test_argon_metastable_thermo.py::test_without_this_library_the_species_cannot_exist_at_all
test/test_argon_metastable_thermo.py::test_the_advertised_6000_K_now_survives_normal_processing
test/test_argon_metastable_thermo.py::test_the_estimate_arrives_as_an_ordinary_arrhenius_with_no_electron_temperature
  <string>:11178: DeprecationWarning: invalid escape sequence \D

test/test_argon_cation_buildtime.py::test_at_build_time_with_the_library_loaded_it_wins_over_group_additivity
test/test_argon_cation_buildtime.py::test_at_build_time_with_the_reference_deck_argon_is_refused_loudly
test/test_argon_cation_thermo.py::test_every_electron_entry_in_this_database_prices_the_electron_at_zero
test/test_argon_cation_thermo.py::test_without_this_library_the_species_is_refused
test/test_argon_metastable_thermo.py::test_the_entry_is_the_1s5_level_and_says_so
test/test_argon_metastable_thermo.py::test_without_this_library_the_species_cannot_exist_at_all
test/test_argon_metastable_thermo.py::test_the_advertised_6000_K_now_survives_normal_processing
test/test_argon_metastable_thermo.py::test_the_estimate_arrives_as_an_ordinary_arrhenius_with_no_electron_temperature
  <string>:20791: DeprecationWarning: invalid escape sequence \D

test/test_argon_cation_buildtime.py::test_at_build_time_with_the_library_loaded_it_wins_over_group_additivity
test/test_argon_cation_buildtime.py::test_at_build_time_with_the_reference_deck_argon_is_refused_loudly
test/test_argon_cation_thermo.py::test_every_electron_entry_in_this_database_prices_the_electron_at_zero
test/test_argon_cation_thermo.py::test_without_this_library_the_species_is_refused
test/test_argon_metastable_thermo.py::test_the_entry_is_the_1s5_level_and_says_so
test/test_argon_metastable_thermo.py::test_without_this_library_the_species_cannot_exist_at_all
test/test_argon_metastable_thermo.py::test_the_advertised_6000_K_now_survives_normal_processing
test/test_argon_metastable_thermo.py::test_the_estimate_arrives_as_an_ordinary_arrhenius_with_no_electron_temperature
  <string>:20884: DeprecationWarning: invalid escape sequence \D

test/test_argon_cation_buildtime.py::test_at_build_time_with_the_library_loaded_it_wins_over_group_additivity
test/test_argon_cation_buildtime.py::test_at_build_time_with_the_reference_deck_argon_is_refused_loudly
test/test_argon_cation_thermo.py::test_every_electron_entry_in_this_database_prices_the_electron_at_zero
test/test_argon_cation_thermo.py::test_without_this_library_the_species_is_refused
test/test_argon_metastable_thermo.py::test_the_entry_is_the_1s5_level_and_says_so
test/test_argon_metastable_thermo.py::test_without_this_library_the_species_cannot_exist_at_all
test/test_argon_metastable_thermo.py::test_the_advertised_6000_K_now_survives_normal_processing
test/test_argon_metastable_thermo.py::test_the_estimate_arrives_as_an_ordinary_arrhenius_with_no_electron_temperature
  <string>:21052: DeprecationWarning: invalid escape sequence \D

test/test_argon_cation_buildtime.py::test_at_build_time_with_the_library_loaded_it_wins_over_group_additivity
test/test_argon_cation_buildtime.py::test_at_build_time_with_the_reference_deck_argon_is_refused_loudly
test/test_argon_cation_thermo.py::test_every_electron_entry_in_this_database_prices_the_electron_at_zero
test/test_argon_cation_thermo.py::test_without_this_library_the_species_is_refused
test/test_argon_metastable_thermo.py::test_the_entry_is_the_1s5_level_and_says_so
test/test_argon_metastable_thermo.py::test_without_this_library_the_species_cannot_exist_at_all
test/test_argon_metastable_thermo.py::test_the_advertised_6000_K_now_survives_normal_processing
test/test_argon_metastable_thermo.py::test_the_estimate_arrives_as_an_ordinary_arrhenius_with_no_electron_temperature
  <string>:21078: DeprecationWarning: invalid escape sequence \D

test/test_argon_cation_buildtime.py::test_at_build_time_with_the_library_loaded_it_wins_over_group_additivity
test/test_argon_cation_buildtime.py::test_at_build_time_with_the_reference_deck_argon_is_refused_loudly
test/test_argon_cation_thermo.py::test_every_electron_entry_in_this_database_prices_the_electron_at_zero
test/test_argon_cation_thermo.py::test_without_this_library_the_species_is_refused
test/test_argon_metastable_thermo.py::test_the_entry_is_the_1s5_level_and_says_so
test/test_argon_metastable_thermo.py::test_without_this_library_the_species_cannot_exist_at_all
test/test_argon_metastable_thermo.py::test_the_advertised_6000_K_now_survives_normal_processing
test/test_argon_metastable_thermo.py::test_the_estimate_arrives_as_an_ordinary_arrhenius_with_no_electron_temperature
  <string>:21531: DeprecationWarning: invalid escape sequence \D

test/test_argon_cation_buildtime.py::test_at_build_time_with_the_library_loaded_it_wins_over_group_additivity
test/test_argon_cation_buildtime.py::test_at_build_time_with_the_reference_deck_argon_is_refused_loudly
test/test_argon_cation_thermo.py::test_every_electron_entry_in_this_database_prices_the_electron_at_zero
test/test_argon_cation_thermo.py::test_without_this_library_the_species_is_refused
test/test_argon_metastable_thermo.py::test_the_entry_is_the_1s5_level_and_says_so
test/test_argon_metastable_thermo.py::test_without_this_library_the_species_cannot_exist_at_all
test/test_argon_metastable_thermo.py::test_the_advertised_6000_K_now_survives_normal_processing
test/test_argon_metastable_thermo.py::test_the_estimate_arrives_as_an_ordinary_arrhenius_with_no_electron_temperature
  <string>:21711: DeprecationWarning: invalid escape sequence \D

test/test_argon_cation_buildtime.py::test_at_build_time_with_the_library_loaded_it_wins_over_group_additivity
test/test_argon_cation_buildtime.py::test_at_build_time_with_the_reference_deck_argon_is_refused_loudly
test/test_argon_cation_thermo.py::test_every_electron_entry_in_this_database_prices_the_electron_at_zero
test/test_argon_cation_thermo.py::test_without_this_library_the_species_is_refused
test/test_argon_metastable_thermo.py::test_the_entry_is_the_1s5_level_and_says_so
test/test_argon_metastable_thermo.py::test_without_this_library_the_species_cannot_exist_at_all
test/test_argon_metastable_thermo.py::test_the_advertised_6000_K_now_survives_normal_processing
test/test_argon_metastable_thermo.py::test_the_estimate_arrives_as_an_ordinary_arrhenius_with_no_electron_temperature
  <string>:21739: DeprecationWarning: invalid escape sequence \D

test/test_argon_cation_buildtime.py::test_at_build_time_with_the_library_loaded_it_wins_over_group_additivity
test/test_argon_cation_buildtime.py::test_at_build_time_with_the_reference_deck_argon_is_refused_loudly
test/test_argon_cation_thermo.py::test_every_electron_entry_in_this_database_prices_the_electron_at_zero
test/test_argon_cation_thermo.py::test_without_this_library_the_species_is_refused
test/test_argon_metastable_thermo.py::test_the_entry_is_the_1s5_level_and_says_so
test/test_argon_metastable_thermo.py::test_without_this_library_the_species_cannot_exist_at_all
test/test_argon_metastable_thermo.py::test_the_advertised_6000_K_now_survives_normal_processing
test/test_argon_metastable_thermo.py::test_the_estimate_arrives_as_an_ordinary_arrhenius_with_no_electron_temperature
  <string>:21927: DeprecationWarning: invalid escape sequence \D

test/test_argon_cation_buildtime.py::test_at_build_time_with_the_library_loaded_it_wins_over_group_additivity
test/test_argon_cation_buildtime.py::test_at_build_time_with_the_reference_deck_argon_is_refused_loudly
test/test_argon_cation_thermo.py::test_every_electron_entry_in_this_database_prices_the_electron_at_zero
test/test_argon_cation_thermo.py::test_without_this_library_the_species_is_refused
test/test_argon_metastable_thermo.py::test_the_entry_is_the_1s5_level_and_says_so
test/test_argon_metastable_thermo.py::test_without_this_library_the_species_cannot_exist_at_all
test/test_argon_metastable_thermo.py::test_the_advertised_6000_K_now_survives_normal_processing
test/test_argon_metastable_thermo.py::test_the_estimate_arrives_as_an_ordinary_arrhenius_with_no_electron_temperature
  <string>:22858: DeprecationWarning: invalid escape sequence \D

test/test_argon_cation_buildtime.py::test_at_build_time_with_the_library_loaded_it_wins_over_group_additivity
test/test_argon_cation_buildtime.py::test_at_build_time_with_the_reference_deck_argon_is_refused_loudly
test/test_argon_cation_thermo.py::test_every_electron_entry_in_this_database_prices_the_electron_at_zero
test/test_argon_cation_thermo.py::test_without_this_library_the_species_is_refused
test/test_argon_metastable_thermo.py::test_the_entry_is_the_1s5_level_and_says_so
test/test_argon_metastable_thermo.py::test_without_this_library_the_species_cannot_exist_at_all
test/test_argon_metastable_thermo.py::test_the_advertised_6000_K_now_survives_normal_processing
test/test_argon_metastable_thermo.py::test_the_estimate_arrives_as_an_ordinary_arrhenius_with_no_electron_temperature
  <string>:22951: DeprecationWarning: invalid escape sequence \D

test/test_argon_cation_buildtime.py::test_at_build_time_with_the_library_loaded_it_wins_over_group_additivity
test/test_argon_cation_buildtime.py::test_at_build_time_with_the_reference_deck_argon_is_refused_loudly
test/test_argon_cation_thermo.py::test_every_electron_entry_in_this_database_prices_the_electron_at_zero
test/test_argon_cation_thermo.py::test_without_this_library_the_species_is_refused
test/test_argon_metastable_thermo.py::test_the_entry_is_the_1s5_level_and_says_so
test/test_argon_metastable_thermo.py::test_without_this_library_the_species_cannot_exist_at_all
test/test_argon_metastable_thermo.py::test_the_advertised_6000_K_now_survives_normal_processing
test/test_argon_metastable_thermo.py::test_the_estimate_arrives_as_an_ordinary_arrhenius_with_no_electron_temperature
  <string>:23114: DeprecationWarning: invalid escape sequence \D

test/test_argon_cation_buildtime.py::test_at_build_time_with_the_library_loaded_it_wins_over_group_additivity
test/test_argon_cation_buildtime.py::test_at_build_time_with_the_reference_deck_argon_is_refused_loudly
test/test_argon_cation_thermo.py::test_every_electron_entry_in_this_database_prices_the_electron_at_zero
test/test_argon_cation_thermo.py::test_without_this_library_the_species_is_refused
test/test_argon_metastable_thermo.py::test_the_entry_is_the_1s5_level_and_says_so
test/test_argon_metastable_thermo.py::test_without_this_library_the_species_cannot_exist_at_all
test/test_argon_metastable_thermo.py::test_the_advertised_6000_K_now_survives_normal_processing
test/test_argon_metastable_thermo.py::test_the_estimate_arrives_as_an_ordinary_arrhenius_with_no_electron_temperature
  <string>:23297: DeprecationWarning: invalid escape sequence \D

test/test_argon_cation_buildtime.py::test_at_build_time_with_the_library_loaded_it_wins_over_group_additivity
test/test_argon_cation_buildtime.py::test_at_build_time_with_the_reference_deck_argon_is_refused_loudly
test/test_argon_cation_thermo.py::test_every_electron_entry_in_this_database_prices_the_electron_at_zero
test/test_argon_cation_thermo.py::test_without_this_library_the_species_is_refused
test/test_argon_metastable_thermo.py::test_the_entry_is_the_1s5_level_and_says_so
test/test_argon_metastable_thermo.py::test_without_this_library_the_species_cannot_exist_at_all
test/test_argon_metastable_thermo.py::test_the_advertised_6000_K_now_survives_normal_processing
test/test_argon_metastable_thermo.py::test_the_estimate_arrives_as_an_ordinary_arrhenius_with_no_electron_temperature
  <string>:23392: DeprecationWarning: invalid escape sequence \D

test/test_argon_cation_buildtime.py::test_at_build_time_with_the_library_loaded_it_wins_over_group_additivity
test/test_argon_cation_buildtime.py::test_at_build_time_with_the_reference_deck_argon_is_refused_loudly
test/test_argon_cation_thermo.py::test_every_electron_entry_in_this_database_prices_the_electron_at_zero
test/test_argon_cation_thermo.py::test_without_this_library_the_species_is_refused
test/test_argon_metastable_thermo.py::test_the_entry_is_the_1s5_level_and_says_so
test/test_argon_metastable_thermo.py::test_without_this_library_the_species_cannot_exist_at_all
test/test_argon_metastable_thermo.py::test_the_advertised_6000_K_now_survives_normal_processing
test/test_argon_metastable_thermo.py::test_the_estimate_arrives_as_an_ordinary_arrhenius_with_no_electron_temperature
  <string>:24051: DeprecationWarning: invalid escape sequence \D

test/test_argon_cation_buildtime.py::test_at_build_time_with_the_library_loaded_it_wins_over_group_additivity
test/test_argon_cation_buildtime.py::test_at_build_time_with_the_reference_deck_argon_is_refused_loudly
test/test_argon_cation_thermo.py::test_every_electron_entry_in_this_database_prices_the_electron_at_zero
test/test_argon_cation_thermo.py::test_without_this_library_the_species_is_refused
test/test_argon_metastable_thermo.py::test_the_entry_is_the_1s5_level_and_says_so
test/test_argon_metastable_thermo.py::test_without_this_library_the_species_cannot_exist_at_all
test/test_argon_metastable_thermo.py::test_the_advertised_6000_K_now_survives_normal_processing
test/test_argon_metastable_thermo.py::test_the_estimate_arrives_as_an_ordinary_arrhenius_with_no_electron_temperature
  <string>:24336: DeprecationWarning: invalid escape sequence \D

test/test_argon_cation_buildtime.py::test_at_build_time_with_the_library_loaded_it_wins_over_group_additivity
test/test_argon_cation_buildtime.py::test_at_build_time_with_the_reference_deck_argon_is_refused_loudly
test/test_argon_cation_thermo.py::test_every_electron_entry_in_this_database_prices_the_electron_at_zero
test/test_argon_cation_thermo.py::test_without_this_library_the_species_is_refused
test/test_argon_metastable_thermo.py::test_the_entry_is_the_1s5_level_and_says_so
test/test_argon_metastable_thermo.py::test_without_this_library_the_species_cannot_exist_at_all
test/test_argon_metastable_thermo.py::test_the_advertised_6000_K_now_survives_normal_processing
test/test_argon_metastable_thermo.py::test_the_estimate_arrives_as_an_ordinary_arrhenius_with_no_electron_temperature
  <string>:27050: DeprecationWarning: invalid escape sequence \D

test/test_argon_cation_buildtime.py::test_at_build_time_with_the_library_loaded_it_wins_over_group_additivity
test/test_argon_cation_buildtime.py::test_at_build_time_with_the_reference_deck_argon_is_refused_loudly
test/test_argon_cation_thermo.py::test_every_electron_entry_in_this_database_prices_the_electron_at_zero
test/test_argon_cation_thermo.py::test_without_this_library_the_species_is_refused
test/test_argon_metastable_thermo.py::test_the_entry_is_the_1s5_level_and_says_so
test/test_argon_metastable_thermo.py::test_without_this_library_the_species_cannot_exist_at_all
test/test_argon_metastable_thermo.py::test_the_advertised_6000_K_now_survives_normal_processing
test/test_argon_metastable_thermo.py::test_the_estimate_arrives_as_an_ordinary_arrhenius_with_no_electron_temperature
  <string>:27143: DeprecationWarning: invalid escape sequence \D

test/test_argon_cation_buildtime.py::test_at_build_time_with_the_library_loaded_it_wins_over_group_additivity
test/test_argon_cation_buildtime.py::test_at_build_time_with_the_reference_deck_argon_is_refused_loudly
test/test_argon_cation_thermo.py::test_every_electron_entry_in_this_database_prices_the_electron_at_zero
test/test_argon_cation_thermo.py::test_without_this_library_the_species_is_refused
test/test_argon_metastable_thermo.py::test_the_entry_is_the_1s5_level_and_says_so
test/test_argon_metastable_thermo.py::test_without_this_library_the_species_cannot_exist_at_all
test/test_argon_metastable_thermo.py::test_the_advertised_6000_K_now_survives_normal_processing
test/test_argon_metastable_thermo.py::test_the_estimate_arrives_as_an_ordinary_arrhenius_with_no_electron_temperature
  <string>:27280: DeprecationWarning: invalid escape sequence \D

test/test_argon_cation_buildtime.py::test_at_build_time_with_the_library_loaded_it_wins_over_group_additivity
test/test_argon_cation_buildtime.py::test_at_build_time_with_the_reference_deck_argon_is_refused_loudly
test/test_argon_cation_thermo.py::test_every_electron_entry_in_this_database_prices_the_electron_at_zero
test/test_argon_cation_thermo.py::test_without_this_library_the_species_is_refused
test/test_argon_metastable_thermo.py::test_the_entry_is_the_1s5_level_and_says_so
test/test_argon_metastable_thermo.py::test_without_this_library_the_species_cannot_exist_at_all
test/test_argon_metastable_thermo.py::test_the_advertised_6000_K_now_survives_normal_processing
test/test_argon_metastable_thermo.py::test_the_estimate_arrives_as_an_ordinary_arrhenius_with_no_electron_temperature
  <string>:27308: DeprecationWarning: invalid escape sequence \D

test/test_argon_cation_buildtime.py::test_at_build_time_with_the_library_loaded_it_wins_over_group_additivity
test/test_argon_cation_buildtime.py::test_at_build_time_with_the_reference_deck_argon_is_refused_loudly
test/test_argon_cation_thermo.py::test_every_electron_entry_in_this_database_prices_the_electron_at_zero
test/test_argon_cation_thermo.py::test_without_this_library_the_species_is_refused
test/test_argon_metastable_thermo.py::test_the_entry_is_the_1s5_level_and_says_so
test/test_argon_metastable_thermo.py::test_without_this_library_the_species_cannot_exist_at_all
test/test_argon_metastable_thermo.py::test_the_advertised_6000_K_now_survives_normal_processing
test/test_argon_metastable_thermo.py::test_the_estimate_arrives_as_an_ordinary_arrhenius_with_no_electron_temperature
  <string>:27491: DeprecationWarning: invalid escape sequence \D

test/test_argon_cation_buildtime.py::test_at_build_time_with_the_library_loaded_it_wins_over_group_additivity
test/test_argon_cation_buildtime.py::test_at_build_time_with_the_reference_deck_argon_is_refused_loudly
test/test_argon_cation_thermo.py::test_every_electron_entry_in_this_database_prices_the_electron_at_zero
test/test_argon_cation_thermo.py::test_without_this_library_the_species_is_refused
test/test_argon_metastable_thermo.py::test_the_entry_is_the_1s5_level_and_says_so
test/test_argon_metastable_thermo.py::test_without_this_library_the_species_cannot_exist_at_all
test/test_argon_metastable_thermo.py::test_the_advertised_6000_K_now_survives_normal_processing
test/test_argon_metastable_thermo.py::test_the_estimate_arrives_as_an_ordinary_arrhenius_with_no_electron_temperature
  <string>:28152: DeprecationWarning: invalid escape sequence \D

test/test_argon_cation_buildtime.py::test_at_build_time_with_the_library_loaded_it_wins_over_group_additivity
test/test_argon_cation_buildtime.py::test_at_build_time_with_the_reference_deck_argon_is_refused_loudly
test/test_argon_cation_thermo.py::test_every_electron_entry_in_this_database_prices_the_electron_at_zero
test/test_argon_cation_thermo.py::test_without_this_library_the_species_is_refused
test/test_argon_metastable_thermo.py::test_the_entry_is_the_1s5_level_and_says_so
test/test_argon_metastable_thermo.py::test_without_this_library_the_species_cannot_exist_at_all
test/test_argon_metastable_thermo.py::test_the_advertised_6000_K_now_survives_normal_processing
test/test_argon_metastable_thermo.py::test_the_estimate_arrives_as_an_ordinary_arrhenius_with_no_electron_temperature
  <string>:30542: DeprecationWarning: invalid escape sequence \D

test/test_argon_cation_buildtime.py::test_at_build_time_with_the_library_loaded_it_wins_over_group_additivity
test/test_argon_cation_buildtime.py::test_at_build_time_with_the_reference_deck_argon_is_refused_loudly
test/test_argon_cation_thermo.py::test_every_electron_entry_in_this_database_prices_the_electron_at_zero
test/test_argon_cation_thermo.py::test_without_this_library_the_species_is_refused
test/test_argon_metastable_thermo.py::test_the_entry_is_the_1s5_level_and_says_so
test/test_argon_metastable_thermo.py::test_without_this_library_the_species_cannot_exist_at_all
test/test_argon_metastable_thermo.py::test_the_advertised_6000_K_now_survives_normal_processing
test/test_argon_metastable_thermo.py::test_the_estimate_arrives_as_an_ordinary_arrhenius_with_no_electron_temperature
  <string>:38231: DeprecationWarning: invalid escape sequence \D

test/test_argon_cation_buildtime.py::test_at_build_time_with_the_library_loaded_it_wins_over_group_additivity
test/test_argon_cation_buildtime.py::test_at_build_time_with_the_reference_deck_argon_is_refused_loudly
test/test_argon_cation_thermo.py::test_every_electron_entry_in_this_database_prices_the_electron_at_zero
test/test_argon_cation_thermo.py::test_without_this_library_the_species_is_refused
test/test_argon_metastable_thermo.py::test_the_entry_is_the_1s5_level_and_says_so
test/test_argon_metastable_thermo.py::test_without_this_library_the_species_cannot_exist_at_all
test/test_argon_metastable_thermo.py::test_the_advertised_6000_K_now_survives_normal_processing
test/test_argon_metastable_thermo.py::test_the_estimate_arrives_as_an_ordinary_arrhenius_with_no_electron_temperature
  <string>:38277: DeprecationWarning: invalid escape sequence \D

test/test_argon_cation_buildtime.py::test_at_build_time_with_the_library_loaded_it_wins_over_group_additivity
test/test_argon_cation_buildtime.py::test_at_build_time_with_the_reference_deck_argon_is_refused_loudly
test/test_argon_cation_thermo.py::test_every_electron_entry_in_this_database_prices_the_electron_at_zero
test/test_argon_cation_thermo.py::test_without_this_library_the_species_is_refused
test/test_argon_metastable_thermo.py::test_the_entry_is_the_1s5_level_and_says_so
test/test_argon_metastable_thermo.py::test_without_this_library_the_species_cannot_exist_at_all
test/test_argon_metastable_thermo.py::test_the_advertised_6000_K_now_survives_normal_processing
test/test_argon_metastable_thermo.py::test_the_estimate_arrives_as_an_ordinary_arrhenius_with_no_electron_temperature
  <string>:38304: DeprecationWarning: invalid escape sequence \D

test/test_argon_cation_buildtime.py::test_at_build_time_with_the_library_loaded_it_wins_over_group_additivity
test/test_argon_cation_buildtime.py::test_at_build_time_with_the_reference_deck_argon_is_refused_loudly
test/test_argon_cation_thermo.py::test_every_electron_entry_in_this_database_prices_the_electron_at_zero
test/test_argon_cation_thermo.py::test_without_this_library_the_species_is_refused
test/test_argon_metastable_thermo.py::test_the_entry_is_the_1s5_level_and_says_so
test/test_argon_metastable_thermo.py::test_without_this_library_the_species_cannot_exist_at_all
test/test_argon_metastable_thermo.py::test_the_advertised_6000_K_now_survives_normal_processing
test/test_argon_metastable_thermo.py::test_the_estimate_arrives_as_an_ordinary_arrhenius_with_no_electron_temperature
  <string>:38507: DeprecationWarning: invalid escape sequence \D

test/test_argon_cation_buildtime.py::test_at_build_time_with_the_library_loaded_it_wins_over_group_additivity
test/test_argon_cation_buildtime.py::test_at_build_time_with_the_reference_deck_argon_is_refused_loudly
test/test_argon_cation_thermo.py::test_every_electron_entry_in_this_database_prices_the_electron_at_zero
test/test_argon_cation_thermo.py::test_without_this_library_the_species_is_refused
test/test_argon_metastable_thermo.py::test_the_entry_is_the_1s5_level_and_says_so
test/test_argon_metastable_thermo.py::test_without_this_library_the_species_cannot_exist_at_all
test/test_argon_metastable_thermo.py::test_the_advertised_6000_K_now_survives_normal_processing
test/test_argon_metastable_thermo.py::test_the_estimate_arrives_as_an_ordinary_arrhenius_with_no_electron_temperature
  <string>:39316: DeprecationWarning: invalid escape sequence \D

test/test_argon_cation_buildtime.py::test_at_build_time_with_the_library_loaded_it_wins_over_group_additivity
test/test_argon_cation_buildtime.py::test_at_build_time_with_the_reference_deck_argon_is_refused_loudly
test/test_argon_cation_thermo.py::test_every_electron_entry_in_this_database_prices_the_electron_at_zero
test/test_argon_cation_thermo.py::test_without_this_library_the_species_is_refused
test/test_argon_metastable_thermo.py::test_the_entry_is_the_1s5_level_and_says_so
test/test_argon_metastable_thermo.py::test_without_this_library_the_species_cannot_exist_at_all
test/test_argon_metastable_thermo.py::test_the_advertised_6000_K_now_survives_normal_processing
test/test_argon_metastable_thermo.py::test_the_estimate_arrives_as_an_ordinary_arrhenius_with_no_electron_temperature
  <string>:41060: DeprecationWarning: invalid escape sequence \D

test/test_argon_cation_buildtime.py::test_at_build_time_with_the_library_loaded_it_wins_over_group_additivity
test/test_argon_cation_buildtime.py::test_at_build_time_with_the_reference_deck_argon_is_refused_loudly
test/test_argon_cation_thermo.py::test_every_electron_entry_in_this_database_prices_the_electron_at_zero
test/test_argon_cation_thermo.py::test_without_this_library_the_species_is_refused
test/test_argon_metastable_thermo.py::test_the_entry_is_the_1s5_level_and_says_so
test/test_argon_metastable_thermo.py::test_without_this_library_the_species_cannot_exist_at_all
test/test_argon_metastable_thermo.py::test_the_advertised_6000_K_now_survives_normal_processing
test/test_argon_metastable_thermo.py::test_the_estimate_arrives_as_an_ordinary_arrhenius_with_no_electron_temperature
  <string>:41126: DeprecationWarning: invalid escape sequence \D

test/test_argon_cation_buildtime.py::test_at_build_time_with_the_library_loaded_it_wins_over_group_additivity
test/test_argon_cation_buildtime.py::test_at_build_time_with_the_reference_deck_argon_is_refused_loudly
test/test_argon_cation_thermo.py::test_every_electron_entry_in_this_database_prices_the_electron_at_zero
test/test_argon_cation_thermo.py::test_without_this_library_the_species_is_refused
test/test_argon_metastable_thermo.py::test_the_entry_is_the_1s5_level_and_says_so
test/test_argon_metastable_thermo.py::test_without_this_library_the_species_cannot_exist_at_all
test/test_argon_metastable_thermo.py::test_the_advertised_6000_K_now_survives_normal_processing
test/test_argon_metastable_thermo.py::test_the_estimate_arrives_as_an_ordinary_arrhenius_with_no_electron_temperature
  <string>:41383: DeprecationWarning: invalid escape sequence \D

test/test_argon_cation_buildtime.py::test_at_build_time_with_the_library_loaded_it_wins_over_group_additivity
test/test_argon_cation_buildtime.py::test_at_build_time_with_the_reference_deck_argon_is_refused_loudly
test/test_argon_cation_thermo.py::test_every_electron_entry_in_this_database_prices_the_electron_at_zero
test/test_argon_cation_thermo.py::test_without_this_library_the_species_is_refused
test/test_argon_metastable_thermo.py::test_the_entry_is_the_1s5_level_and_says_so
test/test_argon_metastable_thermo.py::test_without_this_library_the_species_cannot_exist_at_all
test/test_argon_metastable_thermo.py::test_the_advertised_6000_K_now_survives_normal_processing
test/test_argon_metastable_thermo.py::test_the_estimate_arrives_as_an_ordinary_arrhenius_with_no_electron_temperature
  <string>:42688: DeprecationWarning: invalid escape sequence \D

test/test_argon_cation_buildtime.py::test_at_build_time_with_the_library_loaded_it_wins_over_group_additivity
test/test_argon_cation_buildtime.py::test_at_build_time_with_the_reference_deck_argon_is_refused_loudly
test/test_argon_cation_thermo.py::test_every_electron_entry_in_this_database_prices_the_electron_at_zero
test/test_argon_cation_thermo.py::test_without_this_library_the_species_is_refused
test/test_argon_metastable_thermo.py::test_the_entry_is_the_1s5_level_and_says_so
test/test_argon_metastable_thermo.py::test_without_this_library_the_species_cannot_exist_at_all
test/test_argon_metastable_thermo.py::test_the_advertised_6000_K_now_survives_normal_processing
test/test_argon_metastable_thermo.py::test_the_estimate_arrives_as_an_ordinary_arrhenius_with_no_electron_temperature
  <string>:42759: DeprecationWarning: invalid escape sequence \D

test/test_argon_cation_buildtime.py::test_at_build_time_with_the_library_loaded_it_wins_over_group_additivity
test/test_argon_cation_buildtime.py::test_at_build_time_with_the_reference_deck_argon_is_refused_loudly
test/test_argon_cation_thermo.py::test_every_electron_entry_in_this_database_prices_the_electron_at_zero
test/test_argon_cation_thermo.py::test_without_this_library_the_species_is_refused
test/test_argon_metastable_thermo.py::test_the_entry_is_the_1s5_level_and_says_so
test/test_argon_metastable_thermo.py::test_without_this_library_the_species_cannot_exist_at_all
test/test_argon_metastable_thermo.py::test_the_advertised_6000_K_now_survives_normal_processing
test/test_argon_metastable_thermo.py::test_the_estimate_arrives_as_an_ordinary_arrhenius_with_no_electron_temperature
  <string>:43026: DeprecationWarning: invalid escape sequence \D

test/test_argon_cation_buildtime.py::test_at_build_time_with_the_library_loaded_it_wins_over_group_additivity
test/test_argon_cation_buildtime.py::test_at_build_time_with_the_reference_deck_argon_is_refused_loudly
test/test_argon_cation_thermo.py::test_every_electron_entry_in_this_database_prices_the_electron_at_zero
test/test_argon_cation_thermo.py::test_without_this_library_the_species_is_refused
test/test_argon_metastable_thermo.py::test_the_entry_is_the_1s5_level_and_says_so
test/test_argon_metastable_thermo.py::test_without_this_library_the_species_cannot_exist_at_all
test/test_argon_metastable_thermo.py::test_the_advertised_6000_K_now_survives_normal_processing
test/test_argon_metastable_thermo.py::test_the_estimate_arrives_as_an_ordinary_arrhenius_with_no_electron_temperature
  <string>:43634: DeprecationWarning: invalid escape sequence \D

test/test_argon_cation_buildtime.py::test_at_build_time_with_the_library_loaded_it_wins_over_group_additivity
test/test_argon_cation_buildtime.py::test_at_build_time_with_the_reference_deck_argon_is_refused_loudly
test/test_argon_cation_thermo.py::test_every_electron_entry_in_this_database_prices_the_electron_at_zero
test/test_argon_cation_thermo.py::test_without_this_library_the_species_is_refused
test/test_argon_metastable_thermo.py::test_the_entry_is_the_1s5_level_and_says_so
test/test_argon_metastable_thermo.py::test_without_this_library_the_species_cannot_exist_at_all
test/test_argon_metastable_thermo.py::test_the_advertised_6000_K_now_survives_normal_processing
test/test_argon_metastable_thermo.py::test_the_estimate_arrives_as_an_ordinary_arrhenius_with_no_electron_temperature
  <string>:43680: DeprecationWarning: invalid escape sequence \D

test/test_argon_cation_buildtime.py::test_at_build_time_with_the_library_loaded_it_wins_over_group_additivity
test/test_argon_cation_buildtime.py::test_at_build_time_with_the_reference_deck_argon_is_refused_loudly
test/test_argon_cation_thermo.py::test_every_electron_entry_in_this_database_prices_the_electron_at_zero
test/test_argon_cation_thermo.py::test_without_this_library_the_species_is_refused
test/test_argon_metastable_thermo.py::test_the_entry_is_the_1s5_level_and_says_so
test/test_argon_metastable_thermo.py::test_without_this_library_the_species_cannot_exist_at_all
test/test_argon_metastable_thermo.py::test_the_advertised_6000_K_now_survives_normal_processing
test/test_argon_metastable_thermo.py::test_the_estimate_arrives_as_an_ordinary_arrhenius_with_no_electron_temperature
  <string>:43707: DeprecationWarning: invalid escape sequence \D

test/test_argon_cation_buildtime.py::test_at_build_time_with_the_library_loaded_it_wins_over_group_additivity
test/test_argon_cation_buildtime.py::test_at_build_time_with_the_reference_deck_argon_is_refused_loudly
test/test_argon_cation_thermo.py::test_every_electron_entry_in_this_database_prices_the_electron_at_zero
test/test_argon_cation_thermo.py::test_without_this_library_the_species_is_refused
test/test_argon_metastable_thermo.py::test_the_entry_is_the_1s5_level_and_says_so
test/test_argon_metastable_thermo.py::test_without_this_library_the_species_cannot_exist_at_all
test/test_argon_metastable_thermo.py::test_the_advertised_6000_K_now_survives_normal_processing
test/test_argon_metastable_thermo.py::test_the_estimate_arrives_as_an_ordinary_arrhenius_with_no_electron_temperature
  <string>:51842: DeprecationWarning: invalid escape sequence \D

test/test_argon_cation_buildtime.py::test_at_build_time_with_the_library_loaded_it_wins_over_group_additivity
test/test_argon_cation_buildtime.py::test_at_build_time_with_the_reference_deck_argon_is_refused_loudly
test/test_argon_cation_thermo.py::test_every_electron_entry_in_this_database_prices_the_electron_at_zero
test/test_argon_cation_thermo.py::test_without_this_library_the_species_is_refused
test/test_argon_metastable_thermo.py::test_the_entry_is_the_1s5_level_and_says_so
test/test_argon_metastable_thermo.py::test_without_this_library_the_species_cannot_exist_at_all
test/test_argon_metastable_thermo.py::test_the_advertised_6000_K_now_survives_normal_processing
test/test_argon_metastable_thermo.py::test_the_estimate_arrives_as_an_ordinary_arrhenius_with_no_electron_temperature
  <string>:51867: DeprecationWarning: invalid escape sequence \D

test/test_argon_cation_buildtime.py::test_at_build_time_with_the_library_loaded_it_wins_over_group_additivity
test/test_argon_cation_buildtime.py::test_at_build_time_with_the_reference_deck_argon_is_refused_loudly
test/test_argon_cation_thermo.py::test_every_electron_entry_in_this_database_prices_the_electron_at_zero
test/test_argon_cation_thermo.py::test_without_this_library_the_species_is_refused
test/test_argon_metastable_thermo.py::test_the_entry_is_the_1s5_level_and_says_so
test/test_argon_metastable_thermo.py::test_without_this_library_the_species_cannot_exist_at_all
test/test_argon_metastable_thermo.py::test_the_advertised_6000_K_now_survives_normal_processing
test/test_argon_metastable_thermo.py::test_the_estimate_arrives_as_an_ordinary_arrhenius_with_no_electron_temperature
  <string>:51916: DeprecationWarning: invalid escape sequence \D

test/test_argon_cation_buildtime.py::test_at_build_time_with_the_library_loaded_it_wins_over_group_additivity
test/test_argon_cation_buildtime.py::test_at_build_time_with_the_reference_deck_argon_is_refused_loudly
test/test_argon_cation_thermo.py::test_every_electron_entry_in_this_database_prices_the_electron_at_zero
test/test_argon_cation_thermo.py::test_without_this_library_the_species_is_refused
test/test_argon_metastable_thermo.py::test_the_entry_is_the_1s5_level_and_says_so
test/test_argon_metastable_thermo.py::test_without_this_library_the_species_cannot_exist_at_all
test/test_argon_metastable_thermo.py::test_the_advertised_6000_K_now_survives_normal_processing
test/test_argon_metastable_thermo.py::test_the_estimate_arrives_as_an_ordinary_arrhenius_with_no_electron_temperature
  <string>:52269: DeprecationWarning: invalid escape sequence \D

test/test_argon_cation_buildtime.py::test_at_build_time_with_the_library_loaded_it_wins_over_group_additivity
test/test_argon_cation_buildtime.py::test_at_build_time_with_the_reference_deck_argon_is_refused_loudly
test/test_argon_cation_thermo.py::test_every_electron_entry_in_this_database_prices_the_electron_at_zero
test/test_argon_cation_thermo.py::test_without_this_library_the_species_is_refused
test/test_argon_metastable_thermo.py::test_the_entry_is_the_1s5_level_and_says_so
test/test_argon_metastable_thermo.py::test_without_this_library_the_species_cannot_exist_at_all
test/test_argon_metastable_thermo.py::test_the_advertised_6000_K_now_survives_normal_processing
test/test_argon_metastable_thermo.py::test_the_estimate_arrives_as_an_ordinary_arrhenius_with_no_electron_temperature
  <string>:52295: DeprecationWarning: invalid escape sequence \D

test/test_argon_cation_buildtime.py::test_at_build_time_with_the_library_loaded_it_wins_over_group_additivity
test/test_argon_cation_buildtime.py::test_at_build_time_with_the_reference_deck_argon_is_refused_loudly
test/test_argon_cation_thermo.py::test_every_electron_entry_in_this_database_prices_the_electron_at_zero
test/test_argon_cation_thermo.py::test_without_this_library_the_species_is_refused
test/test_argon_metastable_thermo.py::test_the_entry_is_the_1s5_level_and_says_so
test/test_argon_metastable_thermo.py::test_without_this_library_the_species_cannot_exist_at_all
test/test_argon_metastable_thermo.py::test_the_advertised_6000_K_now_survives_normal_processing
test/test_argon_metastable_thermo.py::test_the_estimate_arrives_as_an_ordinary_arrhenius_with_no_electron_temperature
  <string>:52359: DeprecationWarning: invalid escape sequence \D

test/test_argon_cation_buildtime.py::test_at_build_time_with_the_library_loaded_it_wins_over_group_additivity
test/test_argon_cation_buildtime.py::test_at_build_time_with_the_reference_deck_argon_is_refused_loudly
test/test_argon_cation_thermo.py::test_every_electron_entry_in_this_database_prices_the_electron_at_zero
test/test_argon_cation_thermo.py::test_without_this_library_the_species_is_refused
test/test_argon_metastable_thermo.py::test_the_entry_is_the_1s5_level_and_says_so
test/test_argon_metastable_thermo.py::test_without_this_library_the_species_cannot_exist_at_all
test/test_argon_metastable_thermo.py::test_the_advertised_6000_K_now_survives_normal_processing
test/test_argon_metastable_thermo.py::test_the_estimate_arrives_as_an_ordinary_arrhenius_with_no_electron_temperature
  <string>:52384: DeprecationWarning: invalid escape sequence \D

test/test_argon_cation_buildtime.py::test_at_build_time_with_the_library_loaded_it_wins_over_group_additivity
test/test_argon_cation_buildtime.py::test_at_build_time_with_the_reference_deck_argon_is_refused_loudly
test/test_argon_cation_thermo.py::test_every_electron_entry_in_this_database_prices_the_electron_at_zero
test/test_argon_cation_thermo.py::test_without_this_library_the_species_is_refused
test/test_argon_metastable_thermo.py::test_the_entry_is_the_1s5_level_and_says_so
test/test_argon_metastable_thermo.py::test_without_this_library_the_species_cannot_exist_at_all
test/test_argon_metastable_thermo.py::test_the_advertised_6000_K_now_survives_normal_processing
test/test_argon_metastable_thermo.py::test_the_estimate_arrives_as_an_ordinary_arrhenius_with_no_electron_temperature
  <string>:52461: DeprecationWarning: invalid escape sequence \D

test/test_argon_cation_buildtime.py::test_at_build_time_with_the_library_loaded_it_wins_over_group_additivity
test/test_argon_cation_buildtime.py::test_at_build_time_with_the_reference_deck_argon_is_refused_loudly
test/test_argon_cation_thermo.py::test_every_electron_entry_in_this_database_prices_the_electron_at_zero
test/test_argon_cation_thermo.py::test_without_this_library_the_species_is_refused
test/test_argon_metastable_thermo.py::test_the_entry_is_the_1s5_level_and_says_so
test/test_argon_metastable_thermo.py::test_without_this_library_the_species_cannot_exist_at_all
test/test_argon_metastable_thermo.py::test_the_advertised_6000_K_now_survives_normal_processing
test/test_argon_metastable_thermo.py::test_the_estimate_arrives_as_an_ordinary_arrhenius_with_no_electron_temperature
  <string>:22378: DeprecationWarning: invalid escape sequence \D

test/test_argon_cation_buildtime.py::test_at_build_time_with_the_library_loaded_it_wins_over_group_additivity
test/test_argon_cation_buildtime.py::test_at_build_time_with_the_reference_deck_argon_is_refused_loudly
test/test_argon_cation_thermo.py::test_every_electron_entry_in_this_database_prices_the_electron_at_zero
test/test_argon_cation_thermo.py::test_without_this_library_the_species_is_refused
test/test_argon_metastable_thermo.py::test_the_entry_is_the_1s5_level_and_says_so
test/test_argon_metastable_thermo.py::test_without_this_library_the_species_cannot_exist_at_all
test/test_argon_metastable_thermo.py::test_the_advertised_6000_K_now_survives_normal_processing
test/test_argon_metastable_thermo.py::test_the_estimate_arrives_as_an_ordinary_arrhenius_with_no_electron_temperature
  <string>:22405: DeprecationWarning: invalid escape sequence \D

test/test_argon_cation_buildtime.py::test_at_build_time_with_the_library_loaded_it_wins_over_group_additivity
test/test_argon_cation_buildtime.py::test_at_build_time_with_the_reference_deck_argon_is_refused_loudly
test/test_argon_cation_thermo.py::test_every_electron_entry_in_this_database_prices_the_electron_at_zero
test/test_argon_cation_thermo.py::test_without_this_library_the_species_is_refused
test/test_argon_metastable_thermo.py::test_the_entry_is_the_1s5_level_and_says_so
test/test_argon_metastable_thermo.py::test_without_this_library_the_species_cannot_exist_at_all
test/test_argon_metastable_thermo.py::test_the_advertised_6000_K_now_survives_normal_processing
test/test_argon_metastable_thermo.py::test_the_estimate_arrives_as_an_ordinary_arrhenius_with_no_electron_temperature
  <string>:22458: DeprecationWarning: invalid escape sequence \D

test/test_argon_cation_buildtime.py::test_at_build_time_with_the_library_loaded_it_wins_over_group_additivity
test/test_argon_cation_buildtime.py::test_at_build_time_with_the_reference_deck_argon_is_refused_loudly
test/test_argon_cation_thermo.py::test_every_electron_entry_in_this_database_prices_the_electron_at_zero
test/test_argon_cation_thermo.py::test_without_this_library_the_species_is_refused
test/test_argon_metastable_thermo.py::test_the_entry_is_the_1s5_level_and_says_so
test/test_argon_metastable_thermo.py::test_without_this_library_the_species_cannot_exist_at_all
test/test_argon_metastable_thermo.py::test_the_advertised_6000_K_now_survives_normal_processing
test/test_argon_metastable_thermo.py::test_the_estimate_arrives_as_an_ordinary_arrhenius_with_no_electron_temperature
  <string>:22486: DeprecationWarning: invalid escape sequence \D

test/test_argon_cation_buildtime.py::test_at_build_time_with_the_library_loaded_it_wins_over_group_additivity
test/test_argon_cation_buildtime.py::test_at_build_time_with_the_reference_deck_argon_is_refused_loudly
test/test_argon_cation_thermo.py::test_every_electron_entry_in_this_database_prices_the_electron_at_zero
test/test_argon_cation_thermo.py::test_without_this_library_the_species_is_refused
test/test_argon_metastable_thermo.py::test_the_entry_is_the_1s5_level_and_says_so
test/test_argon_metastable_thermo.py::test_without_this_library_the_species_cannot_exist_at_all
test/test_argon_metastable_thermo.py::test_the_advertised_6000_K_now_survives_normal_processing
test/test_argon_metastable_thermo.py::test_the_estimate_arrives_as_an_ordinary_arrhenius_with_no_electron_temperature
  <string>:22515: DeprecationWarning: invalid escape sequence \D

test/test_argon_cation_buildtime.py::test_at_build_time_with_the_library_loaded_it_wins_over_group_additivity
test/test_argon_cation_buildtime.py::test_at_build_time_with_the_reference_deck_argon_is_refused_loudly
test/test_argon_cation_thermo.py::test_every_electron_entry_in_this_database_prices_the_electron_at_zero
test/test_argon_cation_thermo.py::test_without_this_library_the_species_is_refused
test/test_argon_metastable_thermo.py::test_the_entry_is_the_1s5_level_and_says_so
test/test_argon_metastable_thermo.py::test_without_this_library_the_species_cannot_exist_at_all
test/test_argon_metastable_thermo.py::test_the_advertised_6000_K_now_survives_normal_processing
test/test_argon_metastable_thermo.py::test_the_estimate_arrives_as_an_ordinary_arrhenius_with_no_electron_temperature
  <string>:22545: DeprecationWarning: invalid escape sequence \D

test/test_argon_cation_buildtime.py::test_at_build_time_with_the_library_loaded_it_wins_over_group_additivity
test/test_argon_cation_buildtime.py::test_at_build_time_with_the_reference_deck_argon_is_refused_loudly
test/test_argon_cation_thermo.py::test_every_electron_entry_in_this_database_prices_the_electron_at_zero
test/test_argon_cation_thermo.py::test_without_this_library_the_species_is_refused
test/test_argon_metastable_thermo.py::test_the_entry_is_the_1s5_level_and_says_so
test/test_argon_metastable_thermo.py::test_without_this_library_the_species_cannot_exist_at_all
test/test_argon_metastable_thermo.py::test_the_advertised_6000_K_now_survives_normal_processing
test/test_argon_metastable_thermo.py::test_the_estimate_arrives_as_an_ordinary_arrhenius_with_no_electron_temperature
  <string>:22574: DeprecationWarning: invalid escape sequence \D

test/test_argon_cation_buildtime.py::test_at_build_time_with_the_library_loaded_it_wins_over_group_additivity
test/test_argon_cation_buildtime.py::test_at_build_time_with_the_reference_deck_argon_is_refused_loudly
test/test_argon_cation_thermo.py::test_every_electron_entry_in_this_database_prices_the_electron_at_zero
test/test_argon_cation_thermo.py::test_without_this_library_the_species_is_refused
test/test_argon_metastable_thermo.py::test_the_entry_is_the_1s5_level_and_says_so
test/test_argon_metastable_thermo.py::test_without_this_library_the_species_cannot_exist_at_all
test/test_argon_metastable_thermo.py::test_the_advertised_6000_K_now_survives_normal_processing
test/test_argon_metastable_thermo.py::test_the_estimate_arrives_as_an_ordinary_arrhenius_with_no_electron_temperature
  <string>:22602: DeprecationWarning: invalid escape sequence \D

test/test_argon_cation_buildtime.py::test_at_build_time_with_the_library_loaded_it_wins_over_group_additivity
test/test_argon_cation_buildtime.py::test_at_build_time_with_the_reference_deck_argon_is_refused_loudly
test/test_argon_cation_thermo.py::test_every_electron_entry_in_this_database_prices_the_electron_at_zero
test/test_argon_cation_thermo.py::test_without_this_library_the_species_is_refused
test/test_argon_metastable_thermo.py::test_the_entry_is_the_1s5_level_and_says_so
test/test_argon_metastable_thermo.py::test_without_this_library_the_species_cannot_exist_at_all
test/test_argon_metastable_thermo.py::test_the_advertised_6000_K_now_survives_normal_processing
test/test_argon_metastable_thermo.py::test_the_estimate_arrives_as_an_ordinary_arrhenius_with_no_electron_temperature
  <string>:22631: DeprecationWarning: invalid escape sequence \D

test/test_argon_cation_buildtime.py::test_at_build_time_with_the_library_loaded_it_wins_over_group_additivity
test/test_argon_cation_buildtime.py::test_at_build_time_with_the_reference_deck_argon_is_refused_loudly
test/test_argon_cation_thermo.py::test_every_electron_entry_in_this_database_prices_the_electron_at_zero
test/test_argon_cation_thermo.py::test_without_this_library_the_species_is_refused
test/test_argon_metastable_thermo.py::test_the_entry_is_the_1s5_level_and_says_so
test/test_argon_metastable_thermo.py::test_without_this_library_the_species_cannot_exist_at_all
test/test_argon_metastable_thermo.py::test_the_advertised_6000_K_now_survives_normal_processing
test/test_argon_metastable_thermo.py::test_the_estimate_arrives_as_an_ordinary_arrhenius_with_no_electron_temperature
  <string>:23066: DeprecationWarning: invalid escape sequence \D

test/test_argon_cation_buildtime.py::test_at_build_time_with_the_library_loaded_it_wins_over_group_additivity
test/test_argon_cation_buildtime.py::test_at_build_time_with_the_reference_deck_argon_is_refused_loudly
test/test_argon_cation_thermo.py::test_every_electron_entry_in_this_database_prices_the_electron_at_zero
test/test_argon_cation_thermo.py::test_without_this_library_the_species_is_refused
test/test_argon_metastable_thermo.py::test_the_entry_is_the_1s5_level_and_says_so
test/test_argon_metastable_thermo.py::test_without_this_library_the_species_cannot_exist_at_all
test/test_argon_metastable_thermo.py::test_the_advertised_6000_K_now_survives_normal_processing
test/test_argon_metastable_thermo.py::test_the_estimate_arrives_as_an_ordinary_arrhenius_with_no_electron_temperature
  <string>:23095: DeprecationWarning: invalid escape sequence \D

test/test_argon_cation_buildtime.py::test_at_build_time_with_the_library_loaded_it_wins_over_group_additivity
test/test_argon_cation_buildtime.py::test_at_build_time_with_the_reference_deck_argon_is_refused_loudly
test/test_argon_cation_thermo.py::test_every_electron_entry_in_this_database_prices_the_electron_at_zero
test/test_argon_cation_thermo.py::test_without_this_library_the_species_is_refused
test/test_argon_metastable_thermo.py::test_the_entry_is_the_1s5_level_and_says_so
test/test_argon_metastable_thermo.py::test_without_this_library_the_species_cannot_exist_at_all
test/test_argon_metastable_thermo.py::test_the_advertised_6000_K_now_survives_normal_processing
test/test_argon_metastable_thermo.py::test_the_estimate_arrives_as_an_ordinary_arrhenius_with_no_electron_temperature
  <string>:23125: DeprecationWarning: invalid escape sequence \D

test/test_argon_cation_buildtime.py::test_at_build_time_with_the_library_loaded_it_wins_over_group_additivity
test/test_argon_cation_buildtime.py::test_at_build_time_with_the_reference_deck_argon_is_refused_loudly
test/test_argon_cation_thermo.py::test_every_electron_entry_in_this_database_prices_the_electron_at_zero
test/test_argon_cation_thermo.py::test_without_this_library_the_species_is_refused
test/test_argon_metastable_thermo.py::test_the_entry_is_the_1s5_level_and_says_so
test/test_argon_metastable_thermo.py::test_without_this_library_the_species_cannot_exist_at_all
test/test_argon_metastable_thermo.py::test_the_advertised_6000_K_now_survives_normal_processing
test/test_argon_metastable_thermo.py::test_the_estimate_arrives_as_an_ordinary_arrhenius_with_no_electron_temperature
  <string>:23156: DeprecationWarning: invalid escape sequence \D

test/test_argon_cation_buildtime.py::test_at_build_time_with_the_library_loaded_it_wins_over_group_additivity
test/test_argon_cation_buildtime.py::test_at_build_time_with_the_reference_deck_argon_is_refused_loudly
test/test_argon_cation_thermo.py::test_every_electron_entry_in_this_database_prices_the_electron_at_zero
test/test_argon_cation_thermo.py::test_without_this_library_the_species_is_refused
test/test_argon_metastable_thermo.py::test_the_entry_is_the_1s5_level_and_says_so
test/test_argon_metastable_thermo.py::test_without_this_library_the_species_cannot_exist_at_all
test/test_argon_metastable_thermo.py::test_the_advertised_6000_K_now_survives_normal_processing
test/test_argon_metastable_thermo.py::test_the_estimate_arrives_as_an_ordinary_arrhenius_with_no_electron_temperature
  <string>:23186: DeprecationWarning: invalid escape sequence \D

test/test_argon_cation_buildtime.py::test_at_build_time_with_the_library_loaded_it_wins_over_group_additivity
test/test_argon_cation_buildtime.py::test_at_build_time_with_the_reference_deck_argon_is_refused_loudly
test/test_argon_cation_thermo.py::test_every_electron_entry_in_this_database_prices_the_electron_at_zero
test/test_argon_cation_thermo.py::test_without_this_library_the_species_is_refused
test/test_argon_metastable_thermo.py::test_the_entry_is_the_1s5_level_and_says_so
test/test_argon_metastable_thermo.py::test_without_this_library_the_species_cannot_exist_at_all
test/test_argon_metastable_thermo.py::test_the_advertised_6000_K_now_survives_normal_processing
test/test_argon_metastable_thermo.py::test_the_estimate_arrives_as_an_ordinary_arrhenius_with_no_electron_temperature
  <string>:23214: DeprecationWarning: invalid escape sequence \D

test/test_argon_cation_buildtime.py::test_at_build_time_with_the_library_loaded_it_wins_over_group_additivity
test/test_argon_cation_buildtime.py::test_at_build_time_with_the_reference_deck_argon_is_refused_loudly
test/test_argon_cation_thermo.py::test_every_electron_entry_in_this_database_prices_the_electron_at_zero
test/test_argon_cation_thermo.py::test_without_this_library_the_species_is_refused
test/test_argon_metastable_thermo.py::test_the_entry_is_the_1s5_level_and_says_so
test/test_argon_metastable_thermo.py::test_without_this_library_the_species_cannot_exist_at_all
test/test_argon_metastable_thermo.py::test_the_advertised_6000_K_now_survives_normal_processing
test/test_argon_metastable_thermo.py::test_the_estimate_arrives_as_an_ordinary_arrhenius_with_no_electron_temperature
  <string>:23242: DeprecationWarning: invalid escape sequence \D

test/test_argon_cation_buildtime.py::test_at_build_time_with_the_library_loaded_it_wins_over_group_additivity
test/test_argon_cation_buildtime.py::test_at_build_time_with_the_reference_deck_argon_is_refused_loudly
test/test_argon_cation_thermo.py::test_every_electron_entry_in_this_database_prices_the_electron_at_zero
test/test_argon_cation_thermo.py::test_without_this_library_the_species_is_refused
test/test_argon_metastable_thermo.py::test_the_entry_is_the_1s5_level_and_says_so
test/test_argon_metastable_thermo.py::test_without_this_library_the_species_cannot_exist_at_all
test/test_argon_metastable_thermo.py::test_the_advertised_6000_K_now_survives_normal_processing
test/test_argon_metastable_thermo.py::test_the_estimate_arrives_as_an_ordinary_arrhenius_with_no_electron_temperature
  <string>:23479: DeprecationWarning: invalid escape sequence \D

test/test_argon_cation_buildtime.py::test_at_build_time_with_the_library_loaded_it_wins_over_group_additivity
test/test_argon_cation_buildtime.py::test_at_build_time_with_the_reference_deck_argon_is_refused_loudly
test/test_argon_cation_thermo.py::test_every_electron_entry_in_this_database_prices_the_electron_at_zero
test/test_argon_cation_thermo.py::test_without_this_library_the_species_is_refused
test/test_argon_metastable_thermo.py::test_the_entry_is_the_1s5_level_and_says_so
test/test_argon_metastable_thermo.py::test_without_this_library_the_species_cannot_exist_at_all
test/test_argon_metastable_thermo.py::test_the_advertised_6000_K_now_survives_normal_processing
test/test_argon_metastable_thermo.py::test_the_estimate_arrives_as_an_ordinary_arrhenius_with_no_electron_temperature
  <string>:23508: DeprecationWarning: invalid escape sequence \D

test/test_argon_cation_buildtime.py::test_at_build_time_with_the_library_loaded_it_wins_over_group_additivity
test/test_argon_cation_buildtime.py::test_at_build_time_with_the_reference_deck_argon_is_refused_loudly
test/test_argon_cation_thermo.py::test_every_electron_entry_in_this_database_prices_the_electron_at_zero
test/test_argon_cation_thermo.py::test_without_this_library_the_species_is_refused
test/test_argon_metastable_thermo.py::test_the_entry_is_the_1s5_level_and_says_so
test/test_argon_metastable_thermo.py::test_without_this_library_the_species_cannot_exist_at_all
test/test_argon_metastable_thermo.py::test_the_advertised_6000_K_now_survives_normal_processing
test/test_argon_metastable_thermo.py::test_the_estimate_arrives_as_an_ordinary_arrhenius_with_no_electron_temperature
  <string>:23537: DeprecationWarning: invalid escape sequence \D

test/test_argon_cation_buildtime.py::test_at_build_time_with_the_library_loaded_it_wins_over_group_additivity
test/test_argon_cation_buildtime.py::test_at_build_time_with_the_reference_deck_argon_is_refused_loudly
test/test_argon_cation_thermo.py::test_every_electron_entry_in_this_database_prices_the_electron_at_zero
test/test_argon_cation_thermo.py::test_without_this_library_the_species_is_refused
test/test_argon_metastable_thermo.py::test_the_entry_is_the_1s5_level_and_says_so
test/test_argon_metastable_thermo.py::test_without_this_library_the_species_cannot_exist_at_all
test/test_argon_metastable_thermo.py::test_the_advertised_6000_K_now_survives_normal_processing
test/test_argon_metastable_thermo.py::test_the_estimate_arrives_as_an_ordinary_arrhenius_with_no_electron_temperature
  <string>:24531: DeprecationWarning: invalid escape sequence \D

test/test_argon_cation_buildtime.py::test_at_build_time_with_the_library_loaded_it_wins_over_group_additivity
test/test_argon_cation_buildtime.py::test_at_build_time_with_the_reference_deck_argon_is_refused_loudly
test/test_argon_cation_thermo.py::test_every_electron_entry_in_this_database_prices_the_electron_at_zero
test/test_argon_cation_thermo.py::test_without_this_library_the_species_is_refused
test/test_argon_metastable_thermo.py::test_the_entry_is_the_1s5_level_and_says_so
test/test_argon_metastable_thermo.py::test_without_this_library_the_species_cannot_exist_at_all
test/test_argon_metastable_thermo.py::test_the_advertised_6000_K_now_survives_normal_processing
test/test_argon_metastable_thermo.py::test_the_estimate_arrives_as_an_ordinary_arrhenius_with_no_electron_temperature
  <string>:24668: DeprecationWarning: invalid escape sequence \D

test/test_argon_cation_buildtime.py::test_at_build_time_with_the_library_loaded_it_wins_over_group_additivity
test/test_argon_cation_buildtime.py::test_at_build_time_with_the_reference_deck_argon_is_refused_loudly
test/test_argon_cation_thermo.py::test_every_electron_entry_in_this_database_prices_the_electron_at_zero
test/test_argon_cation_thermo.py::test_without_this_library_the_species_is_refused
test/test_argon_metastable_thermo.py::test_the_entry_is_the_1s5_level_and_says_so
test/test_argon_metastable_thermo.py::test_without_this_library_the_species_cannot_exist_at_all
test/test_argon_metastable_thermo.py::test_the_advertised_6000_K_now_survives_normal_processing
test/test_argon_metastable_thermo.py::test_the_estimate_arrives_as_an_ordinary_arrhenius_with_no_electron_temperature
  <string>:24742: DeprecationWarning: invalid escape sequence \D

test/test_argon_cation_buildtime.py::test_at_build_time_with_the_library_loaded_it_wins_over_group_additivity
test/test_argon_cation_buildtime.py::test_at_build_time_with_the_reference_deck_argon_is_refused_loudly
test/test_argon_cation_thermo.py::test_every_electron_entry_in_this_database_prices_the_electron_at_zero
test/test_argon_cation_thermo.py::test_without_this_library_the_species_is_refused
test/test_argon_metastable_thermo.py::test_the_entry_is_the_1s5_level_and_says_so
test/test_argon_metastable_thermo.py::test_without_this_library_the_species_cannot_exist_at_all
test/test_argon_metastable_thermo.py::test_the_advertised_6000_K_now_survives_normal_processing
test/test_argon_metastable_thermo.py::test_the_estimate_arrives_as_an_ordinary_arrhenius_with_no_electron_temperature
  <string>:24769: DeprecationWarning: invalid escape sequence \D

test/test_argon_cation_buildtime.py::test_at_build_time_with_the_library_loaded_it_wins_over_group_additivity
test/test_argon_cation_buildtime.py::test_at_build_time_with_the_reference_deck_argon_is_refused_loudly
test/test_argon_cation_thermo.py::test_every_electron_entry_in_this_database_prices_the_electron_at_zero
test/test_argon_cation_thermo.py::test_without_this_library_the_species_is_refused
test/test_argon_metastable_thermo.py::test_the_entry_is_the_1s5_level_and_says_so
test/test_argon_metastable_thermo.py::test_without_this_library_the_species_cannot_exist_at_all
test/test_argon_metastable_thermo.py::test_the_advertised_6000_K_now_survives_normal_processing
test/test_argon_metastable_thermo.py::test_the_estimate_arrives_as_an_ordinary_arrhenius_with_no_electron_temperature
  <string>:24798: DeprecationWarning: invalid escape sequence \D

test/test_argon_cation_buildtime.py::test_at_build_time_with_the_library_loaded_it_wins_over_group_additivity
test/test_argon_cation_buildtime.py::test_at_build_time_with_the_reference_deck_argon_is_refused_loudly
test/test_argon_cation_thermo.py::test_every_electron_entry_in_this_database_prices_the_electron_at_zero
test/test_argon_cation_thermo.py::test_without_this_library_the_species_is_refused
test/test_argon_metastable_thermo.py::test_the_entry_is_the_1s5_level_and_says_so
test/test_argon_metastable_thermo.py::test_without_this_library_the_species_cannot_exist_at_all
test/test_argon_metastable_thermo.py::test_the_advertised_6000_K_now_survives_normal_processing
test/test_argon_metastable_thermo.py::test_the_estimate_arrives_as_an_ordinary_arrhenius_with_no_electron_temperature
  <string>:26751: DeprecationWarning: invalid escape sequence \D

test/test_argon_cation_buildtime.py::test_at_build_time_with_the_library_loaded_it_wins_over_group_additivity
test/test_argon_cation_buildtime.py::test_at_build_time_with_the_reference_deck_argon_is_refused_loudly
test/test_argon_cation_thermo.py::test_every_electron_entry_in_this_database_prices_the_electron_at_zero
test/test_argon_cation_thermo.py::test_without_this_library_the_species_is_refused
test/test_argon_metastable_thermo.py::test_the_entry_is_the_1s5_level_and_says_so
test/test_argon_metastable_thermo.py::test_without_this_library_the_species_cannot_exist_at_all
test/test_argon_metastable_thermo.py::test_the_advertised_6000_K_now_survives_normal_processing
test/test_argon_metastable_thermo.py::test_the_estimate_arrives_as_an_ordinary_arrhenius_with_no_electron_temperature
  <string>:26779: DeprecationWarning: invalid escape sequence \D

test/test_argon_cation_buildtime.py::test_at_build_time_with_the_library_loaded_it_wins_over_group_additivity
test/test_argon_cation_buildtime.py::test_at_build_time_with_the_reference_deck_argon_is_refused_loudly
test/test_argon_cation_thermo.py::test_every_electron_entry_in_this_database_prices_the_electron_at_zero
test/test_argon_cation_thermo.py::test_without_this_library_the_species_is_refused
test/test_argon_metastable_thermo.py::test_the_entry_is_the_1s5_level_and_says_so
test/test_argon_metastable_thermo.py::test_without_this_library_the_species_cannot_exist_at_all
test/test_argon_metastable_thermo.py::test_the_advertised_6000_K_now_survives_normal_processing
test/test_argon_metastable_thermo.py::test_the_estimate_arrives_as_an_ordinary_arrhenius_with_no_electron_temperature
  <string>:33222: DeprecationWarning: invalid escape sequence \D

test/test_argon_cation_buildtime.py::test_at_build_time_with_the_library_loaded_it_wins_over_group_additivity
test/test_argon_cation_buildtime.py::test_at_build_time_with_the_reference_deck_argon_is_refused_loudly
test/test_argon_cation_thermo.py::test_every_electron_entry_in_this_database_prices_the_electron_at_zero
test/test_argon_cation_thermo.py::test_without_this_library_the_species_is_refused
test/test_argon_metastable_thermo.py::test_the_entry_is_the_1s5_level_and_says_so
test/test_argon_metastable_thermo.py::test_without_this_library_the_species_cannot_exist_at_all
test/test_argon_metastable_thermo.py::test_the_advertised_6000_K_now_survives_normal_processing
test/test_argon_metastable_thermo.py::test_the_estimate_arrives_as_an_ordinary_arrhenius_with_no_electron_temperature
  <string>:33684: DeprecationWarning: invalid escape sequence \D

test/test_argon_cation_buildtime.py::test_at_build_time_with_the_library_loaded_it_wins_over_group_additivity
test/test_argon_cation_buildtime.py::test_at_build_time_with_the_reference_deck_argon_is_refused_loudly
test/test_argon_cation_thermo.py::test_every_electron_entry_in_this_database_prices_the_electron_at_zero
test/test_argon_cation_thermo.py::test_without_this_library_the_species_is_refused
test/test_argon_metastable_thermo.py::test_the_entry_is_the_1s5_level_and_says_so
test/test_argon_metastable_thermo.py::test_without_this_library_the_species_cannot_exist_at_all
test/test_argon_metastable_thermo.py::test_the_advertised_6000_K_now_survives_normal_processing
test/test_argon_metastable_thermo.py::test_the_estimate_arrives_as_an_ordinary_arrhenius_with_no_electron_temperature
  <string>:33736: DeprecationWarning: invalid escape sequence \D

test/test_argon_cation_buildtime.py::test_at_build_time_with_the_library_loaded_it_wins_over_group_additivity
test/test_argon_cation_buildtime.py::test_at_build_time_with_the_reference_deck_argon_is_refused_loudly
test/test_argon_cation_thermo.py::test_every_electron_entry_in_this_database_prices_the_electron_at_zero
test/test_argon_cation_thermo.py::test_without_this_library_the_species_is_refused
test/test_argon_metastable_thermo.py::test_the_entry_is_the_1s5_level_and_says_so
test/test_argon_metastable_thermo.py::test_without_this_library_the_species_cannot_exist_at_all
test/test_argon_metastable_thermo.py::test_the_advertised_6000_K_now_survives_normal_processing
test/test_argon_metastable_thermo.py::test_the_estimate_arrives_as_an_ordinary_arrhenius_with_no_electron_temperature
  <string>:33780: DeprecationWarning: invalid escape sequence \D

test/test_argon_cation_buildtime.py::test_at_build_time_with_the_library_loaded_it_wins_over_group_additivity
test/test_argon_cation_buildtime.py::test_at_build_time_with_the_reference_deck_argon_is_refused_loudly
test/test_argon_cation_thermo.py::test_every_electron_entry_in_this_database_prices_the_electron_at_zero
test/test_argon_cation_thermo.py::test_without_this_library_the_species_is_refused
test/test_argon_metastable_thermo.py::test_the_entry_is_the_1s5_level_and_says_so
test/test_argon_metastable_thermo.py::test_without_this_library_the_species_cannot_exist_at_all
test/test_argon_metastable_thermo.py::test_the_advertised_6000_K_now_survives_normal_processing
test/test_argon_metastable_thermo.py::test_the_estimate_arrives_as_an_ordinary_arrhenius_with_no_electron_temperature
  <string>:34311: DeprecationWarning: invalid escape sequence \D

test/test_argon_cation_buildtime.py::test_at_build_time_with_the_library_loaded_it_wins_over_group_additivity
test/test_argon_cation_buildtime.py::test_at_build_time_with_the_reference_deck_argon_is_refused_loudly
test/test_argon_cation_thermo.py::test_every_electron_entry_in_this_database_prices_the_electron_at_zero
test/test_argon_cation_thermo.py::test_without_this_library_the_species_is_refused
test/test_argon_metastable_thermo.py::test_the_entry_is_the_1s5_level_and_says_so
test/test_argon_metastable_thermo.py::test_without_this_library_the_species_cannot_exist_at_all
test/test_argon_metastable_thermo.py::test_the_advertised_6000_K_now_survives_normal_processing
test/test_argon_metastable_thermo.py::test_the_estimate_arrives_as_an_ordinary_arrhenius_with_no_electron_temperature
  <string>:34339: DeprecationWarning: invalid escape sequence \D

test/test_argon_cation_buildtime.py::test_at_build_time_with_the_library_loaded_it_wins_over_group_additivity
test/test_argon_cation_buildtime.py::test_at_build_time_with_the_reference_deck_argon_is_refused_loudly
test/test_argon_cation_thermo.py::test_every_electron_entry_in_this_database_prices_the_electron_at_zero
test/test_argon_cation_thermo.py::test_without_this_library_the_species_is_refused
test/test_argon_metastable_thermo.py::test_the_entry_is_the_1s5_level_and_says_so
test/test_argon_metastable_thermo.py::test_without_this_library_the_species_cannot_exist_at_all
test/test_argon_metastable_thermo.py::test_the_advertised_6000_K_now_survives_normal_processing
test/test_argon_metastable_thermo.py::test_the_estimate_arrives_as_an_ordinary_arrhenius_with_no_electron_temperature
  <string>:34368: DeprecationWarning: invalid escape sequence \D

test/test_argon_cation_buildtime.py::test_at_build_time_with_the_library_loaded_it_wins_over_group_additivity
test/test_argon_cation_buildtime.py::test_at_build_time_with_the_reference_deck_argon_is_refused_loudly
test/test_argon_cation_thermo.py::test_every_electron_entry_in_this_database_prices_the_electron_at_zero
test/test_argon_cation_thermo.py::test_without_this_library_the_species_is_refused
test/test_argon_metastable_thermo.py::test_the_entry_is_the_1s5_level_and_says_so
test/test_argon_metastable_thermo.py::test_without_this_library_the_species_cannot_exist_at_all
test/test_argon_metastable_thermo.py::test_the_advertised_6000_K_now_survives_normal_processing
test/test_argon_metastable_thermo.py::test_the_estimate_arrives_as_an_ordinary_arrhenius_with_no_electron_temperature
  <string>:34817: DeprecationWarning: invalid escape sequence \D

test/test_argon_cation_buildtime.py::test_at_build_time_with_the_library_loaded_it_wins_over_group_additivity
test/test_argon_cation_buildtime.py::test_at_build_time_with_the_reference_deck_argon_is_refused_loudly
test/test_argon_cation_thermo.py::test_every_electron_entry_in_this_database_prices_the_electron_at_zero
test/test_argon_cation_thermo.py::test_without_this_library_the_species_is_refused
test/test_argon_metastable_thermo.py::test_the_entry_is_the_1s5_level_and_says_so
test/test_argon_metastable_thermo.py::test_without_this_library_the_species_cannot_exist_at_all
test/test_argon_metastable_thermo.py::test_the_advertised_6000_K_now_survives_normal_processing
test/test_argon_metastable_thermo.py::test_the_estimate_arrives_as_an_ordinary_arrhenius_with_no_electron_temperature
  <string>:34845: DeprecationWarning: invalid escape sequence \D

test/test_argon_cation_buildtime.py::test_at_build_time_with_the_library_loaded_it_wins_over_group_additivity
test/test_argon_cation_buildtime.py::test_at_build_time_with_the_reference_deck_argon_is_refused_loudly
test/test_argon_cation_thermo.py::test_every_electron_entry_in_this_database_prices_the_electron_at_zero
test/test_argon_cation_thermo.py::test_without_this_library_the_species_is_refused
test/test_argon_metastable_thermo.py::test_the_entry_is_the_1s5_level_and_says_so
test/test_argon_metastable_thermo.py::test_without_this_library_the_species_cannot_exist_at_all
test/test_argon_metastable_thermo.py::test_the_advertised_6000_K_now_survives_normal_processing
test/test_argon_metastable_thermo.py::test_the_estimate_arrives_as_an_ordinary_arrhenius_with_no_electron_temperature
  <string>:34938: DeprecationWarning: invalid escape sequence \D

test/test_argon_cation_buildtime.py::test_at_build_time_with_the_library_loaded_it_wins_over_group_additivity
test/test_argon_cation_buildtime.py::test_at_build_time_with_the_reference_deck_argon_is_refused_loudly
test/test_argon_cation_thermo.py::test_every_electron_entry_in_this_database_prices_the_electron_at_zero
test/test_argon_cation_thermo.py::test_without_this_library_the_species_is_refused
test/test_argon_metastable_thermo.py::test_the_entry_is_the_1s5_level_and_says_so
test/test_argon_metastable_thermo.py::test_without_this_library_the_species_cannot_exist_at_all
test/test_argon_metastable_thermo.py::test_the_advertised_6000_K_now_survives_normal_processing
test/test_argon_metastable_thermo.py::test_the_estimate_arrives_as_an_ordinary_arrhenius_with_no_electron_temperature
  <string>:35231: DeprecationWarning: invalid escape sequence \D

test/test_argon_cation_buildtime.py::test_at_build_time_with_the_library_loaded_it_wins_over_group_additivity
test/test_argon_cation_buildtime.py::test_at_build_time_with_the_reference_deck_argon_is_refused_loudly
test/test_argon_cation_thermo.py::test_every_electron_entry_in_this_database_prices_the_electron_at_zero
test/test_argon_cation_thermo.py::test_without_this_library_the_species_is_refused
test/test_argon_metastable_thermo.py::test_the_entry_is_the_1s5_level_and_says_so
test/test_argon_metastable_thermo.py::test_without_this_library_the_species_cannot_exist_at_all
test/test_argon_metastable_thermo.py::test_the_advertised_6000_K_now_survives_normal_processing
test/test_argon_metastable_thermo.py::test_the_estimate_arrives_as_an_ordinary_arrhenius_with_no_electron_temperature
  <string>:35330: DeprecationWarning: invalid escape sequence \D

test/test_argon_cation_buildtime.py::test_at_build_time_with_the_library_loaded_it_wins_over_group_additivity
test/test_argon_cation_buildtime.py::test_at_build_time_with_the_reference_deck_argon_is_refused_loudly
test/test_argon_cation_thermo.py::test_every_electron_entry_in_this_database_prices_the_electron_at_zero
test/test_argon_cation_thermo.py::test_without_this_library_the_species_is_refused
test/test_argon_metastable_thermo.py::test_the_entry_is_the_1s5_level_and_says_so
test/test_argon_metastable_thermo.py::test_without_this_library_the_species_cannot_exist_at_all
test/test_argon_metastable_thermo.py::test_the_advertised_6000_K_now_survives_normal_processing
test/test_argon_metastable_thermo.py::test_the_estimate_arrives_as_an_ordinary_arrhenius_with_no_electron_temperature
  <string>:35376: DeprecationWarning: invalid escape sequence \D

test/test_argon_cation_buildtime.py::test_at_build_time_with_the_library_loaded_it_wins_over_group_additivity
test/test_argon_cation_buildtime.py::test_at_build_time_with_the_reference_deck_argon_is_refused_loudly
test/test_argon_cation_thermo.py::test_every_electron_entry_in_this_database_prices_the_electron_at_zero
test/test_argon_cation_thermo.py::test_without_this_library_the_species_is_refused
test/test_argon_metastable_thermo.py::test_the_entry_is_the_1s5_level_and_says_so
test/test_argon_metastable_thermo.py::test_without_this_library_the_species_cannot_exist_at_all
test/test_argon_metastable_thermo.py::test_the_advertised_6000_K_now_survives_normal_processing
test/test_argon_metastable_thermo.py::test_the_estimate_arrives_as_an_ordinary_arrhenius_with_no_electron_temperature
  <string>:36210: DeprecationWarning: invalid escape sequence \D

test/test_argon_cation_buildtime.py::test_at_build_time_with_the_library_loaded_it_wins_over_group_additivity
test/test_argon_cation_buildtime.py::test_at_build_time_with_the_reference_deck_argon_is_refused_loudly
test/test_argon_cation_thermo.py::test_every_electron_entry_in_this_database_prices_the_electron_at_zero
test/test_argon_cation_thermo.py::test_without_this_library_the_species_is_refused
test/test_argon_metastable_thermo.py::test_the_entry_is_the_1s5_level_and_says_so
test/test_argon_metastable_thermo.py::test_without_this_library_the_species_cannot_exist_at_all
test/test_argon_metastable_thermo.py::test_the_advertised_6000_K_now_survives_normal_processing
test/test_argon_metastable_thermo.py::test_the_estimate_arrives_as_an_ordinary_arrhenius_with_no_electron_temperature
  <string>:36236: DeprecationWarning: invalid escape sequence \D

test/test_argon_cation_buildtime.py::test_at_build_time_with_the_library_loaded_it_wins_over_group_additivity
test/test_argon_cation_buildtime.py::test_at_build_time_with_the_reference_deck_argon_is_refused_loudly
test/test_argon_cation_thermo.py::test_every_electron_entry_in_this_database_prices_the_electron_at_zero
test/test_argon_cation_thermo.py::test_without_this_library_the_species_is_refused
test/test_argon_metastable_thermo.py::test_the_entry_is_the_1s5_level_and_says_so
test/test_argon_metastable_thermo.py::test_without_this_library_the_species_cannot_exist_at_all
test/test_argon_metastable_thermo.py::test_the_advertised_6000_K_now_survives_normal_processing
test/test_argon_metastable_thermo.py::test_the_estimate_arrives_as_an_ordinary_arrhenius_with_no_electron_temperature
  <string>:36783: DeprecationWarning: invalid escape sequence \D

test/test_argon_cation_buildtime.py::test_at_build_time_with_the_library_loaded_it_wins_over_group_additivity
test/test_argon_cation_buildtime.py::test_at_build_time_with_the_reference_deck_argon_is_refused_loudly
test/test_argon_cation_thermo.py::test_every_electron_entry_in_this_database_prices_the_electron_at_zero
test/test_argon_cation_thermo.py::test_without_this_library_the_species_is_refused
test/test_argon_metastable_thermo.py::test_the_entry_is_the_1s5_level_and_says_so
test/test_argon_metastable_thermo.py::test_without_this_library_the_species_cannot_exist_at_all
test/test_argon_metastable_thermo.py::test_the_advertised_6000_K_now_survives_normal_processing
test/test_argon_metastable_thermo.py::test_the_estimate_arrives_as_an_ordinary_arrhenius_with_no_electron_temperature
  <string>:37597: DeprecationWarning: invalid escape sequence \D

test/test_argon_cation_buildtime.py::test_at_build_time_with_the_library_loaded_it_wins_over_group_additivity
test/test_argon_cation_buildtime.py::test_at_build_time_with_the_reference_deck_argon_is_refused_loudly
test/test_argon_cation_thermo.py::test_every_electron_entry_in_this_database_prices_the_electron_at_zero
test/test_argon_cation_thermo.py::test_without_this_library_the_species_is_refused
test/test_argon_metastable_thermo.py::test_the_entry_is_the_1s5_level_and_says_so
test/test_argon_metastable_thermo.py::test_without_this_library_the_species_cannot_exist_at_all
test/test_argon_metastable_thermo.py::test_the_advertised_6000_K_now_survives_normal_processing
test/test_argon_metastable_thermo.py::test_the_estimate_arrives_as_an_ordinary_arrhenius_with_no_electron_temperature
  <string>:40266: DeprecationWarning: invalid escape sequence \D

test/test_argon_cation_buildtime.py::test_at_build_time_with_the_library_loaded_it_wins_over_group_additivity
test/test_argon_cation_buildtime.py::test_at_build_time_with_the_reference_deck_argon_is_refused_loudly
test/test_argon_cation_thermo.py::test_every_electron_entry_in_this_database_prices_the_electron_at_zero
test/test_argon_cation_thermo.py::test_without_this_library_the_species_is_refused
test/test_argon_metastable_thermo.py::test_the_entry_is_the_1s5_level_and_says_so
test/test_argon_metastable_thermo.py::test_without_this_library_the_species_cannot_exist_at_all
test/test_argon_metastable_thermo.py::test_the_advertised_6000_K_now_survives_normal_processing
test/test_argon_metastable_thermo.py::test_the_estimate_arrives_as_an_ordinary_arrhenius_with_no_electron_temperature
  <string>:40293: DeprecationWarning: invalid escape sequence \D

test/test_argon_cation_buildtime.py::test_at_build_time_with_the_library_loaded_it_wins_over_group_additivity
test/test_argon_cation_buildtime.py::test_at_build_time_with_the_reference_deck_argon_is_refused_loudly
test/test_argon_cation_thermo.py::test_every_electron_entry_in_this_database_prices_the_electron_at_zero
test/test_argon_cation_thermo.py::test_without_this_library_the_species_is_refused
test/test_argon_metastable_thermo.py::test_the_entry_is_the_1s5_level_and_says_so
test/test_argon_metastable_thermo.py::test_without_this_library_the_species_cannot_exist_at_all
test/test_argon_metastable_thermo.py::test_the_advertised_6000_K_now_survives_normal_processing
test/test_argon_metastable_thermo.py::test_the_estimate_arrives_as_an_ordinary_arrhenius_with_no_electron_temperature
  <string>:40321: DeprecationWarning: invalid escape sequence \D

test/test_argon_cation_buildtime.py::test_at_build_time_with_the_library_loaded_it_wins_over_group_additivity
test/test_argon_cation_buildtime.py::test_at_build_time_with_the_reference_deck_argon_is_refused_loudly
test/test_argon_cation_thermo.py::test_every_electron_entry_in_this_database_prices_the_electron_at_zero
test/test_argon_cation_thermo.py::test_without_this_library_the_species_is_refused
test/test_argon_metastable_thermo.py::test_the_entry_is_the_1s5_level_and_says_so
test/test_argon_metastable_thermo.py::test_without_this_library_the_species_cannot_exist_at_all
test/test_argon_metastable_thermo.py::test_the_advertised_6000_K_now_survives_normal_processing
test/test_argon_metastable_thermo.py::test_the_estimate_arrives_as_an_ordinary_arrhenius_with_no_electron_temperature
  <string>:40350: DeprecationWarning: invalid escape sequence \D

test/test_argon_cation_buildtime.py::test_at_build_time_with_the_library_loaded_it_wins_over_group_additivity
test/test_argon_cation_buildtime.py::test_at_build_time_with_the_reference_deck_argon_is_refused_loudly
test/test_argon_cation_thermo.py::test_every_electron_entry_in_this_database_prices_the_electron_at_zero
test/test_argon_cation_thermo.py::test_without_this_library_the_species_is_refused
test/test_argon_metastable_thermo.py::test_the_entry_is_the_1s5_level_and_says_so
test/test_argon_metastable_thermo.py::test_without_this_library_the_species_cannot_exist_at_all
test/test_argon_metastable_thermo.py::test_the_advertised_6000_K_now_survives_normal_processing
test/test_argon_metastable_thermo.py::test_the_estimate_arrives_as_an_ordinary_arrhenius_with_no_electron_temperature
  <string>:40378: DeprecationWarning: invalid escape sequence \D

test/test_argon_cation_buildtime.py::test_at_build_time_with_the_library_loaded_it_wins_over_group_additivity
test/test_argon_cation_buildtime.py::test_at_build_time_with_the_reference_deck_argon_is_refused_loudly
test/test_argon_cation_thermo.py::test_every_electron_entry_in_this_database_prices_the_electron_at_zero
test/test_argon_cation_thermo.py::test_without_this_library_the_species_is_refused
test/test_argon_metastable_thermo.py::test_the_entry_is_the_1s5_level_and_says_so
test/test_argon_metastable_thermo.py::test_without_this_library_the_species_cannot_exist_at_all
test/test_argon_metastable_thermo.py::test_the_advertised_6000_K_now_survives_normal_processing
test/test_argon_metastable_thermo.py::test_the_estimate_arrives_as_an_ordinary_arrhenius_with_no_electron_temperature
  <string>:40405: DeprecationWarning: invalid escape sequence \D

test/test_argon_cation_buildtime.py::test_at_build_time_with_the_library_loaded_it_wins_over_group_additivity
test/test_argon_cation_buildtime.py::test_at_build_time_with_the_reference_deck_argon_is_refused_loudly
test/test_argon_cation_thermo.py::test_every_electron_entry_in_this_database_prices_the_electron_at_zero
test/test_argon_cation_thermo.py::test_without_this_library_the_species_is_refused
test/test_argon_metastable_thermo.py::test_the_entry_is_the_1s5_level_and_says_so
test/test_argon_metastable_thermo.py::test_without_this_library_the_species_cannot_exist_at_all
test/test_argon_metastable_thermo.py::test_the_advertised_6000_K_now_survives_normal_processing
test/test_argon_metastable_thermo.py::test_the_estimate_arrives_as_an_ordinary_arrhenius_with_no_electron_temperature
  <string>:40433: DeprecationWarning: invalid escape sequence \D

test/test_argon_cation_buildtime.py::test_at_build_time_with_the_library_loaded_it_wins_over_group_additivity
test/test_argon_cation_buildtime.py::test_at_build_time_with_the_reference_deck_argon_is_refused_loudly
test/test_argon_cation_thermo.py::test_every_electron_entry_in_this_database_prices_the_electron_at_zero
test/test_argon_cation_thermo.py::test_without_this_library_the_species_is_refused
test/test_argon_metastable_thermo.py::test_the_entry_is_the_1s5_level_and_says_so
test/test_argon_metastable_thermo.py::test_without_this_library_the_species_cannot_exist_at_all
test/test_argon_metastable_thermo.py::test_the_advertised_6000_K_now_survives_normal_processing
test/test_argon_metastable_thermo.py::test_the_estimate_arrives_as_an_ordinary_arrhenius_with_no_electron_temperature
  <string>:40458: DeprecationWarning: invalid escape sequence \D

test/test_argon_cation_buildtime.py::test_at_build_time_with_the_library_loaded_it_wins_over_group_additivity
test/test_argon_cation_buildtime.py::test_at_build_time_with_the_reference_deck_argon_is_refused_loudly
test/test_argon_cation_thermo.py::test_every_electron_entry_in_this_database_prices_the_electron_at_zero
test/test_argon_cation_thermo.py::test_without_this_library_the_species_is_refused
test/test_argon_metastable_thermo.py::test_the_entry_is_the_1s5_level_and_says_so
test/test_argon_metastable_thermo.py::test_without_this_library_the_species_cannot_exist_at_all
test/test_argon_metastable_thermo.py::test_the_advertised_6000_K_now_survives_normal_processing
test/test_argon_metastable_thermo.py::test_the_estimate_arrives_as_an_ordinary_arrhenius_with_no_electron_temperature
  <string>:40484: DeprecationWarning: invalid escape sequence \D

test/test_argon_cation_buildtime.py::test_at_build_time_with_the_library_loaded_it_wins_over_group_additivity
test/test_argon_cation_buildtime.py::test_at_build_time_with_the_reference_deck_argon_is_refused_loudly
test/test_argon_cation_thermo.py::test_every_electron_entry_in_this_database_prices_the_electron_at_zero
test/test_argon_cation_thermo.py::test_without_this_library_the_species_is_refused
test/test_argon_metastable_thermo.py::test_the_entry_is_the_1s5_level_and_says_so
test/test_argon_metastable_thermo.py::test_without_this_library_the_species_cannot_exist_at_all
test/test_argon_metastable_thermo.py::test_the_advertised_6000_K_now_survives_normal_processing
test/test_argon_metastable_thermo.py::test_the_estimate_arrives_as_an_ordinary_arrhenius_with_no_electron_temperature
  <string>:40511: DeprecationWarning: invalid escape sequence \D

test/test_argon_cation_buildtime.py::test_at_build_time_with_the_library_loaded_it_wins_over_group_additivity
test/test_argon_cation_buildtime.py::test_at_build_time_with_the_reference_deck_argon_is_refused_loudly
test/test_argon_cation_thermo.py::test_every_electron_entry_in_this_database_prices_the_electron_at_zero
test/test_argon_cation_thermo.py::test_without_this_library_the_species_is_refused
test/test_argon_metastable_thermo.py::test_the_entry_is_the_1s5_level_and_says_so
test/test_argon_metastable_thermo.py::test_without_this_library_the_species_cannot_exist_at_all
test/test_argon_metastable_thermo.py::test_the_advertised_6000_K_now_survives_normal_processing
test/test_argon_metastable_thermo.py::test_the_estimate_arrives_as_an_ordinary_arrhenius_with_no_electron_temperature
  <string>:40537: DeprecationWarning: invalid escape sequence \D

test/test_argon_cation_buildtime.py::test_at_build_time_with_the_library_loaded_it_wins_over_group_additivity
test/test_argon_cation_buildtime.py::test_at_build_time_with_the_reference_deck_argon_is_refused_loudly
test/test_argon_cation_thermo.py::test_every_electron_entry_in_this_database_prices_the_electron_at_zero
test/test_argon_cation_thermo.py::test_without_this_library_the_species_is_refused
test/test_argon_metastable_thermo.py::test_the_entry_is_the_1s5_level_and_says_so
test/test_argon_metastable_thermo.py::test_without_this_library_the_species_cannot_exist_at_all
test/test_argon_metastable_thermo.py::test_the_advertised_6000_K_now_survives_normal_processing
test/test_argon_metastable_thermo.py::test_the_estimate_arrives_as_an_ordinary_arrhenius_with_no_electron_temperature
  <string>:41052: DeprecationWarning: invalid escape sequence \D

test/test_argon_cation_buildtime.py::test_at_build_time_with_the_library_loaded_it_wins_over_group_additivity
test/test_argon_cation_buildtime.py::test_at_build_time_with_the_reference_deck_argon_is_refused_loudly
test/test_argon_cation_thermo.py::test_every_electron_entry_in_this_database_prices_the_electron_at_zero
test/test_argon_cation_thermo.py::test_without_this_library_the_species_is_refused
test/test_argon_metastable_thermo.py::test_the_entry_is_the_1s5_level_and_says_so
test/test_argon_metastable_thermo.py::test_without_this_library_the_species_cannot_exist_at_all
test/test_argon_metastable_thermo.py::test_the_advertised_6000_K_now_survives_normal_processing
test/test_argon_metastable_thermo.py::test_the_estimate_arrives_as_an_ordinary_arrhenius_with_no_electron_temperature
  <string>:41160: DeprecationWarning: invalid escape sequence \D

test/test_argon_cation_buildtime.py::test_at_build_time_with_the_library_loaded_it_wins_over_group_additivity
test/test_argon_cation_buildtime.py::test_at_build_time_with_the_reference_deck_argon_is_refused_loudly
test/test_argon_cation_thermo.py::test_every_electron_entry_in_this_database_prices_the_electron_at_zero
test/test_argon_cation_thermo.py::test_without_this_library_the_species_is_refused
test/test_argon_metastable_thermo.py::test_the_entry_is_the_1s5_level_and_says_so
test/test_argon_metastable_thermo.py::test_without_this_library_the_species_cannot_exist_at_all
test/test_argon_metastable_thermo.py::test_the_advertised_6000_K_now_survives_normal_processing
test/test_argon_metastable_thermo.py::test_the_estimate_arrives_as_an_ordinary_arrhenius_with_no_electron_temperature
  <string>:41225: DeprecationWarning: invalid escape sequence \D

test/test_argon_cation_buildtime.py::test_at_build_time_with_the_library_loaded_it_wins_over_group_additivity
test/test_argon_cation_buildtime.py::test_at_build_time_with_the_reference_deck_argon_is_refused_loudly
test/test_argon_cation_thermo.py::test_every_electron_entry_in_this_database_prices_the_electron_at_zero
test/test_argon_cation_thermo.py::test_without_this_library_the_species_is_refused
test/test_argon_metastable_thermo.py::test_the_entry_is_the_1s5_level_and_says_so
test/test_argon_metastable_thermo.py::test_without_this_library_the_species_cannot_exist_at_all
test/test_argon_metastable_thermo.py::test_the_advertised_6000_K_now_survives_normal_processing
test/test_argon_metastable_thermo.py::test_the_estimate_arrives_as_an_ordinary_arrhenius_with_no_electron_temperature
  <string>:41874: DeprecationWarning: invalid escape sequence \D

test/test_argon_cation_buildtime.py::test_at_build_time_with_the_library_loaded_it_wins_over_group_additivity
test/test_argon_cation_buildtime.py::test_at_build_time_with_the_reference_deck_argon_is_refused_loudly
test/test_argon_cation_thermo.py::test_every_electron_entry_in_this_database_prices_the_electron_at_zero
test/test_argon_cation_thermo.py::test_without_this_library_the_species_is_refused
test/test_argon_metastable_thermo.py::test_the_entry_is_the_1s5_level_and_says_so
test/test_argon_metastable_thermo.py::test_without_this_library_the_species_cannot_exist_at_all
test/test_argon_metastable_thermo.py::test_the_advertised_6000_K_now_survives_normal_processing
test/test_argon_metastable_thermo.py::test_the_estimate_arrives_as_an_ordinary_arrhenius_with_no_electron_temperature
  <string>:44422: DeprecationWarning: invalid escape sequence \D

test/test_argon_cation_buildtime.py::test_at_build_time_with_the_library_loaded_it_wins_over_group_additivity
test/test_argon_cation_buildtime.py::test_at_build_time_with_the_reference_deck_argon_is_refused_loudly
test/test_argon_cation_thermo.py::test_every_electron_entry_in_this_database_prices_the_electron_at_zero
test/test_argon_cation_thermo.py::test_without_this_library_the_species_is_refused
test/test_argon_metastable_thermo.py::test_the_entry_is_the_1s5_level_and_says_so
test/test_argon_metastable_thermo.py::test_without_this_library_the_species_cannot_exist_at_all
test/test_argon_metastable_thermo.py::test_the_advertised_6000_K_now_survives_normal_processing
test/test_argon_metastable_thermo.py::test_the_estimate_arrives_as_an_ordinary_arrhenius_with_no_electron_temperature
  <string>:44449: DeprecationWarning: invalid escape sequence \D

test/test_argon_cation_buildtime.py::test_at_build_time_with_the_library_loaded_it_wins_over_group_additivity
test/test_argon_cation_buildtime.py::test_at_build_time_with_the_reference_deck_argon_is_refused_loudly
test/test_argon_cation_thermo.py::test_every_electron_entry_in_this_database_prices_the_electron_at_zero
test/test_argon_cation_thermo.py::test_without_this_library_the_species_is_refused
test/test_argon_metastable_thermo.py::test_the_entry_is_the_1s5_level_and_says_so
test/test_argon_metastable_thermo.py::test_without_this_library_the_species_cannot_exist_at_all
test/test_argon_metastable_thermo.py::test_the_advertised_6000_K_now_survives_normal_processing
test/test_argon_metastable_thermo.py::test_the_estimate_arrives_as_an_ordinary_arrhenius_with_no_electron_temperature
  <string>:44476: DeprecationWarning: invalid escape sequence \D

test/test_argon_cation_buildtime.py::test_at_build_time_with_the_library_loaded_it_wins_over_group_additivity
test/test_argon_cation_buildtime.py::test_at_build_time_with_the_reference_deck_argon_is_refused_loudly
test/test_argon_cation_thermo.py::test_every_electron_entry_in_this_database_prices_the_electron_at_zero
test/test_argon_cation_thermo.py::test_without_this_library_the_species_is_refused
test/test_argon_metastable_thermo.py::test_the_entry_is_the_1s5_level_and_says_so
test/test_argon_metastable_thermo.py::test_without_this_library_the_species_cannot_exist_at_all
test/test_argon_metastable_thermo.py::test_the_advertised_6000_K_now_survives_normal_processing
test/test_argon_metastable_thermo.py::test_the_estimate_arrives_as_an_ordinary_arrhenius_with_no_electron_temperature
  <string>:49272: DeprecationWarning: invalid escape sequence \D

test/test_argon_cation_buildtime.py::test_at_build_time_with_the_library_loaded_it_wins_over_group_additivity
test/test_argon_cation_buildtime.py::test_at_build_time_with_the_reference_deck_argon_is_refused_loudly
test/test_argon_cation_thermo.py::test_every_electron_entry_in_this_database_prices_the_electron_at_zero
test/test_argon_cation_thermo.py::test_without_this_library_the_species_is_refused
test/test_argon_metastable_thermo.py::test_the_entry_is_the_1s5_level_and_says_so
test/test_argon_metastable_thermo.py::test_without_this_library_the_species_cannot_exist_at_all
test/test_argon_metastable_thermo.py::test_the_advertised_6000_K_now_survives_normal_processing
test/test_argon_metastable_thermo.py::test_the_estimate_arrives_as_an_ordinary_arrhenius_with_no_electron_temperature
  <string>:50344: DeprecationWarning: invalid escape sequence \D

test/test_argon_cation_buildtime.py::test_at_build_time_with_the_library_loaded_it_wins_over_group_additivity
test/test_argon_cation_buildtime.py::test_at_build_time_with_the_reference_deck_argon_is_refused_loudly
test/test_argon_cation_thermo.py::test_every_electron_entry_in_this_database_prices_the_electron_at_zero
test/test_argon_cation_thermo.py::test_without_this_library_the_species_is_refused
test/test_argon_metastable_thermo.py::test_the_entry_is_the_1s5_level_and_says_so
test/test_argon_metastable_thermo.py::test_without_this_library_the_species_cannot_exist_at_all
test/test_argon_metastable_thermo.py::test_the_advertised_6000_K_now_survives_normal_processing
test/test_argon_metastable_thermo.py::test_the_estimate_arrives_as_an_ordinary_arrhenius_with_no_electron_temperature
  <string>:50369: DeprecationWarning: invalid escape sequence \D

test/test_argon_cation_buildtime.py::test_at_build_time_with_the_library_loaded_it_wins_over_group_additivity
test/test_argon_cation_buildtime.py::test_at_build_time_with_the_reference_deck_argon_is_refused_loudly
test/test_argon_cation_thermo.py::test_every_electron_entry_in_this_database_prices_the_electron_at_zero
test/test_argon_cation_thermo.py::test_without_this_library_the_species_is_refused
test/test_argon_metastable_thermo.py::test_the_entry_is_the_1s5_level_and_says_so
test/test_argon_metastable_thermo.py::test_without_this_library_the_species_cannot_exist_at_all
test/test_argon_metastable_thermo.py::test_the_advertised_6000_K_now_survives_normal_processing
test/test_argon_metastable_thermo.py::test_the_estimate_arrives_as_an_ordinary_arrhenius_with_no_electron_temperature
  <string>:50397: DeprecationWarning: invalid escape sequence \D

test/test_argon_cation_buildtime.py::test_at_build_time_with_the_library_loaded_it_wins_over_group_additivity
test/test_argon_cation_buildtime.py::test_at_build_time_with_the_reference_deck_argon_is_refused_loudly
test/test_argon_cation_thermo.py::test_every_electron_entry_in_this_database_prices_the_electron_at_zero
test/test_argon_cation_thermo.py::test_without_this_library_the_species_is_refused
test/test_argon_metastable_thermo.py::test_the_entry_is_the_1s5_level_and_says_so
test/test_argon_metastable_thermo.py::test_without_this_library_the_species_cannot_exist_at_all
test/test_argon_metastable_thermo.py::test_the_advertised_6000_K_now_survives_normal_processing
test/test_argon_metastable_thermo.py::test_the_estimate_arrives_as_an_ordinary_arrhenius_with_no_electron_temperature
  <string>:50424: DeprecationWarning: invalid escape sequence \D

test/test_argon_cation_buildtime.py::test_at_build_time_with_the_library_loaded_it_wins_over_group_additivity
test/test_argon_cation_buildtime.py::test_at_build_time_with_the_reference_deck_argon_is_refused_loudly
test/test_argon_cation_thermo.py::test_every_electron_entry_in_this_database_prices_the_electron_at_zero
test/test_argon_cation_thermo.py::test_without_this_library_the_species_is_refused
test/test_argon_metastable_thermo.py::test_the_entry_is_the_1s5_level_and_says_so
test/test_argon_metastable_thermo.py::test_without_this_library_the_species_cannot_exist_at_all
test/test_argon_metastable_thermo.py::test_the_advertised_6000_K_now_survives_normal_processing
test/test_argon_metastable_thermo.py::test_the_estimate_arrives_as_an_ordinary_arrhenius_with_no_electron_temperature
  <string>:50450: DeprecationWarning: invalid escape sequence \D

test/test_argon_cation_buildtime.py::test_at_build_time_with_the_library_loaded_it_wins_over_group_additivity
test/test_argon_cation_buildtime.py::test_at_build_time_with_the_reference_deck_argon_is_refused_loudly
test/test_argon_cation_thermo.py::test_every_electron_entry_in_this_database_prices_the_electron_at_zero
test/test_argon_cation_thermo.py::test_without_this_library_the_species_is_refused
test/test_argon_metastable_thermo.py::test_the_entry_is_the_1s5_level_and_says_so
test/test_argon_metastable_thermo.py::test_without_this_library_the_species_cannot_exist_at_all
test/test_argon_metastable_thermo.py::test_the_advertised_6000_K_now_survives_normal_processing
test/test_argon_metastable_thermo.py::test_the_estimate_arrives_as_an_ordinary_arrhenius_with_no_electron_temperature
  <string>:50610: DeprecationWarning: invalid escape sequence \D

test/test_argon_cation_buildtime.py::test_at_build_time_with_the_library_loaded_it_wins_over_group_additivity
test/test_argon_cation_buildtime.py::test_at_build_time_with_the_reference_deck_argon_is_refused_loudly
test/test_argon_cation_thermo.py::test_every_electron_entry_in_this_database_prices_the_electron_at_zero
test/test_argon_cation_thermo.py::test_without_this_library_the_species_is_refused
test/test_argon_metastable_thermo.py::test_the_entry_is_the_1s5_level_and_says_so
test/test_argon_metastable_thermo.py::test_without_this_library_the_species_cannot_exist_at_all
test/test_argon_metastable_thermo.py::test_the_advertised_6000_K_now_survives_normal_processing
test/test_argon_metastable_thermo.py::test_the_estimate_arrives_as_an_ordinary_arrhenius_with_no_electron_temperature
  <string>:50636: DeprecationWarning: invalid escape sequence \D

test/test_argon_cation_buildtime.py::test_at_build_time_with_the_library_loaded_it_wins_over_group_additivity
test/test_argon_cation_buildtime.py::test_at_build_time_with_the_reference_deck_argon_is_refused_loudly
test/test_argon_cation_thermo.py::test_every_electron_entry_in_this_database_prices_the_electron_at_zero
test/test_argon_cation_thermo.py::test_without_this_library_the_species_is_refused
test/test_argon_metastable_thermo.py::test_the_entry_is_the_1s5_level_and_says_so
test/test_argon_metastable_thermo.py::test_without_this_library_the_species_cannot_exist_at_all
test/test_argon_metastable_thermo.py::test_the_advertised_6000_K_now_survives_normal_processing
test/test_argon_metastable_thermo.py::test_the_estimate_arrives_as_an_ordinary_arrhenius_with_no_electron_temperature
  <string>:50663: DeprecationWarning: invalid escape sequence \D

test/test_argon_cation_buildtime.py::test_at_build_time_with_the_library_loaded_it_wins_over_group_additivity
test/test_argon_cation_buildtime.py::test_at_build_time_with_the_reference_deck_argon_is_refused_loudly
test/test_argon_cation_thermo.py::test_every_electron_entry_in_this_database_prices_the_electron_at_zero
test/test_argon_cation_thermo.py::test_without_this_library_the_species_is_refused
test/test_argon_metastable_thermo.py::test_the_entry_is_the_1s5_level_and_says_so
test/test_argon_metastable_thermo.py::test_without_this_library_the_species_cannot_exist_at_all
test/test_argon_metastable_thermo.py::test_the_advertised_6000_K_now_survives_normal_processing
test/test_argon_metastable_thermo.py::test_the_estimate_arrives_as_an_ordinary_arrhenius_with_no_electron_temperature
  <string>:50689: DeprecationWarning: invalid escape sequence \D

test/test_argon_cation_buildtime.py::test_at_build_time_with_the_library_loaded_it_wins_over_group_additivity
test/test_argon_cation_buildtime.py::test_at_build_time_with_the_reference_deck_argon_is_refused_loudly
test/test_argon_cation_thermo.py::test_every_electron_entry_in_this_database_prices_the_electron_at_zero
test/test_argon_cation_thermo.py::test_without_this_library_the_species_is_refused
test/test_argon_metastable_thermo.py::test_the_entry_is_the_1s5_level_and_says_so
test/test_argon_metastable_thermo.py::test_without_this_library_the_species_cannot_exist_at_all
test/test_argon_metastable_thermo.py::test_the_advertised_6000_K_now_survives_normal_processing
test/test_argon_metastable_thermo.py::test_the_estimate_arrives_as_an_ordinary_arrhenius_with_no_electron_temperature
  <string>:50716: DeprecationWarning: invalid escape sequence \D

test/test_argon_cation_buildtime.py::test_at_build_time_with_the_library_loaded_it_wins_over_group_additivity
test/test_argon_cation_buildtime.py::test_at_build_time_with_the_reference_deck_argon_is_refused_loudly
test/test_argon_cation_thermo.py::test_every_electron_entry_in_this_database_prices_the_electron_at_zero
test/test_argon_cation_thermo.py::test_without_this_library_the_species_is_refused
test/test_argon_metastable_thermo.py::test_the_entry_is_the_1s5_level_and_says_so
test/test_argon_metastable_thermo.py::test_without_this_library_the_species_cannot_exist_at_all
test/test_argon_metastable_thermo.py::test_the_advertised_6000_K_now_survives_normal_processing
test/test_argon_metastable_thermo.py::test_the_estimate_arrives_as_an_ordinary_arrhenius_with_no_electron_temperature
  <string>:50984: DeprecationWarning: invalid escape sequence \D

test/test_argon_cation_buildtime.py::test_at_build_time_with_the_library_loaded_it_wins_over_group_additivity
test/test_argon_cation_buildtime.py::test_at_build_time_with_the_reference_deck_argon_is_refused_loudly
test/test_argon_cation_thermo.py::test_every_electron_entry_in_this_database_prices_the_electron_at_zero
test/test_argon_cation_thermo.py::test_without_this_library_the_species_is_refused
test/test_argon_metastable_thermo.py::test_the_entry_is_the_1s5_level_and_says_so
test/test_argon_metastable_thermo.py::test_without_this_library_the_species_cannot_exist_at_all
test/test_argon_metastable_thermo.py::test_the_advertised_6000_K_now_survives_normal_processing
test/test_argon_metastable_thermo.py::test_the_estimate_arrives_as_an_ordinary_arrhenius_with_no_electron_temperature
  <string>:51613: DeprecationWarning: invalid escape sequence \D

test/test_argon_cation_buildtime.py::test_at_build_time_with_the_library_loaded_it_wins_over_group_additivity
test/test_argon_cation_buildtime.py::test_at_build_time_with_the_reference_deck_argon_is_refused_loudly
test/test_argon_cation_thermo.py::test_every_electron_entry_in_this_database_prices_the_electron_at_zero
test/test_argon_cation_thermo.py::test_without_this_library_the_species_is_refused
test/test_argon_metastable_thermo.py::test_the_entry_is_the_1s5_level_and_says_so
test/test_argon_metastable_thermo.py::test_without_this_library_the_species_cannot_exist_at_all
test/test_argon_metastable_thermo.py::test_the_advertised_6000_K_now_survives_normal_processing
test/test_argon_metastable_thermo.py::test_the_estimate_arrives_as_an_ordinary_arrhenius_with_no_electron_temperature
  <string>:51732: DeprecationWarning: invalid escape sequence \D

test/test_argon_cation_buildtime.py::test_at_build_time_with_the_library_loaded_it_wins_over_group_additivity
test/test_argon_cation_buildtime.py::test_at_build_time_with_the_reference_deck_argon_is_refused_loudly
test/test_argon_cation_thermo.py::test_every_electron_entry_in_this_database_prices_the_electron_at_zero
test/test_argon_cation_thermo.py::test_without_this_library_the_species_is_refused
test/test_argon_metastable_thermo.py::test_the_entry_is_the_1s5_level_and_says_so
test/test_argon_metastable_thermo.py::test_without_this_library_the_species_cannot_exist_at_all
test/test_argon_metastable_thermo.py::test_the_advertised_6000_K_now_survives_normal_processing
test/test_argon_metastable_thermo.py::test_the_estimate_arrives_as_an_ordinary_arrhenius_with_no_electron_temperature
  <string>:51756: DeprecationWarning: invalid escape sequence \D

test/test_argon_metastable_thermo.py::test_the_advertised_6000_K_now_survives_normal_processing
test/test_argon_metastable_thermo.py::test_the_estimate_arrives_as_an_ordinary_arrhenius_with_no_electron_temperature
  <string>:5425: DeprecationWarning: invalid escape sequence \C

test/test_argon_metastable_thermo.py::test_the_advertised_6000_K_now_survives_normal_processing
test/test_argon_metastable_thermo.py::test_the_estimate_arrives_as_an_ordinary_arrhenius_with_no_electron_temperature
  <string>:6531: DeprecationWarning: invalid escape sequence \C

test/test_argon_metastable_thermo.py::test_being_a_nasa_is_not_enough_the_library_comment_is_the_gate
  /home/alon/anaconda3/envs/rmg_env/lib/python3.9/site-packages/scipy/optimize/_optimize.py:2322: LinAlgWarning: Ill-conditioned matrix (rcond=9.78829e-18): result may not be accurate.
    fu = func(x, *args)

test/test_argon_metastable_thermo.py::test_being_a_nasa_is_not_enough_the_library_comment_is_the_gate
  /home/alon/anaconda3/envs/rmg_env/lib/python3.9/site-packages/scipy/optimize/_optimize.py:2322: LinAlgWarning: Ill-conditioned matrix (rcond=8.30526e-20): result may not be accurate.
    fu = func(x, *args)

test/test_argon_metastable_thermo.py::test_being_a_nasa_is_not_enough_the_library_comment_is_the_gate
  /home/alon/anaconda3/envs/rmg_env/lib/python3.9/site-packages/scipy/optimize/_optimize.py:2322: LinAlgWarning: Ill-conditioned matrix (rcond=1.38146e-20): result may not be accurate.
    fu = func(x, *args)

test/test_argon_metastable_thermo.py::test_being_a_nasa_is_not_enough_the_library_comment_is_the_gate
  /home/alon/anaconda3/envs/rmg_env/lib/python3.9/site-packages/scipy/optimize/_optimize.py:2322: LinAlgWarning: Ill-conditioned matrix (rcond=8.43874e-21): result may not be accurate.
    fu = func(x, *args)

test/test_argon_metastable_thermo.py::test_being_a_nasa_is_not_enough_the_library_comment_is_the_gate
  /home/alon/anaconda3/envs/rmg_env/lib/python3.9/site-packages/scipy/optimize/_optimize.py:2322: LinAlgWarning: Ill-conditioned matrix (rcond=2.11249e-21): result may not be accurate.
    fu = func(x, *args)

test/test_argon_metastable_thermo.py::test_being_a_nasa_is_not_enough_the_library_comment_is_the_gate
  /home/alon/anaconda3/envs/rmg_env/lib/python3.9/site-packages/scipy/optimize/_optimize.py:2322: LinAlgWarning: Ill-conditioned matrix (rcond=5.2787e-21): result may not be accurate.
    fu = func(x, *args)

test/test_argon_metastable_thermo.py::test_being_a_nasa_is_not_enough_the_library_comment_is_the_gate
  /home/alon/anaconda3/envs/rmg_env/lib/python3.9/site-packages/scipy/optimize/_optimize.py:2322: LinAlgWarning: Ill-conditioned matrix (rcond=2.26538e-21): result may not be accurate.
    fu = func(x, *args)

test/test_argon_metastable_thermo.py::test_being_a_nasa_is_not_enough_the_library_comment_is_the_gate
  /home/alon/anaconda3/envs/rmg_env/lib/python3.9/site-packages/scipy/optimize/_optimize.py:2322: LinAlgWarning: Ill-conditioned matrix (rcond=1.9079e-21): result may not be accurate.
    fu = func(x, *args)

test/test_argon_metastable_thermo.py::test_being_a_nasa_is_not_enough_the_library_comment_is_the_gate
  /home/alon/anaconda3/envs/rmg_env/lib/python3.9/site-packages/scipy/optimize/_optimize.py:2322: LinAlgWarning: Ill-conditioned matrix (rcond=7.53573e-21): result may not be accurate.
    fu = func(x, *args)

test/test_argon_metastable_thermo.py::test_being_a_nasa_is_not_enough_the_library_comment_is_the_gate
  /home/alon/anaconda3/envs/rmg_env/lib/python3.9/site-packages/scipy/optimize/_optimize.py:2322: LinAlgWarning: Ill-conditioned matrix (rcond=7.43345e-21): result may not be accurate.
    fu = func(x, *args)

test/test_argon_metastable_thermo.py::test_being_a_nasa_is_not_enough_the_library_comment_is_the_gate
  /home/alon/anaconda3/envs/rmg_env/lib/python3.9/site-packages/scipy/optimize/_optimize.py:2322: LinAlgWarning: Ill-conditioned matrix (rcond=1.47964e-21): result may not be accurate.
    fu = func(x, *args)

test/test_argon_metastable_thermo.py::test_being_a_nasa_is_not_enough_the_library_comment_is_the_gate
  /home/alon/anaconda3/envs/rmg_env/lib/python3.9/site-packages/scipy/optimize/_optimize.py:2322: LinAlgWarning: Ill-conditioned matrix (rcond=1.34061e-20): result may not be accurate.
    fu = func(x, *args)

test/test_argon_metastable_thermo.py::test_being_a_nasa_is_not_enough_the_library_comment_is_the_gate
  /home/alon/anaconda3/envs/rmg_env/lib/python3.9/site-packages/scipy/optimize/_optimize.py:2322: LinAlgWarning: Ill-conditioned matrix (rcond=8.87325e-21): result may not be accurate.
    fu = func(x, *args)

test/test_argon_metastable_thermo.py::test_being_a_nasa_is_not_enough_the_library_comment_is_the_gate
  /home/alon/anaconda3/envs/rmg_env/lib/python3.9/site-packages/scipy/optimize/_optimize.py:2322: LinAlgWarning: Ill-conditioned matrix (rcond=3.20362e-21): result may not be accurate.
    fu = func(x, *args)

test/test_argon_metastable_thermo.py::test_being_a_nasa_is_not_enough_the_library_comment_is_the_gate
  /home/alon/anaconda3/envs/rmg_env/lib/python3.9/site-packages/scipy/optimize/_optimize.py:2322: LinAlgWarning: Ill-conditioned matrix (rcond=2.39961e-21): result may not be accurate.
    fu = func(x, *args)

test/test_argon_metastable_thermo.py::test_being_a_nasa_is_not_enough_the_library_comment_is_the_gate
  /home/alon/anaconda3/envs/rmg_env/lib/python3.9/site-packages/scipy/optimize/_optimize.py:2322: LinAlgWarning: Ill-conditioned matrix (rcond=3.56405e-21): result may not be accurate.
    fu = func(x, *args)

test/test_argon_metastable_thermo.py::test_being_a_nasa_is_not_enough_the_library_comment_is_the_gate
  /home/alon/anaconda3/envs/rmg_env/lib/python3.9/site-packages/scipy/optimize/_optimize.py:2322: LinAlgWarning: Ill-conditioned matrix (rcond=4.40143e-21): result may not be accurate.
    fu = func(x, *args)

test/test_argon_metastable_thermo.py::test_being_a_nasa_is_not_enough_the_library_comment_is_the_gate
  /home/alon/anaconda3/envs/rmg_env/lib/python3.9/site-packages/scipy/optimize/_optimize.py:2322: LinAlgWarning: Ill-conditioned matrix (rcond=4.71804e-22): result may not be accurate.
    fu = func(x, *args)

test/test_argon_metastable_thermo.py::test_being_a_nasa_is_not_enough_the_library_comment_is_the_gate
  /home/alon/anaconda3/envs/rmg_env/lib/python3.9/site-packages/scipy/optimize/_optimize.py:2322: LinAlgWarning: Ill-conditioned matrix (rcond=4.97734e-21): result may not be accurate.
    fu = func(x, *args)

test/test_argon_metastable_thermo.py::test_being_a_nasa_is_not_enough_the_library_comment_is_the_gate
  /home/alon/anaconda3/envs/rmg_env/lib/python3.9/site-packages/scipy/optimize/_optimize.py:2322: LinAlgWarning: Ill-conditioned matrix (rcond=7.47076e-21): result may not be accurate.
    fu = func(x, *args)

test/test_argon_metastable_thermo.py::test_being_a_nasa_is_not_enough_the_library_comment_is_the_gate
  /home/alon/anaconda3/envs/rmg_env/lib/python3.9/site-packages/scipy/optimize/_optimize.py:2322: LinAlgWarning: Ill-conditioned matrix (rcond=6.10745e-21): result may not be accurate.
    fu = func(x, *args)

test/test_argon_metastable_thermo.py::test_being_a_nasa_is_not_enough_the_library_comment_is_the_gate
  /home/alon/anaconda3/envs/rmg_env/lib/python3.9/site-packages/scipy/optimize/_optimize.py:2322: LinAlgWarning: Ill-conditioned matrix (rcond=3.69387e-21): result may not be accurate.
    fu = func(x, *args)

test/test_argon_metastable_thermo.py::test_being_a_nasa_is_not_enough_the_library_comment_is_the_gate
  /home/alon/anaconda3/envs/rmg_env/lib/python3.9/site-packages/scipy/optimize/_optimize.py:2322: LinAlgWarning: Ill-conditioned matrix (rcond=1.30536e-20): result may not be accurate.
    fu = func(x, *args)

test/test_argon_metastable_thermo.py::test_being_a_nasa_is_not_enough_the_library_comment_is_the_gate
  /home/alon/anaconda3/envs/rmg_env/lib/python3.9/site-packages/scipy/optimize/_optimize.py:2322: LinAlgWarning: Ill-conditioned matrix (rcond=1.51603e-20): result may not be accurate.
    fu = func(x, *args)

test/test_argon_metastable_thermo.py::test_being_a_nasa_is_not_enough_the_library_comment_is_the_gate
  /home/alon/anaconda3/envs/rmg_env/lib/python3.9/site-packages/scipy/optimize/_optimize.py:2322: LinAlgWarning: Ill-conditioned matrix (rcond=3.18757e-21): result may not be accurate.
    fu = func(x, *args)

test/test_argon_metastable_thermo.py::test_being_a_nasa_is_not_enough_the_library_comment_is_the_gate
  /home/alon/Code/RMG-Py-i222-metastable-argon-atomtype/rmgpy/thermo/thermoengine.py:100: LinAlgWarning: Ill-conditioned matrix (rcond=3.18757e-21): result may not be accurate.
    thermo = wilhoit.to_nasa(Tmin=100.0, Tmax=5000.0, Tint=1000.0)

test/test_argon_metastable_thermo.py::test_being_a_nasa_is_not_enough_the_library_comment_is_the_gate
  /home/alon/Code/RMG-Py-i222-metastable-argon-atomtype/rmgpy/thermo/thermoengine.py:100: LinAlgWarning: Ill-conditioned matrix (rcond=1.08953e-21): result may not be accurate.
    thermo = wilhoit.to_nasa(Tmin=100.0, Tmax=5000.0, Tint=1000.0)

-- Docs: https://docs.pytest.org/en/stable/how-to/capture-warnings.html
=========================== short test summary info ============================
FAILED test/test_argon_cation_buildtime.py::test_the_dication_builds_and_raises_the_loud_databaseerror
FAILED test/test_argon_cation_buildtime.py::test_the_dimer_cation_builds_and_raises_the_loud_databaseerror
FAILED test/test_argon_cation_thermo.py::test_argon_atom_type_now_declares_a_charge_envelope_but_still_parses_any_charge
3 failed, 259 passed, 1167 warnings in 76.40s (0:01:16)
