[13:04:43] Explicit valence for atom # 0 Ar, 1, is greater than permitted
[13:04:43] Explicit valence for atom # 0 Ar, 1, is greater than permitted
[13:04:43] Explicit valence for atom # 0 Ar, 1, is greater than permitted
[13:04:43] Explicit valence for atom # 0 Ar, 1, is greater than permitted
[13:04:43] Explicit valence for atom # 0 Ar, 1, is greater than permitted
[13:04:43] Explicit valence for atom # 0 Ar, 1, is greater than permitted
[13:04:43] Explicit valence for atom # 0 Ar, 1, is greater than permitted
[13:04:43] Explicit valence for atom # 0 Ar, 1, is greater than permitted
[13:04:43] Explicit valence for atom # 0 Ar, 1, is greater than permitted
[13:04:43] Explicit valence for atom # 0 Ar, 1, is greater than permitted
[13:04:43] Explicit valence for atom # 0 Ar, 1, is greater than permitted
[13:04:43] Explicit valence for atom # 0 Ar, 1, is greater than permitted
[13:04:43] Explicit valence for atom # 0 Ar, 1, is greater than permitted
[13:04:43] Explicit valence for atom # 0 Ar, 1, is greater than permitted
[13:04:43] Explicit valence for atom # 0 Ar, 1, is greater than permitted
[13:04:43] Explicit valence for atom # 0 Ar, 1, is greater than permitted
[13:04:43] Explicit valence for atom # 0 Ar, 1, is greater than permitted
[13:04:43] Explicit valence for atom # 0 Ar, 1, is greater than permitted
[13:04:43] Explicit valence for atom # 0 Ar, 1, is greater than permitted
[13:04:43] Explicit valence for atom # 0 Ar, 1, is greater than permitted
[13:04:43] Explicit valence for atom # 0 Ar, 1, is greater than permitted
[13:04:43] Explicit valence for atom # 0 Ar, 1, is greater than permitted
[13:04:43] Explicit valence for atom # 0 Ar, 1, is greater than permitted
[13:04:43] Explicit valence for atom # 0 Ar, 1, is greater than permitted
[13:04:43] Explicit valence for atom # 0 Ar, 1, is greater than permitted
[13:04:43] Explicit valence for atom # 0 Ar, 1, is greater than permitted
[13:04:43] Explicit valence for atom # 0 Ar, 1, is greater than permitted
[13:04:43] Explicit valence for atom # 0 Ar, 1, is greater than permitted
/home/alon/anaconda3/envs/rmg_env/lib/python3.9/site-packages/scipy/optimize/_optimize.py:2322: LinAlgWarning: Ill-conditioned matrix (rcond=9.78829e-18): result may not be accurate.
  fu = func(x, *args)
/home/alon/anaconda3/envs/rmg_env/lib/python3.9/site-packages/scipy/optimize/_optimize.py:2322: LinAlgWarning: Ill-conditioned matrix (rcond=8.30526e-20): result may not be accurate.
  fu = func(x, *args)
/home/alon/anaconda3/envs/rmg_env/lib/python3.9/site-packages/scipy/optimize/_optimize.py:2322: LinAlgWarning: Ill-conditioned matrix (rcond=1.38146e-20): result may not be accurate.
  fu = func(x, *args)
/home/alon/anaconda3/envs/rmg_env/lib/python3.9/site-packages/scipy/optimize/_optimize.py:2322: LinAlgWarning: Ill-conditioned matrix (rcond=8.43874e-21): result may not be accurate.
  fu = func(x, *args)
/home/alon/anaconda3/envs/rmg_env/lib/python3.9/site-packages/scipy/optimize/_optimize.py:2322: LinAlgWarning: Ill-conditioned matrix (rcond=2.11249e-21): result may not be accurate.
  fu = func(x, *args)
/home/alon/anaconda3/envs/rmg_env/lib/python3.9/site-packages/scipy/optimize/_optimize.py:2322: LinAlgWarning: Ill-conditioned matrix (rcond=5.2787e-21): result may not be accurate.
  fu = func(x, *args)
/home/alon/anaconda3/envs/rmg_env/lib/python3.9/site-packages/scipy/optimize/_optimize.py:2322: LinAlgWarning: Ill-conditioned matrix (rcond=2.26538e-21): result may not be accurate.
  fu = func(x, *args)
/home/alon/anaconda3/envs/rmg_env/lib/python3.9/site-packages/scipy/optimize/_optimize.py:2322: LinAlgWarning: Ill-conditioned matrix (rcond=1.9079e-21): result may not be accurate.
  fu = func(x, *args)
/home/alon/anaconda3/envs/rmg_env/lib/python3.9/site-packages/scipy/optimize/_optimize.py:2322: LinAlgWarning: Ill-conditioned matrix (rcond=7.53573e-21): result may not be accurate.
  fu = func(x, *args)
/home/alon/anaconda3/envs/rmg_env/lib/python3.9/site-packages/scipy/optimize/_optimize.py:2322: LinAlgWarning: Ill-conditioned matrix (rcond=7.43345e-21): result may not be accurate.
  fu = func(x, *args)
/home/alon/anaconda3/envs/rmg_env/lib/python3.9/site-packages/scipy/optimize/_optimize.py:2322: LinAlgWarning: Ill-conditioned matrix (rcond=1.47964e-21): result may not be accurate.
  fu = func(x, *args)
/home/alon/anaconda3/envs/rmg_env/lib/python3.9/site-packages/scipy/optimize/_optimize.py:2322: LinAlgWarning: Ill-conditioned matrix (rcond=1.34061e-20): result may not be accurate.
  fu = func(x, *args)
/home/alon/anaconda3/envs/rmg_env/lib/python3.9/site-packages/scipy/optimize/_optimize.py:2322: LinAlgWarning: Ill-conditioned matrix (rcond=8.87325e-21): result may not be accurate.
  fu = func(x, *args)
/home/alon/anaconda3/envs/rmg_env/lib/python3.9/site-packages/scipy/optimize/_optimize.py:2322: LinAlgWarning: Ill-conditioned matrix (rcond=3.20362e-21): result may not be accurate.
  fu = func(x, *args)
/home/alon/anaconda3/envs/rmg_env/lib/python3.9/site-packages/scipy/optimize/_optimize.py:2322: LinAlgWarning: Ill-conditioned matrix (rcond=2.39961e-21): result may not be accurate.
  fu = func(x, *args)
/home/alon/anaconda3/envs/rmg_env/lib/python3.9/site-packages/scipy/optimize/_optimize.py:2322: LinAlgWarning: Ill-conditioned matrix (rcond=3.56405e-21): result may not be accurate.
  fu = func(x, *args)
/home/alon/anaconda3/envs/rmg_env/lib/python3.9/site-packages/scipy/optimize/_optimize.py:2322: LinAlgWarning: Ill-conditioned matrix (rcond=4.40143e-21): result may not be accurate.
  fu = func(x, *args)
/home/alon/anaconda3/envs/rmg_env/lib/python3.9/site-packages/scipy/optimize/_optimize.py:2322: LinAlgWarning: Ill-conditioned matrix (rcond=4.71804e-22): result may not be accurate.
  fu = func(x, *args)
/home/alon/anaconda3/envs/rmg_env/lib/python3.9/site-packages/scipy/optimize/_optimize.py:2322: LinAlgWarning: Ill-conditioned matrix (rcond=4.97734e-21): result may not be accurate.
  fu = func(x, *args)
/home/alon/anaconda3/envs/rmg_env/lib/python3.9/site-packages/scipy/optimize/_optimize.py:2322: LinAlgWarning: Ill-conditioned matrix (rcond=7.47076e-21): result may not be accurate.
  fu = func(x, *args)
/home/alon/anaconda3/envs/rmg_env/lib/python3.9/site-packages/scipy/optimize/_optimize.py:2322: LinAlgWarning: Ill-conditioned matrix (rcond=6.10745e-21): result may not be accurate.
  fu = func(x, *args)
/home/alon/anaconda3/envs/rmg_env/lib/python3.9/site-packages/scipy/optimize/_optimize.py:2322: LinAlgWarning: Ill-conditioned matrix (rcond=3.69387e-21): result may not be accurate.
  fu = func(x, *args)
/home/alon/anaconda3/envs/rmg_env/lib/python3.9/site-packages/scipy/optimize/_optimize.py:2322: LinAlgWarning: Ill-conditioned matrix (rcond=1.30536e-20): result may not be accurate.
  fu = func(x, *args)
/home/alon/anaconda3/envs/rmg_env/lib/python3.9/site-packages/scipy/optimize/_optimize.py:2322: LinAlgWarning: Ill-conditioned matrix (rcond=1.51603e-20): result may not be accurate.
  fu = func(x, *args)
/home/alon/anaconda3/envs/rmg_env/lib/python3.9/site-packages/scipy/optimize/_optimize.py:2322: LinAlgWarning: Ill-conditioned matrix (rcond=3.18757e-21): result may not be accurate.
  fu = func(x, *args)
/home/alon/Code/RMG-Py-plasma/rmgpy/thermo/thermoengine.py:100: LinAlgWarning: Ill-conditioned matrix (rcond=3.18757e-21): result may not be accurate.
  thermo = wilhoit.to_nasa(Tmin=100.0, Tmax=5000.0, Tint=1000.0)
/home/alon/Code/RMG-Py-plasma/rmgpy/thermo/thermoengine.py:100: LinAlgWarning: Ill-conditioned matrix (rcond=1.08953e-21): result may not be accurate.
  thermo = wilhoit.to_nasa(Tmin=100.0, Tmax=5000.0, Tint=1000.0)
[13:04:43] Explicit valence for atom # 0 Ar, 1, is greater than permitted
[13:04:43] Explicit valence for atom # 0 Ar, 1, is greater than permitted
[13:04:43] Explicit valence for atom # 0 Ar, 1, is greater than permitted
[13:04:44] Explicit valence for atom # 0 Ar, 1, is greater than permitted
[13:04:44] Explicit valence for atom # 0 Ar, 1, is greater than permitted
[13:04:44] Explicit valence for atom # 0 Ar, 1, is greater than permitted
[13:04:44] Explicit valence for atom # 0 Ar, 1, is greater than permitted
[13:04:44] Explicit valence for atom # 0 Ar, 1, is greater than permitted
[13:04:44] Explicit valence for atom # 0 Ar, 1, is greater than permitted
[13:04:44] Explicit valence for atom # 0 Ar, 1, is greater than permitted
[13:04:44] Explicit valence for atom # 0 Ar, 1, is greater than permitted
[13:04:44] Explicit valence for atom # 0 Ar, 1, is greater than permitted
[13:04:44] Explicit valence for atom # 0 Ar, 1, is greater than permitted
[13:04:44] Explicit valence for atom # 0 Ar, 1, is greater than permitted
[13:04:44] Explicit valence for atom # 0 Ar, 1, is greater than permitted
[13:04:44] Explicit valence for atom # 0 Ar, 1, is greater than permitted
[13:04:44] Explicit valence for atom # 0 Ar, 1, is greater than permitted
[13:04:44] Explicit valence for atom # 0 Ar, 1, is greater than permitted
[13:04:44] Explicit valence for atom # 0 Ar, 1, is greater than permitted
[13:04:44] Explicit valence for atom # 0 Ar, 1, is greater than permitted
[13:04:44] Explicit valence for atom # 0 Ar, 1, is greater than permitted
[13:04:44] Explicit valence for atom # 0 Ar, 1, is greater than permitted
[13:04:44] Explicit valence for atom # 0 Ar, 1, is greater than permitted
[13:04:44] Explicit valence for atom # 0 Ar, 1, is greater than permitted
[13:04:44] Explicit valence for atom # 0 Ar, 1, is greater than permitted
[13:04:44] Explicit valence for atom # 0 Ar, 1, is greater than permitted
[13:04:44] Explicit valence for atom # 0 Ar, 1, is greater than permitted
[13:04:44] Explicit valence for atom # 0 Ar, 1, is greater than permitted
[13:04:44] Explicit valence for atom # 0 Ar, 1, is greater than permitted
[13:04:44] Explicit valence for atom # 0 Ar, 1, is greater than permitted
[13:04:44] Explicit valence for atom # 0 Ar, 1, is greater than permitted
[13:04:44] Explicit valence for atom # 0 Ar, 1, is greater than permitted
[13:04:44] Explicit valence for atom # 0 Ar, 1, is greater than permitted
[13:04:44] Explicit valence for atom # 0 Ar, 1, is greater than permitted
[13:04:44] Explicit valence for atom # 0 Ar, 1, is greater than permitted
[13:04:44] Explicit valence for atom # 0 Ar, 1, is greater than permitted
[13:04:44] Explicit valence for atom # 0 Ar, 1, is greater than permitted
[13:04:44] Explicit valence for atom # 0 Ar, 1, is greater than permitted
[13:04:44] Explicit valence for atom # 0 Ar, 1, is greater than permitted
[13:04:44] Explicit valence for atom # 0 Ar, 1, is greater than permitted
[13:04:44] Explicit valence for atom # 0 Ar, 1, is greater than permitted
[13:04:44] Explicit valence for atom # 0 Ar, 1, is greater than permitted
[13:04:45] Explicit valence for atom # 0 Ar, 1, is greater than permitted
[13:04:45] Explicit valence for atom # 0 Ar, 1, is greater than permitted
[13:04:45] Explicit valence for atom # 0 Ar, 1, is greater than permitted
[13:04:45] Explicit valence for atom # 0 Ar, 1, is greater than permitted
[13:04:45] Explicit valence for atom # 0 Ar, 1, is greater than permitted
[13:04:45] Explicit valence for atom # 0 Ar, 1, is greater than permitted
[13:04:45] Explicit valence for atom # 0 Ar, 1, is greater than permitted
[13:04:45] Explicit valence for atom # 0 Ar, 1, is greater than permitted
[13:04:45] Explicit valence for atom # 0 Ar, 1, is greater than permitted
[13:04:45] Explicit valence for atom # 0 Ar, 1, is greater than permitted
[13:04:45] Explicit valence for atom # 0 Ar, 1, is greater than permitted
[13:04:45] Explicit valence for atom # 0 Ar, 1, is greater than permitted
[13:04:45] Explicit valence for atom # 0 Ar, 1, is greater than permitted
[13:04:45] Explicit valence for atom # 0 Ar, 1, is greater than permitted
[13:04:45] Explicit valence for atom # 0 Ar, 1, is greater than permitted
[13:04:45] Explicit valence for atom # 0 Ar, 1, is greater than permitted
[13:04:45] Explicit valence for atom # 0 Ar, 1, is greater than permitted
[13:04:45] Explicit valence for atom # 0 Ar, 1, is greater than permitted
[13:04:45] Explicit valence for atom # 0 Ar, 1, is greater than permitted
[13:04:45] Explicit valence for atom # 0 Ar, 1, is greater than permitted
[13:04:45] Explicit valence for atom # 0 Ar, 1, is greater than permitted
[13:04:45] Explicit valence for atom # 0 Ar, 1, is greater than permitted
[13:04:45] Explicit valence for atom # 0 Ar, 1, is greater than permitted
[13:04:45] Explicit valence for atom # 0 Ar, 1, is greater than permitted
[13:04:45] Explicit valence for atom # 0 Ar, 1, is greater than permitted
[13:04:45] Explicit valence for atom # 0 Ar, 1, is greater than permitted
[13:04:45] Explicit valence for atom # 0 Ar, 1, is greater than permitted
[13:04:45] Explicit valence for atom # 0 Ar, 1, is greater than permitted
[13:04:45] Explicit valence for atom # 0 Ar, 1, is greater than permitted
[13:04:45] Explicit valence for atom # 0 Ar, 1, is greater than permitted
[13:04:45] Explicit valence for atom # 0 Ar, 1, is greater than permitted
[13:04:45] Explicit valence for atom # 0 Ar, 1, is greater than permitted
[13:04:45] Explicit valence for atom # 0 Ar, 1, is greater than permitted
[13:04:45] Explicit valence for atom # 0 Ar, 1, is greater than permitted
[13:04:45] Explicit valence for atom # 0 Ar, 1, is greater than permitted
[13:04:45] Explicit valence for atom # 0 Ar, 1, is greater than permitted
[13:04:45] Explicit valence for atom # 0 Ar, 1, is greater than permitted
[13:04:45] Explicit valence for atom # 0 Ar, 1, is greater than permitted
[13:04:45] Explicit valence for atom # 0 Ar, 1, is greater than permitted
[13:04:45] Explicit valence for atom # 0 Ar, 1, is greater than permitted
[13:04:45] Explicit valence for atom # 0 Ar, 1, is greater than permitted
[13:04:45] Explicit valence for atom # 0 Ar, 1, is greater than permitted
[13:04:45] Explicit valence for atom # 0 Ar, 1, is greater than permitted
[13:04:45] Explicit valence for atom # 0 Ar, 1, is greater than permitted
[13:04:45] Explicit valence for atom # 0 Ar, 1, is greater than permitted
[13:04:45] Explicit valence for atom # 0 Ar, 1, is greater than permitted
[13:04:45] Explicit valence for atom # 0 Ar, 1, is greater than permitted
[13:04:45] Explicit valence for atom # 0 Ar, 1, is greater than permitted
[13:04:45] Explicit valence for atom # 0 Ar, 1, is greater than permitted
[13:04:45] Explicit valence for atom # 0 Ar, 1, is greater than permitted
[13:04:45] Explicit valence for atom # 0 Ar, 1, is greater than permitted
[13:04:45] Explicit valence for atom # 0 Ar, 1, is greater than permitted
[13:04:45] Explicit valence for atom # 0 Ar, 1, is greater than permitted
[13:04:45] Explicit valence for atom # 0 Ar, 1, is greater than permitted
[13:04:45] Explicit valence for atom # 0 Ar, 1, is greater than permitted
[13:04:45] Explicit valence for atom # 0 Ar, 1, is greater than permitted
[13:04:45] Explicit valence for atom # 0 Ar, 1, is greater than permitted
[13:04:45] Explicit valence for atom # 0 Ar, 1, is greater than permitted
[13:04:45] Explicit valence for atom # 0 Ar, 1, is greater than permitted
[13:04:45] Explicit valence for atom # 0 Ar, 1, is greater than permitted
[13:04:45] Explicit valence for atom # 0 Ar, 1, is greater than permitted
[13:04:45] Explicit valence for atom # 0 Ar, 1, is greater than permitted
[13:04:45] Explicit valence for atom # 0 Ar, 1, is greater than permitted
[13:04:45] Explicit valence for atom # 0 Ar, 1, is greater than permitted
[13:04:45] Explicit valence for atom # 0 Ar, 1, is greater than permitted
[13:04:45] Explicit valence for atom # 0 Ar, 1, is greater than permitted
[13:04:45] Explicit valence for atom # 0 Ar, 1, is greater than permitted
[13:04:45] Explicit valence for atom # 0 Ar, 1, is greater than permitted
[13:04:45] Explicit valence for atom # 0 Ar, 1, is greater than permitted
[13:04:45] Explicit valence for atom # 0 Ar, 1, is greater than permitted
[13:04:45] Explicit valence for atom # 0 Ar, 1, is greater than permitted
[13:04:45] Explicit valence for atom # 0 Ar, 1, is greater than permitted
[13:04:45] Explicit valence for atom # 0 Ar, 1, is greater than permitted
[13:04:45] Explicit valence for atom # 0 Ar, 1, is greater than permitted
[13:04:45] Explicit valence for atom # 0 Ar, 1, is greater than permitted
[13:04:45] Explicit valence for atom # 0 Ar, 1, is greater than permitted
[13:04:45] Explicit valence for atom # 0 Ar, 1, is greater than permitted
[13:04:45] Explicit valence for atom # 0 Ar, 1, is greater than permitted
[13:04:45] Explicit valence for atom # 0 Ar, 1, is greater than permitted
[13:04:45] Explicit valence for atom # 0 Ar, 1, is greater than permitted
[13:04:45] Explicit valence for atom # 0 Ar, 1, is greater than permitted
[13:04:45] Explicit valence for atom # 0 Ar, 1, is greater than permitted
[13:04:45] Explicit valence for atom # 0 Ar, 1, is greater than permitted
[13:04:45] Explicit valence for atom # 0 Ar, 1, is greater than permitted
[13:04:45] Explicit valence for atom # 0 Ar, 1, is greater than permitted
[13:04:45] Explicit valence for atom # 0 Ar, 1, is greater than permitted
[13:04:46] Explicit valence for atom # 0 Ar, 1, is greater than permitted
[13:04:46] Explicit valence for atom # 0 Ar, 1, is greater than permitted
[13:04:46] Explicit valence for atom # 0 Ar, 1, is greater than permitted
[13:04:46] Explicit valence for atom # 0 Ar, 1, is greater than permitted
[13:04:46] Explicit valence for atom # 0 Ar, 1, is greater than permitted
[13:04:46] Explicit valence for atom # 0 Ar, 1, is greater than permitted
[13:04:46] Explicit valence for atom # 0 Ar, 1, is greater than permitted
[13:04:46] Explicit valence for atom # 0 Ar, 1, is greater than permitted
[13:04:48] Explicit valence for atom # 0 Ar, 1, is greater than permitted
[13:04:48] Explicit valence for atom # 0 Ar, 1, is greater than permitted
[13:04:48] Explicit valence for atom # 0 Ar, 1, is greater than permitted
[13:04:48] Explicit valence for atom # 0 Ar, 1, is greater than permitted
[13:04:48] Explicit valence for atom # 0 Ar, 1, is greater than permitted
[13:04:48] Explicit valence for atom # 0 Ar, 1, is greater than permitted
[13:04:48] Explicit valence for atom # 0 Ar, 1, is greater than permitted
[13:04:48] Explicit valence for atom # 0 Ar, 1, is greater than permitted
[13:04:48] Explicit valence for atom # 0 Ar, 1, is greater than permitted
[13:04:48] Explicit valence for atom # 0 Ar, 1, is greater than permitted
[13:04:48] Explicit valence for atom # 0 Ar, 1, is greater than permitted
[13:04:48] Explicit valence for atom # 0 Ar, 1, is greater than permitted
[13:04:48] Explicit valence for atom # 0 Ar, 1, is greater than permitted
[13:04:48] Explicit valence for atom # 0 Ar, 1, is greater than permitted
[13:04:48] Explicit valence for atom # 0 Ar, 1, is greater than permitted
[13:04:48] Explicit valence for atom # 0 Ar, 1, is greater than permitted
[13:04:48] Explicit valence for atom # 0 Ar, 1, is greater than permitted
[13:04:48] Explicit valence for atom # 0 Ar, 1, is greater than permitted
[13:04:48] Explicit valence for atom # 0 Ar, 1, is greater than permitted
[13:04:48] Explicit valence for atom # 0 Ar, 1, is greater than permitted
[13:04:48] Explicit valence for atom # 0 Ar, 1, is greater than permitted
[13:04:48] Explicit valence for atom # 0 Ar, 1, is greater than permitted
[13:04:48] Explicit valence for atom # 0 Ar, 1, is greater than permitted
[13:04:48] Explicit valence for atom # 0 Ar, 1, is greater than permitted
[13:04:48] Explicit valence for atom # 0 Ar, 1, is greater than permitted
[13:04:48] Explicit valence for atom # 0 Ar, 1, is greater than permitted
[13:04:48] Explicit valence for atom # 0 Ar, 1, is greater than permitted
[13:04:48] Explicit valence for atom # 0 Ar, 1, is greater than permitted
[13:04:48] Explicit valence for atom # 0 Ar, 1, is greater than permitted
[13:04:48] Explicit valence for atom # 0 Ar, 1, is greater than permitted
[13:04:48] Explicit valence for atom # 0 Ar, 1, is greater than permitted
[13:04:48] Explicit valence for atom # 0 Ar, 1, is greater than permitted
[13:04:48] Explicit valence for atom # 0 Ar, 1, is greater than permitted
[13:04:48] Explicit valence for atom # 0 Ar, 1, is greater than permitted
[13:04:48] Explicit valence for atom # 0 Ar, 1, is greater than permitted
[13:04:48] Explicit valence for atom # 0 Ar, 1, is greater than permitted
[13:04:48] Explicit valence for atom # 0 Ar, 1, is greater than permitted
[13:04:48] Explicit valence for atom # 0 Ar, 1, is greater than permitted
[13:04:48] Explicit valence for atom # 0 Ar, 1, is greater than permitted
[13:04:48] Explicit valence for atom # 0 Ar, 1, is greater than permitted
[13:04:48] Explicit valence for atom # 0 Ar, 1, is greater than permitted
[13:04:48] Explicit valence for atom # 0 Ar, 1, is greater than permitted
[13:04:48] Explicit valence for atom # 0 Ar, 1, is greater than permitted
[13:04:48] Explicit valence for atom # 0 Ar, 1, is greater than permitted
[13:04:48] Explicit valence for atom # 0 Ar, 1, is greater than permitted
[13:04:48] Explicit valence for atom # 0 Ar, 1, is greater than permitted
[13:04:48] Explicit valence for atom # 0 Ar, 1, is greater than permitted
[13:04:48] Explicit valence for atom # 0 Ar, 1, is greater than permitted
[13:04:48] Explicit valence for atom # 0 Ar, 1, is greater than permitted
[13:04:48] Explicit valence for atom # 0 Ar, 1, is greater than permitted
[13:04:48] Explicit valence for atom # 0 Ar, 1, is greater than permitted
[13:04:48] Explicit valence for atom # 0 Ar, 1, is greater than permitted
[13:04:48] Explicit valence for atom # 0 Ar, 1, is greater than permitted
[13:04:48] Explicit valence for atom # 0 Ar, 1, is greater than permitted
[13:04:48] Explicit valence for atom # 0 Ar, 1, is greater than permitted
[13:04:48] Explicit valence for atom # 0 Ar, 1, is greater than permitted
[13:04:48] Explicit valence for atom # 0 Ar, 1, is greater than permitted
[13:04:48] Explicit valence for atom # 0 Ar, 1, is greater than permitted
[13:04:48] Explicit valence for atom # 0 Ar, 1, is greater than permitted
[13:04:48] Explicit valence for atom # 0 Ar, 1, is greater than permitted
[13:04:48] Explicit valence for atom # 0 Ar, 1, is greater than permitted
[13:04:48] Explicit valence for atom # 0 Ar, 1, is greater than permitted
[13:04:48] Explicit valence for atom # 0 Ar, 1, is greater than permitted
[13:04:48] Explicit valence for atom # 0 Ar, 1, is greater than permitted
[13:04:48] Explicit valence for atom # 0 Ar, 1, is greater than permitted
[13:04:48] Explicit valence for atom # 0 Ar, 1, is greater than permitted
[13:04:48] Explicit valence for atom # 0 Ar, 1, is greater than permitted
[13:04:48] Explicit valence for atom # 0 Ar, 1, is greater than permitted
[13:04:48] Explicit valence for atom # 0 Ar, 1, is greater than permitted
[13:04:48] Explicit valence for atom # 0 Ar, 1, is greater than permitted
[13:04:48] Explicit valence for atom # 0 Ar, 1, is greater than permitted
[13:04:48] Explicit valence for atom # 0 Ar, 1, is greater than permitted
[13:04:48] Explicit valence for atom # 0 Ar, 1, is greater than permitted
[13:04:49] Explicit valence for atom # 0 Ar, 1, is greater than permitted
[13:04:49] Explicit valence for atom # 0 Ar, 1, is greater than permitted
[13:04:49] Explicit valence for atom # 0 Ar, 1, is greater than permitted
[13:04:49] Explicit valence for atom # 0 Ar, 1, is greater than permitted
[13:04:49] Explicit valence for atom # 0 Ar, 1, is greater than permitted
[13:04:49] Explicit valence for atom # 0 Ar, 1, is greater than permitted
[13:04:49] Explicit valence for atom # 0 Ar, 1, is greater than permitted
[13:04:49] Explicit valence for atom # 0 Ar, 1, is greater than permitted
[13:04:49] Explicit valence for atom # 0 Ar, 1, is greater than permitted
[13:04:49] Explicit valence for atom # 0 Ar, 1, is greater than permitted
[13:04:49] Explicit valence for atom # 0 Ar, 1, is greater than permitted
[13:04:49] Explicit valence for atom # 0 Ar, 1, is greater than permitted
[13:04:49] Explicit valence for atom # 0 Ar, 1, is greater than permitted
[13:04:49] Explicit valence for atom # 0 Ar, 1, is greater than permitted
[13:04:49] Explicit valence for atom # 0 Ar, 1, is greater than permitted
[13:04:49] Explicit valence for atom # 0 Ar, 1, is greater than permitted
[13:04:49] Explicit valence for atom # 0 Ar, 1, is greater than permitted
[13:04:49] Explicit valence for atom # 0 Ar, 1, is greater than permitted
[13:04:49] Explicit valence for atom # 0 Ar, 1, is greater than permitted
[13:04:49] Explicit valence for atom # 0 Ar, 1, is greater than permitted
[13:04:49] Explicit valence for atom # 0 Ar, 1, is greater than permitted
[13:04:49] Explicit valence for atom # 0 Ar, 1, is greater than permitted
[13:04:49] Explicit valence for atom # 0 Ar, 1, is greater than permitted
[13:04:49] Explicit valence for atom # 0 Ar, 1, is greater than permitted
[13:04:50] Explicit valence for atom # 0 Ar, 1, is greater than permitted
[13:04:50] Explicit valence for atom # 0 Ar, 1, is greater than permitted
[13:04:50] Explicit valence for atom # 0 Ar, 1, is greater than permitted
[13:04:50] Explicit valence for atom # 0 Ar, 1, is greater than permitted
[13:04:50] Explicit valence for atom # 0 Ar, 1, is greater than permitted
[13:04:50] Explicit valence for atom # 0 Ar, 1, is greater than permitted
[13:04:50] Explicit valence for atom # 0 Ar, 1, is greater than permitted
[13:04:50] Explicit valence for atom # 0 Ar, 1, is greater than permitted
[13:04:50] Explicit valence for atom # 0 Ar, 1, is greater than permitted
[13:04:50] Explicit valence for atom # 0 Ar, 1, is greater than permitted
[13:04:50] Explicit valence for atom # 0 Ar, 1, is greater than permitted
[13:04:50] Explicit valence for atom # 0 Ar, 1, is greater than permitted
[13:04:50] Explicit valence for atom # 0 Ar, 1, is greater than permitted
[13:04:50] Explicit valence for atom # 0 Ar, 1, is greater than permitted
[13:04:50] Explicit valence for atom # 0 Ar, 1, is greater than permitted
[13:04:50] Explicit valence for atom # 0 Ar, 1, is greater than permitted
[13:04:50] Explicit valence for atom # 0 Ar, 1, is greater than permitted
[13:04:50] Explicit valence for atom # 0 Ar, 1, is greater than permitted
[13:04:50] Explicit valence for atom # 0 Ar, 1, is greater than permitted
[13:04:50] Explicit valence for atom # 0 Ar, 1, is greater than permitted
[13:04:50] Explicit valence for atom # 0 Ar, 1, is greater than permitted
[13:04:50] Explicit valence for atom # 0 Ar, 1, is greater than permitted
[13:04:50] Explicit valence for atom # 0 Ar, 1, is greater than permitted
[13:04:50] Explicit valence for atom # 0 Ar, 1, is greater than permitted
[13:04:50] Explicit valence for atom # 0 Ar, 1, is greater than permitted
[13:04:50] Explicit valence for atom # 0 Ar, 1, is greater than permitted
[13:04:50] Explicit valence for atom # 0 Ar, 1, is greater than permitted
[13:04:50] Explicit valence for atom # 0 Ar, 1, is greater than permitted
[13:04:50] Explicit valence for atom # 0 Ar, 1, is greater than permitted
[13:04:50] Explicit valence for atom # 0 Ar, 1, is greater than permitted
[13:04:50] Explicit valence for atom # 0 Ar, 1, is greater than permitted
[13:04:50] Explicit valence for atom # 0 Ar, 1, is greater than permitted
[13:04:50] Explicit valence for atom # 0 Ar, 1, is greater than permitted
[13:04:50] Explicit valence for atom # 0 Ar, 1, is greater than permitted
[13:04:50] Explicit valence for atom # 0 Ar, 1, is greater than permitted
[13:04:50] Explicit valence for atom # 0 Ar, 1, is greater than permitted
[13:04:50] Explicit valence for atom # 0 Ar, 1, is greater than permitted
[13:04:50] Explicit valence for atom # 0 Ar, 1, is greater than permitted
[13:04:50] Explicit valence for atom # 0 Ar, 1, is greater than permitted
[13:04:50] Explicit valence for atom # 0 Ar, 1, is greater than permitted
[13:04:50] Explicit valence for atom # 0 Ar, 1, is greater than permitted
[13:04:50] Explicit valence for atom # 0 Ar, 1, is greater than permitted
[13:04:50] Explicit valence for atom # 0 Ar, 1, is greater than permitted
[13:04:50] Explicit valence for atom # 0 Ar, 1, is greater than permitted
[13:04:50] Explicit valence for atom # 0 Ar, 1, is greater than permitted
[13:04:50] Explicit valence for atom # 0 Ar, 1, is greater than permitted
[13:04:50] Explicit valence for atom # 0 Ar, 1, is greater than permitted
[13:04:50] Explicit valence for atom # 0 Ar, 1, is greater than permitted
[13:04:50] Explicit valence for atom # 0 Ar, 1, is greater than permitted
[13:04:50] Explicit valence for atom # 0 Ar, 1, is greater than permitted
[13:04:50] Explicit valence for atom # 0 Ar, 1, is greater than permitted
[13:04:50] Explicit valence for atom # 0 Ar, 1, is greater than permitted
[13:04:50] Explicit valence for atom # 0 Ar, 1, is greater than permitted
[13:04:50] Explicit valence for atom # 0 Ar, 1, is greater than permitted
[13:04:50] Explicit valence for atom # 0 Ar, 1, is greater than permitted
[13:04:50] Explicit valence for atom # 0 Ar, 1, is greater than permitted
[13:04:50] Explicit valence for atom # 0 Ar, 1, is greater than permitted
[13:04:50] Explicit valence for atom # 0 Ar, 1, is greater than permitted
[13:04:50] Explicit valence for atom # 0 Ar, 1, is greater than permitted
[13:04:50] Explicit valence for atom # 0 Ar, 1, is greater than permitted
[13:04:50] Explicit valence for atom # 0 Ar, 1, is greater than permitted
[13:04:51] Explicit valence for atom # 0 Ar, 1, is greater than permitted
[13:04:51] Explicit valence for atom # 0 Ar, 1, is greater than permitted
[13:04:51] Explicit valence for atom # 0 Ar, 1, is greater than permitted
[13:04:51] Explicit valence for atom # 0 Ar, 1, is greater than permitted
[13:04:51] Explicit valence for atom # 0 Ar, 1, is greater than permitted
[13:04:51] Explicit valence for atom # 0 Ar, 1, is greater than permitted
[13:04:51] Explicit valence for atom # 0 Ar, 1, is greater than permitted
[13:04:51] Explicit valence for atom # 0 Ar, 1, is greater than permitted
[13:04:51] Explicit valence for atom # 0 Ar, 1, is greater than permitted
[13:04:51] Explicit valence for atom # 0 Ar, 1, is greater than permitted
[13:04:51] Explicit valence for atom # 0 Ar, 1, is greater than permitted
[13:04:51] Explicit valence for atom # 0 Ar, 1, is greater than permitted
[13:04:51] Explicit valence for atom # 0 Ar, 1, is greater than permitted
[13:04:51] Explicit valence for atom # 0 Ar, 1, is greater than permitted
[13:04:51] Explicit valence for atom # 0 Ar, 1, is greater than permitted
[13:04:51] Explicit valence for atom # 0 Ar, 1, is greater than permitted
[13:04:51] Explicit valence for atom # 0 Ar, 1, is greater than permitted
[13:04:51] Explicit valence for atom # 0 Ar, 1, is greater than permitted
[13:04:51] Explicit valence for atom # 0 Ar, 1, is greater than permitted
[13:04:51] Explicit valence for atom # 0 Ar, 1, is greater than permitted
[13:04:51] Explicit valence for atom # 0 Ar, 1, is greater than permitted
[13:04:51] Explicit valence for atom # 0 Ar, 1, is greater than permitted
[13:04:51] Explicit valence for atom # 0 Ar, 1, is greater than permitted
[13:04:51] Explicit valence for atom # 0 Ar, 1, is greater than permitted
[13:04:51] Explicit valence for atom # 0 Ar, 1, is greater than permitted
[13:04:51] Explicit valence for atom # 0 Ar, 1, is greater than permitted
[13:04:51] Explicit valence for atom # 0 Ar, 1, is greater than permitted
[13:04:51] Explicit valence for atom # 0 Ar, 1, is greater than permitted
[13:04:51] Explicit valence for atom # 0 Ar, 1, is greater than permitted
[13:04:51] Explicit valence for atom # 0 Ar, 1, is greater than permitted
[13:04:51] Explicit valence for atom # 0 Ar, 1, is greater than permitted
[13:04:51] Explicit valence for atom # 0 Ar, 1, is greater than permitted
[13:04:51] Explicit valence for atom # 0 Ar, 1, is greater than permitted
[13:04:51] Explicit valence for atom # 0 Ar, 1, is greater than permitted
[13:04:51] Explicit valence for atom # 0 Ar, 1, is greater than permitted
[13:04:51] Explicit valence for atom # 0 Ar, 1, is greater than permitted
[13:04:51] Explicit valence for atom # 0 Ar, 1, is greater than permitted
[13:04:51] Explicit valence for atom # 0 Ar, 1, is greater than permitted
[13:04:51] Explicit valence for atom # 0 Ar, 1, is greater than permitted
[13:04:51] Explicit valence for atom # 0 Ar, 1, is greater than permitted
[13:04:51] Explicit valence for atom # 0 Ar, 1, is greater than permitted
[13:04:51] Explicit valence for atom # 0 Ar, 1, is greater than permitted
[13:04:51] Explicit valence for atom # 0 Ar, 1, is greater than permitted
[13:04:51] Explicit valence for atom # 0 Ar, 1, is greater than permitted
[13:04:51] Explicit valence for atom # 0 Ar, 1, is greater than permitted
[13:04:51] Explicit valence for atom # 0 Ar, 1, is greater than permitted
[13:04:51] Explicit valence for atom # 0 Ar, 1, is greater than permitted
[13:04:51] Explicit valence for atom # 0 Ar, 1, is greater than permitted
[13:04:51] Explicit valence for atom # 0 Ar, 1, is greater than permitted
[13:04:51] Explicit valence for atom # 0 Ar, 1, is greater than permitted
[13:04:51] Explicit valence for atom # 0 Ar, 1, is greater than permitted
[13:04:51] Explicit valence for atom # 0 Ar, 1, is greater than permitted
[13:04:51] Explicit valence for atom # 0 Ar, 1, is greater than permitted
[13:04:51] Explicit valence for atom # 0 Ar, 1, is greater than permitted
[13:04:51] Explicit valence for atom # 0 Ar, 1, is greater than permitted
[13:04:51] Explicit valence for atom # 0 Ar, 1, is greater than permitted
[13:04:51] Explicit valence for atom # 0 Ar, 1, is greater than permitted
[13:04:51] Explicit valence for atom # 0 Ar, 1, is greater than permitted
[13:04:51] Explicit valence for atom # 0 Ar, 1, is greater than permitted
[13:04:51] Explicit valence for atom # 0 Ar, 1, is greater than permitted
[13:04:51] Explicit valence for atom # 0 Ar, 1, is greater than permitted
[13:04:51] Explicit valence for atom # 0 Ar, 1, is greater than permitted
[13:04:51] Explicit valence for atom # 0 Ar, 1, is greater than permitted
[13:04:51] Explicit valence for atom # 0 Ar, 1, is greater than permitted
[13:04:51] Explicit valence for atom # 0 Ar, 1, is greater than permitted
[13:04:51] Explicit valence for atom # 0 Ar, 1, is greater than permitted
[13:04:51] Explicit valence for atom # 0 Ar, 1, is greater than permitted
[13:04:51] Explicit valence for atom # 0 Ar, 1, is greater than permitted
[13:04:51] Explicit valence for atom # 0 Ar, 1, is greater than permitted
[13:04:51] Explicit valence for atom # 0 Ar, 1, is greater than permitted
[13:04:51] Explicit valence for atom # 0 Ar, 1, is greater than permitted
[13:04:51] Explicit valence for atom # 0 Ar, 1, is greater than permitted
[13:04:52] Explicit valence for atom # 0 Ar, 1, is greater than permitted
[13:04:52] Explicit valence for atom # 0 Ar, 1, is greater than permitted
[13:04:52] Explicit valence for atom # 0 Ar, 1, is greater than permitted
[13:04:52] Explicit valence for atom # 0 Ar, 1, is greater than permitted
[13:04:52] Explicit valence for atom # 0 Ar, 1, is greater than permitted
[13:04:52] Explicit valence for atom # 0 Ar, 1, is greater than permitted
[13:04:52] Explicit valence for atom # 0 Ar, 1, is greater than permitted
[13:04:52] Explicit valence for atom # 0 Ar, 1, is greater than permitted
[13:04:52] Explicit valence for atom # 0 Ar, 1, is greater than permitted
[13:04:52] Explicit valence for atom # 0 Ar, 1, is greater than permitted
[13:04:52] Explicit valence for atom # 0 Ar, 1, is greater than permitted
[13:04:52] Explicit valence for atom # 0 Ar, 1, is greater than permitted
[13:04:52] Explicit valence for atom # 0 Ar, 1, is greater than permitted
[13:04:52] Explicit valence for atom # 0 Ar, 1, is greater than permitted
[13:04:52] Explicit valence for atom # 0 Ar, 1, is greater than permitted
[13:04:52] Explicit valence for atom # 0 Ar, 1, is greater than permitted
[13:04:52] Explicit valence for atom # 0 Ar, 1, is greater than permitted
[13:04:52] Explicit valence for atom # 0 Ar, 1, is greater than permitted
[13:04:52] Explicit valence for atom # 0 Ar, 1, is greater than permitted
[13:04:52] Explicit valence for atom # 0 Ar, 1, is greater than permitted
[13:04:52] Explicit valence for atom # 0 Ar, 1, is greater than permitted
[13:04:52] Explicit valence for atom # 0 Ar, 1, is greater than permitted
[13:04:52] Explicit valence for atom # 0 Ar, 1, is greater than permitted
[13:04:52] Explicit valence for atom # 0 Ar, 1, is greater than permitted
[13:04:52] Explicit valence for atom # 0 Ar, 1, is greater than permitted
[13:04:52] Explicit valence for atom # 0 Ar, 1, is greater than permitted
[13:04:52] Explicit valence for atom # 0 Ar, 1, is greater than permitted
[13:04:52] Explicit valence for atom # 0 Ar, 1, is greater than permitted
[13:04:52] Explicit valence for atom # 0 Ar, 1, is greater than permitted
[13:04:52] Explicit valence for atom # 0 Ar, 1, is greater than permitted
[13:04:52] Explicit valence for atom # 0 Ar, 1, is greater than permitted
[13:04:52] Explicit valence for atom # 0 Ar, 1, is greater than permitted
[13:04:52] Explicit valence for atom # 0 Ar, 1, is greater than permitted
[13:04:52] Explicit valence for atom # 0 Ar, 1, is greater than permitted
[13:04:52] Explicit valence for atom # 0 Ar, 1, is greater than permitted
[13:04:52] Explicit valence for atom # 0 Ar, 1, is greater than permitted
[13:04:52] Explicit valence for atom # 0 Ar, 1, is greater than permitted
[13:04:52] Explicit valence for atom # 0 Ar, 1, is greater than permitted
[13:04:52] Explicit valence for atom # 0 Ar, 1, is greater than permitted
[13:04:52] Explicit valence for atom # 0 Ar, 1, is greater than permitted
[13:04:52] Explicit valence for atom # 0 Ar, 1, is greater than permitted
[13:04:52] Explicit valence for atom # 0 Ar, 1, is greater than permitted
[13:04:52] Explicit valence for atom # 0 Ar, 1, is greater than permitted
[13:04:52] Explicit valence for atom # 0 Ar, 1, is greater than permitted
[13:04:52] Explicit valence for atom # 0 Ar, 1, is greater than permitted
[13:04:52] Explicit valence for atom # 0 Ar, 1, is greater than permitted
[13:04:52] Explicit valence for atom # 0 Ar, 1, is greater than permitted
[13:04:52] Explicit valence for atom # 0 Ar, 1, is greater than permitted
[13:04:52] Explicit valence for atom # 0 Ar, 1, is greater than permitted
[13:04:52] Explicit valence for atom # 0 Ar, 1, is greater than permitted
[13:04:52] Explicit valence for atom # 0 Ar, 1, is greater than permitted
[13:04:52] Explicit valence for atom # 0 Ar, 1, is greater than permitted
[13:04:52] Explicit valence for atom # 0 Ar, 1, is greater than permitted
[13:04:52] Explicit valence for atom # 0 Ar, 1, is greater than permitted
[13:04:52] Explicit valence for atom # 0 Ar, 1, is greater than permitted
[13:04:52] Explicit valence for atom # 0 Ar, 1, is greater than permitted
[13:04:52] Explicit valence for atom # 0 Ar, 1, is greater than permitted
[13:04:52] Explicit valence for atom # 0 Ar, 1, is greater than permitted
[13:04:52] Explicit valence for atom # 0 Ar, 1, is greater than permitted
[13:04:52] Explicit valence for atom # 0 Ar, 1, is greater than permitted
[13:04:52] Explicit valence for atom # 0 Ar, 1, is greater than permitted
[13:04:52] Explicit valence for atom # 0 Ar, 1, is greater than permitted
[13:04:52] Explicit valence for atom # 0 Ar, 1, is greater than permitted
[13:04:52] Explicit valence for atom # 0 Ar, 1, is greater than permitted
[13:04:52] Explicit valence for atom # 0 Ar, 1, is greater than permitted
[13:04:52] Explicit valence for atom # 0 Ar, 1, is greater than permitted
[13:04:52] Explicit valence for atom # 0 Ar, 1, is greater than permitted
[13:04:52] Explicit valence for atom # 0 Ar, 1, is greater than permitted
[13:04:52] Explicit valence for atom # 0 Ar, 1, is greater than permitted
[13:04:52] Explicit valence for atom # 0 Ar, 1, is greater than permitted
[13:04:52] Explicit valence for atom # 0 Ar, 1, is greater than permitted
[13:04:52] Explicit valence for atom # 0 Ar, 1, is greater than permitted
[13:04:52] Explicit valence for atom # 0 Ar, 1, is greater than permitted
[13:04:52] Explicit valence for atom # 0 Ar, 1, is greater than permitted
[13:04:52] Explicit valence for atom # 0 Ar, 1, is greater than permitted
[13:04:52] Explicit valence for atom # 0 Ar, 1, is greater than permitted
[13:04:53] Explicit valence for atom # 0 Ar, 1, is greater than permitted
[13:04:53] Explicit valence for atom # 0 Ar, 1, is greater than permitted
[13:04:53] Explicit valence for atom # 0 Ar, 1, is greater than permitted
[13:04:53] Explicit valence for atom # 0 Ar, 1, is greater than permitted
[13:04:53] Explicit valence for atom # 0 Ar, 1, is greater than permitted
[13:04:53] Explicit valence for atom # 0 Ar, 1, is greater than permitted
[13:04:53] Explicit valence for atom # 0 Ar, 1, is greater than permitted
[13:04:53] Explicit valence for atom # 0 Ar, 1, is greater than permitted
[13:04:53] Explicit valence for atom # 0 Ar, 1, is greater than permitted
[13:04:53] Explicit valence for atom # 0 Ar, 1, is greater than permitted
[13:04:53] Explicit valence for atom # 0 Ar, 1, is greater than permitted
[13:04:53] Explicit valence for atom # 0 Ar, 1, is greater than permitted
[13:04:53] Explicit valence for atom # 0 Ar, 1, is greater than permitted
[13:04:53] Explicit valence for atom # 0 Ar, 1, is greater than permitted
[13:04:53] Explicit valence for atom # 0 Ar, 1, is greater than permitted
[13:04:53] Explicit valence for atom # 0 Ar, 1, is greater than permitted
[13:04:53] Explicit valence for atom # 0 Ar, 1, is greater than permitted
[13:04:53] Explicit valence for atom # 0 Ar, 1, is greater than permitted
[13:04:53] Explicit valence for atom # 0 Ar, 1, is greater than permitted
[13:04:53] Explicit valence for atom # 0 Ar, 1, is greater than permitted
[13:04:53] Explicit valence for atom # 0 Ar, 1, is greater than permitted
[13:04:53] Explicit valence for atom # 0 Ar, 1, is greater than permitted
[13:04:53] Explicit valence for atom # 0 Ar, 1, is greater than permitted
[13:04:53] Explicit valence for atom # 0 Ar, 1, is greater than permitted
[13:04:53] Explicit valence for atom # 0 Ar, 1, is greater than permitted
[13:04:53] Explicit valence for atom # 0 Ar, 1, is greater than permitted
[13:04:53] Explicit valence for atom # 0 Ar, 1, is greater than permitted
[13:04:53] Explicit valence for atom # 0 Ar, 1, is greater than permitted
[13:04:53] Explicit valence for atom # 0 Ar, 1, is greater than permitted
[13:04:53] Explicit valence for atom # 0 Ar, 1, is greater than permitted
[13:04:53] Explicit valence for atom # 0 Ar, 1, is greater than permitted
[13:04:53] Explicit valence for atom # 0 Ar, 1, is greater than permitted
[13:04:53] Explicit valence for atom # 0 Ar, 1, is greater than permitted
[13:04:53] Explicit valence for atom # 0 Ar, 1, is greater than permitted
[13:04:53] Explicit valence for atom # 0 Ar, 1, is greater than permitted
[13:04:53] Explicit valence for atom # 0 Ar, 1, is greater than permitted
[13:04:53] Explicit valence for atom # 0 Ar, 1, is greater than permitted
[13:04:53] Explicit valence for atom # 0 Ar, 1, is greater than permitted
[13:04:53] Explicit valence for atom # 0 Ar, 1, is greater than permitted
[13:04:53] Explicit valence for atom # 0 Ar, 1, is greater than permitted
[13:04:53] Explicit valence for atom # 0 Ar, 1, is greater than permitted
[13:04:53] Explicit valence for atom # 0 Ar, 1, is greater than permitted
[13:04:53] Explicit valence for atom # 0 Ar, 1, is greater than permitted
[13:04:53] Explicit valence for atom # 0 Ar, 1, is greater than permitted
[13:04:53] Explicit valence for atom # 0 Ar, 1, is greater than permitted
[13:04:53] Explicit valence for atom # 0 Ar, 1, is greater than permitted
[13:04:53] Explicit valence for atom # 0 Ar, 1, is greater than permitted
[13:04:53] Explicit valence for atom # 0 Ar, 1, is greater than permitted
[13:04:53] Explicit valence for atom # 0 Ar, 1, is greater than permitted
[13:04:53] Explicit valence for atom # 0 Ar, 1, is greater than permitted
[13:04:53] Explicit valence for atom # 0 Ar, 1, is greater than permitted
[13:04:54] Explicit valence for atom # 0 Ar, 1, is greater than permitted
[13:04:54] Explicit valence for atom # 0 Ar, 1, is greater than permitted
[13:04:54] Explicit valence for atom # 0 Ar, 1, is greater than permitted
[13:04:54] Explicit valence for atom # 0 Ar, 1, is greater than permitted
[13:04:54] Explicit valence for atom # 0 Ar, 1, is greater than permitted
[13:04:54] Explicit valence for atom # 0 Ar, 1, is greater than permitted
[13:04:54] Explicit valence for atom # 0 Ar, 1, is greater than permitted
[13:04:54] Explicit valence for atom # 0 Ar, 1, is greater than permitted
[13:04:54] Explicit valence for atom # 0 Ar, 1, is greater than permitted
[13:04:54] Explicit valence for atom # 0 Ar, 1, is greater than permitted
[13:04:54] Explicit valence for atom # 0 Ar, 1, is greater than permitted
[13:04:54] Explicit valence for atom # 0 Ar, 1, is greater than permitted
[13:04:54] Explicit valence for atom # 0 Ar, 1, is greater than permitted
[13:04:54] Explicit valence for atom # 0 Ar, 1, is greater than permitted
[13:04:54] Explicit valence for atom # 0 Ar, 1, is greater than permitted
[13:04:54] Explicit valence for atom # 0 Ar, 1, is greater than permitted
[13:04:54] Explicit valence for atom # 0 Ar, 1, is greater than permitted
[13:04:54] Explicit valence for atom # 0 Ar, 1, is greater than permitted
[13:04:54] Explicit valence for atom # 0 Ar, 1, is greater than permitted
[13:04:54] Explicit valence for atom # 0 Ar, 1, is greater than permitted
[13:04:54] Explicit valence for atom # 0 Ar, 1, is greater than permitted
[13:04:54] Explicit valence for atom # 0 Ar, 1, is greater than permitted
[13:04:54] Explicit valence for atom # 0 Ar, 1, is greater than permitted
[13:04:54] Explicit valence for atom # 0 Ar, 1, is greater than permitted
[13:04:54] Explicit valence for atom # 0 Ar, 1, is greater than permitted
[13:04:54] Explicit valence for atom # 0 Ar, 1, is greater than permitted
[13:04:54] Explicit valence for atom # 0 Ar, 1, is greater than permitted
[13:04:54] Explicit valence for atom # 0 Ar, 1, is greater than permitted
[13:04:55] Explicit valence for atom # 0 Ar, 1, is greater than permitted
[13:04:55] Explicit valence for atom # 0 Ar, 1, is greater than permitted
[13:04:55] Explicit valence for atom # 0 Ar, 1, is greater than permitted
[13:04:55] Explicit valence for atom # 0 Ar, 1, is greater than permitted
[13:04:55] Explicit valence for atom # 0 Ar, 1, is greater than permitted
[13:04:55] Explicit valence for atom # 0 Ar, 1, is greater than permitted
[13:04:55] Explicit valence for atom # 0 Ar, 1, is greater than permitted
[13:04:55] Explicit valence for atom # 0 Ar, 1, is greater than permitted
[13:04:55] Explicit valence for atom # 0 Ar, 1, is greater than permitted
[13:04:55] Explicit valence for atom # 0 Ar, 1, is greater than permitted
[13:04:55] Explicit valence for atom # 0 Ar, 1, is greater than permitted
[13:04:55] Explicit valence for atom # 0 Ar, 1, is greater than permitted
[13:04:55] Explicit valence for atom # 0 Ar, 1, is greater than permitted
[13:04:55] Explicit valence for atom # 0 Ar, 1, is greater than permitted
[13:04:55] Explicit valence for atom # 0 Ar, 1, is greater than permitted
[13:04:55] Explicit valence for atom # 0 Ar, 1, is greater than permitted
[13:04:55] Explicit valence for atom # 0 Ar, 1, is greater than permitted
[13:04:55] Explicit valence for atom # 0 Ar, 1, is greater than permitted
[13:04:55] Explicit valence for atom # 0 Ar, 1, is greater than permitted
[13:04:55] Explicit valence for atom # 0 Ar, 1, is greater than permitted
[13:04:55] Explicit valence for atom # 0 Ar, 1, is greater than permitted
[13:04:55] Explicit valence for atom # 0 Ar, 1, is greater than permitted
[13:04:55] Explicit valence for atom # 0 Ar, 1, is greater than permitted
[13:04:55] Explicit valence for atom # 0 Ar, 1, is greater than permitted
[13:04:55] Explicit valence for atom # 0 Ar, 1, is greater than permitted
[13:04:55] Explicit valence for atom # 0 Ar, 1, is greater than permitted
[13:04:55] Explicit valence for atom # 0 Ar, 1, is greater than permitted
[13:04:55] Explicit valence for atom # 0 Ar, 1, is greater than permitted
[13:04:55] Explicit valence for atom # 0 Ar, 1, is greater than permitted
[13:04:55] Explicit valence for atom # 0 Ar, 1, is greater than permitted
[13:04:55] Explicit valence for atom # 0 Ar, 1, is greater than permitted
[13:04:55] Explicit valence for atom # 0 Ar, 1, is greater than permitted
[13:04:55] Explicit valence for atom # 0 Ar, 1, is greater than permitted
[13:04:55] Explicit valence for atom # 0 Ar, 1, is greater than permitted
[13:04:55] Explicit valence for atom # 0 Ar, 1, is greater than permitted
[13:04:55] Explicit valence for atom # 0 Ar, 1, is greater than permitted
[13:04:55] Explicit valence for atom # 0 Ar, 1, is greater than permitted
[13:04:55] Explicit valence for atom # 0 Ar, 1, is greater than permitted
[13:04:55] Explicit valence for atom # 0 Ar, 1, is greater than permitted
[13:04:55] Explicit valence for atom # 0 Ar, 1, is greater than permitted
[13:04:55] Explicit valence for atom # 0 Ar, 1, is greater than permitted
[13:04:55] Explicit valence for atom # 0 Ar, 1, is greater than permitted
[13:04:55] Explicit valence for atom # 0 Ar, 1, is greater than permitted
[13:04:55] Explicit valence for atom # 0 Ar, 1, is greater than permitted
[13:04:55] Explicit valence for atom # 0 Ar, 1, is greater than permitted
[13:04:55] Explicit valence for atom # 0 Ar, 1, is greater than permitted
[13:04:55] Explicit valence for atom # 0 Ar, 1, is greater than permitted
[13:04:55] Explicit valence for atom # 0 Ar, 1, is greater than permitted
[13:04:55] Explicit valence for atom # 0 Ar, 1, is greater than permitted
[13:04:55] Explicit valence for atom # 0 Ar, 1, is greater than permitted
[13:04:55] Explicit valence for atom # 0 Ar, 1, is greater than permitted
[13:04:55] Explicit valence for atom # 0 Ar, 1, is greater than permitted
[13:04:55] Explicit valence for atom # 0 Ar, 1, is greater than permitted
[13:04:55] Explicit valence for atom # 0 Ar, 1, is greater than permitted
[13:04:55] Explicit valence for atom # 0 Ar, 1, is greater than permitted
[13:04:55] Explicit valence for atom # 0 Ar, 1, is greater than permitted
[13:04:55] Explicit valence for atom # 0 Ar, 1, is greater than permitted
[13:04:55] Explicit valence for atom # 0 Ar, 1, is greater than permitted
[13:04:55] Explicit valence for atom # 0 Ar, 1, is greater than permitted
[13:04:55] Explicit valence for atom # 0 Ar, 1, is greater than permitted
[13:04:55] Explicit valence for atom # 0 Ar, 1, is greater than permitted
[13:04:55] Explicit valence for atom # 0 Ar, 1, is greater than permitted
[13:04:55] Explicit valence for atom # 0 Ar, 1, is greater than permitted
[13:04:55] Explicit valence for atom # 0 Ar, 1, is greater than permitted
[13:04:55] Explicit valence for atom # 0 Ar, 1, is greater than permitted
[13:04:55] Explicit valence for atom # 0 Ar, 1, is greater than permitted
[13:04:55] Explicit valence for atom # 0 Ar, 1, is greater than permitted
[13:04:55] Explicit valence for atom # 0 Ar, 1, is greater than permitted
[13:04:55] Explicit valence for atom # 0 Ar, 1, is greater than permitted
[13:04:55] Explicit valence for atom # 0 Ar, 1, is greater than permitted
[13:04:55] Explicit valence for atom # 0 Ar, 1, is greater than permitted
[13:04:55] Explicit valence for atom # 0 Ar, 1, is greater than permitted
[13:04:55] Explicit valence for atom # 0 Ar, 1, is greater than permitted
[13:04:55] Explicit valence for atom # 0 Ar, 1, is greater than permitted
[13:04:55] Explicit valence for atom # 0 Ar, 1, is greater than permitted
[13:04:55] Explicit valence for atom # 0 Ar, 1, is greater than permitted
[13:04:55] Explicit valence for atom # 0 Ar, 1, is greater than permitted
[13:04:55] Explicit valence for atom # 0 Ar, 1, is greater than permitted
[13:04:55] Explicit valence for atom # 0 Ar, 1, is greater than permitted
[13:04:55] Explicit valence for atom # 0 Ar, 1, is greater than permitted
[13:04:55] Explicit valence for atom # 0 Ar, 1, is greater than permitted
[13:04:55] Explicit valence for atom # 0 Ar, 1, is greater than permitted
[13:04:55] Explicit valence for atom # 0 Ar, 1, is greater than permitted
[13:04:55] Explicit valence for atom # 0 Ar, 1, is greater than permitted
[13:04:55] Explicit valence for atom # 0 Ar, 1, is greater than permitted
[13:04:55] Explicit valence for atom # 0 Ar, 1, is greater than permitted
[13:04:55] Explicit valence for atom # 0 Ar, 1, is greater than permitted
[13:04:55] Explicit valence for atom # 0 Ar, 1, is greater than permitted
[13:04:55] Explicit valence for atom # 0 Ar, 1, is greater than permitted
[13:04:55] Explicit valence for atom # 0 Ar, 1, is greater than permitted
[13:04:55] Explicit valence for atom # 0 Ar, 1, is greater than permitted
[13:04:55] Explicit valence for atom # 0 Ar, 1, is greater than permitted
[13:04:55] Explicit valence for atom # 0 Ar, 1, is greater than permitted
[13:04:55] Explicit valence for atom # 0 Ar, 1, is greater than permitted
[13:04:55] Explicit valence for atom # 0 Ar, 1, is greater than permitted
[13:04:55] Explicit valence for atom # 0 Ar, 1, is greater than permitted
[13:04:55] Explicit valence for atom # 0 Ar, 1, is greater than permitted
[13:04:55] Explicit valence for atom # 0 Ar, 1, is greater than permitted
[13:04:55] Explicit valence for atom # 0 Ar, 1, is greater than permitted
[13:04:55] Explicit valence for atom # 0 Ar, 1, is greater than permitted
[13:04:55] Explicit valence for atom # 0 Ar, 1, is greater than permitted
[13:04:55] Explicit valence for atom # 0 Ar, 1, is greater than permitted
[13:04:55] Explicit valence for atom # 0 Ar, 1, is greater than permitted
[13:04:55] Explicit valence for atom # 0 Ar, 1, is greater than permitted
[13:04:56] Explicit valence for atom # 0 Ar, 1, is greater than permitted
[13:04:56] Explicit valence for atom # 0 Ar, 1, is greater than permitted
[13:04:56] Explicit valence for atom # 0 Ar, 1, is greater than permitted
[13:04:56] Explicit valence for atom # 0 Ar, 1, is greater than permitted
[13:04:56] Explicit valence for atom # 0 Ar, 1, is greater than permitted
[13:04:56] Explicit valence for atom # 0 Ar, 1, is greater than permitted
[13:04:56] Explicit valence for atom # 0 Ar, 1, is greater than permitted
[13:04:56] Explicit valence for atom # 0 Ar, 1, is greater than permitted
[13:04:56] Explicit valence for atom # 0 Ar, 1, is greater than permitted
[13:04:56] Explicit valence for atom # 0 Ar, 1, is greater than permitted
[13:04:56] Explicit valence for atom # 0 Ar, 1, is greater than permitted
[13:04:56] Explicit valence for atom # 0 Ar, 1, is greater than permitted
[13:04:56] Explicit valence for atom # 0 Ar, 1, is greater than permitted
[13:04:56] Explicit valence for atom # 0 Ar, 1, is greater than permitted
[13:04:56] Explicit valence for atom # 0 Ar, 1, is greater than permitted
[13:04:56] Explicit valence for atom # 0 Ar, 1, is greater than permitted
[13:04:56] Explicit valence for atom # 0 Ar, 1, is greater than permitted
[13:04:56] Explicit valence for atom # 0 Ar, 1, is greater than permitted
[13:04:56] Explicit valence for atom # 0 Ar, 1, is greater than permitted
[13:04:56] Explicit valence for atom # 0 Ar, 1, is greater than permitted
[13:04:56] Explicit valence for atom # 0 Ar, 1, is greater than permitted
[13:04:56] Explicit valence for atom # 0 Ar, 1, is greater than permitted
[13:04:56] Explicit valence for atom # 0 Ar, 1, is greater than permitted
[13:04:56] Explicit valence for atom # 0 Ar, 1, is greater than permitted
[13:04:56] Explicit valence for atom # 0 Ar, 1, is greater than permitted
[13:04:56] Explicit valence for atom # 0 Ar, 1, is greater than permitted
[13:04:56] Explicit valence for atom # 0 Ar, 1, is greater than permitted
[13:04:56] Explicit valence for atom # 0 Ar, 1, is greater than permitted
[13:04:56] Explicit valence for atom # 0 Ar, 1, is greater than permitted
[13:04:56] Explicit valence for atom # 0 Ar, 1, is greater than permitted
[13:04:56] Explicit valence for atom # 0 Ar, 1, is greater than permitted
[13:04:56] Explicit valence for atom # 0 Ar, 1, is greater than permitted
[13:04:56] Explicit valence for atom # 0 Ar, 1, is greater than permitted
[13:04:56] Explicit valence for atom # 0 Ar, 1, is greater than permitted
[13:04:56] Explicit valence for atom # 0 Ar, 1, is greater than permitted
[13:04:56] Explicit valence for atom # 0 Ar, 1, is greater than permitted
[13:04:56] Explicit valence for atom # 0 Ar, 1, is greater than permitted
[13:04:56] Explicit valence for atom # 0 Ar, 1, is greater than permitted
[13:04:56] Explicit valence for atom # 0 Ar, 1, is greater than permitted
[13:04:56] Explicit valence for atom # 0 Ar, 1, is greater than permitted
[13:04:56] Explicit valence for atom # 0 Ar, 1, is greater than permitted
[13:04:56] Explicit valence for atom # 0 Ar, 1, is greater than permitted
[13:04:56] Explicit valence for atom # 0 Ar, 1, is greater than permitted
[13:04:56] Explicit valence for atom # 0 Ar, 1, is greater than permitted
[13:04:56] Explicit valence for atom # 0 Ar, 1, is greater than permitted
[13:04:56] Explicit valence for atom # 0 Ar, 1, is greater than permitted
[13:04:56] Explicit valence for atom # 0 Ar, 1, is greater than permitted
[13:04:56] Explicit valence for atom # 0 Ar, 1, is greater than permitted
[13:04:56] Explicit valence for atom # 0 Ar, 1, is greater than permitted
[13:04:56] Explicit valence for atom # 0 Ar, 1, is greater than permitted
[13:04:56] Explicit valence for atom # 0 Ar, 1, is greater than permitted
[13:04:56] Explicit valence for atom # 0 Ar, 1, is greater than permitted
[13:04:56] Explicit valence for atom # 0 Ar, 1, is greater than permitted
[13:04:56] Explicit valence for atom # 0 Ar, 1, is greater than permitted
[13:04:56] Explicit valence for atom # 0 Ar, 1, is greater than permitted
[13:04:56] Explicit valence for atom # 0 Ar, 1, is greater than permitted
[13:04:56] Explicit valence for atom # 0 Ar, 1, is greater than permitted
[13:04:56] Explicit valence for atom # 0 Ar, 1, is greater than permitted
[13:04:56] Explicit valence for atom # 0 Ar, 1, is greater than permitted
[13:04:56] Explicit valence for atom # 0 Ar, 1, is greater than permitted
[13:04:56] Explicit valence for atom # 0 Ar, 1, is greater than permitted
[13:04:56] Explicit valence for atom # 0 Ar, 1, is greater than permitted
[13:04:57] Explicit valence for atom # 0 Ar, 1, is greater than permitted
[13:04:57] Explicit valence for atom # 0 Ar, 1, is greater than permitted
[13:04:57] Explicit valence for atom # 0 Ar, 1, is greater than permitted
[13:04:57] Explicit valence for atom # 0 Ar, 1, is greater than permitted
[13:04:57] Explicit valence for atom # 0 Ar, 1, is greater than permitted
[13:04:57] Explicit valence for atom # 0 Ar, 1, is greater than permitted
[13:04:57] Explicit valence for atom # 0 Ar, 1, is greater than permitted
[13:04:57] Explicit valence for atom # 0 Ar, 1, is greater than permitted
[13:04:57] Explicit valence for atom # 0 Ar, 1, is greater than permitted
[13:04:57] Explicit valence for atom # 0 Ar, 1, is greater than permitted
[13:04:57] Explicit valence for atom # 0 Ar, 1, is greater than permitted
[13:04:57] Explicit valence for atom # 0 Ar, 1, is greater than permitted
[13:04:57] Explicit valence for atom # 0 Ar, 1, is greater than permitted
[13:04:57] Explicit valence for atom # 0 Ar, 1, is greater than permitted
[13:04:57] Explicit valence for atom # 0 Ar, 1, is greater than permitted
[13:04:57] Explicit valence for atom # 0 Ar, 1, is greater than permitted
[13:04:57] Explicit valence for atom # 0 Ar, 1, is greater than permitted
[13:04:57] Explicit valence for atom # 0 Ar, 1, is greater than permitted
[13:04:57] Explicit valence for atom # 0 Ar, 1, is greater than permitted
[13:04:57] Explicit valence for atom # 0 Ar, 1, is greater than permitted
[13:04:57] Explicit valence for atom # 0 Ar, 1, is greater than permitted
[13:04:57] Explicit valence for atom # 0 Ar, 1, is greater than permitted
[13:04:57] Explicit valence for atom # 0 Ar, 1, is greater than permitted
[13:04:57] Explicit valence for atom # 0 Ar, 1, is greater than permitted
[13:04:57] Explicit valence for atom # 0 Ar, 1, is greater than permitted
[13:04:57] Explicit valence for atom # 0 Ar, 1, is greater than permitted
[13:04:57] Explicit valence for atom # 0 Ar, 1, is greater than permitted
[13:04:57] Explicit valence for atom # 0 Ar, 1, is greater than permitted
[13:04:57] Explicit valence for atom # 0 Ar, 1, is greater than permitted
[13:04:57] Explicit valence for atom # 0 Ar, 1, is greater than permitted
[13:04:58] Explicit valence for atom # 0 Ar, 1, is greater than permitted
[13:04:58] Explicit valence for atom # 0 Ar, 1, is greater than permitted
[13:04:58] Explicit valence for atom # 0 Ar, 1, is greater than permitted
[13:04:58] Explicit valence for atom # 0 Ar, 1, is greater than permitted
[13:04:58] Explicit valence for atom # 0 Ar, 1, is greater than permitted
[13:04:58] Explicit valence for atom # 0 Ar, 1, is greater than permitted
[13:04:58] Explicit valence for atom # 0 Ar, 1, is greater than permitted
[13:04:58] Explicit valence for atom # 0 Ar, 1, is greater than permitted
[13:04:58] Explicit valence for atom # 0 Ar, 1, is greater than permitted
[13:04:58] Explicit valence for atom # 0 Ar, 1, is greater than permitted
[13:04:58] Explicit valence for atom # 0 Ar, 1, is greater than permitted
[13:04:58] Explicit valence for atom # 0 Ar, 1, is greater than permitted
[13:04:58] Explicit valence for atom # 0 Ar, 1, is greater than permitted
[13:04:58] Explicit valence for atom # 0 Ar, 1, is greater than permitted
[13:04:58] Explicit valence for atom # 0 Ar, 1, is greater than permitted
[13:04:58] Explicit valence for atom # 0 Ar, 1, is greater than permitted
[13:04:59] Explicit valence for atom # 0 Ar, 1, is greater than permitted
[13:04:59] Explicit valence for atom # 0 Ar, 1, is greater than permitted
[13:04:59] Explicit valence for atom # 0 Ar, 1, is greater than permitted
[13:04:59] Explicit valence for atom # 0 Ar, 1, is greater than permitted
[13:04:59] Explicit valence for atom # 0 Ar, 1, is greater than permitted
[13:04:59] Explicit valence for atom # 0 Ar, 1, is greater than permitted
[13:04:59] Explicit valence for atom # 0 Ar, 1, is greater than permitted
[13:04:59] Explicit valence for atom # 0 Ar, 1, is greater than permitted
[13:04:59] Explicit valence for atom # 0 Ar, 1, is greater than permitted
[13:04:59] Explicit valence for atom # 0 Ar, 1, is greater than permitted
[13:04:59] Explicit valence for atom # 0 Ar, 1, is greater than permitted
[13:04:59] Explicit valence for atom # 0 Ar, 1, is greater than permitted
[13:04:59] Explicit valence for atom # 0 Ar, 1, is greater than permitted
[13:04:59] Explicit valence for atom # 0 Ar, 1, is greater than permitted
[13:04:59] Explicit valence for atom # 0 Ar, 1, is greater than permitted
[13:04:59] Explicit valence for atom # 0 Ar, 1, is greater than permitted
[13:04:59] Explicit valence for atom # 0 Ar, 1, is greater than permitted
[13:04:59] Explicit valence for atom # 0 Ar, 1, is greater than permitted
[13:04:59] Explicit valence for atom # 0 Ar, 1, is greater than permitted
[13:04:59] Explicit valence for atom # 0 Ar, 1, is greater than permitted
[13:04:59] Explicit valence for atom # 0 Ar, 1, is greater than permitted
[13:04:59] Explicit valence for atom # 0 Ar, 1, is greater than permitted
[13:04:59] Explicit valence for atom # 0 Ar, 1, is greater than permitted
[13:04:59] Explicit valence for atom # 0 Ar, 1, is greater than permitted
[13:04:59] Explicit valence for atom # 0 Ar, 1, is greater than permitted
[13:04:59] Explicit valence for atom # 0 Ar, 1, is greater than permitted
[13:04:59] Explicit valence for atom # 0 Ar, 1, is greater than permitted
[13:04:59] Explicit valence for atom # 0 Ar, 1, is greater than permitted
[13:04:59] Explicit valence for atom # 0 Ar, 1, is greater than permitted
[13:04:59] Explicit valence for atom # 0 Ar, 1, is greater than permitted
[13:04:59] Explicit valence for atom # 0 Ar, 1, is greater than permitted
[13:04:59] Explicit valence for atom # 0 Ar, 1, is greater than permitted
[13:04:59] Explicit valence for atom # 0 Ar, 1, is greater than permitted
[13:04:59] Explicit valence for atom # 0 Ar, 1, is greater than permitted
[13:04:59] Explicit valence for atom # 0 Ar, 1, is greater than permitted
[13:04:59] Explicit valence for atom # 0 Ar, 1, is greater than permitted
[13:04:59] Explicit valence for atom # 0 Ar, 1, is greater than permitted
[13:04:59] Explicit valence for atom # 0 Ar, 1, is greater than permitted
[13:04:59] Explicit valence for atom # 0 Ar, 1, is greater than permitted
[13:04:59] Explicit valence for atom # 0 Ar, 1, is greater than permitted
[13:04:59] Explicit valence for atom # 0 Ar, 1, is greater than permitted
[13:04:59] Explicit valence for atom # 0 Ar, 1, is greater than permitted
[13:04:59] Explicit valence for atom # 0 Ar, 1, is greater than permitted
[13:04:59] Explicit valence for atom # 0 Ar, 1, is greater than permitted
[13:04:59] Explicit valence for atom # 0 Ar, 1, is greater than permitted
[13:04:59] Explicit valence for atom # 0 Ar, 1, is greater than permitted
[13:04:59] Explicit valence for atom # 0 Ar, 1, is greater than permitted
[13:04:59] Explicit valence for atom # 0 Ar, 1, is greater than permitted
[13:04:59] Explicit valence for atom # 0 Ar, 1, is greater than permitted
[13:04:59] Explicit valence for atom # 0 Ar, 1, is greater than permitted
[13:04:59] Explicit valence for atom # 0 Ar, 1, is greater than permitted
[13:04:59] Explicit valence for atom # 0 Ar, 1, is greater than permitted
[13:04:59] Explicit valence for atom # 0 Ar, 1, is greater than permitted
[13:04:59] Explicit valence for atom # 0 Ar, 1, is greater than permitted
[13:04:59] Explicit valence for atom # 0 Ar, 1, is greater than permitted
[13:04:59] Explicit valence for atom # 0 Ar, 1, is greater than permitted
[13:04:59] Explicit valence for atom # 0 Ar, 1, is greater than permitted
[13:04:59] Explicit valence for atom # 0 Ar, 1, is greater than permitted
[13:04:59] Explicit valence for atom # 0 Ar, 1, is greater than permitted
[13:04:59] Explicit valence for atom # 0 Ar, 1, is greater than permitted
[13:04:59] Explicit valence for atom # 0 Ar, 1, is greater than permitted
[13:04:59] Explicit valence for atom # 0 Ar, 1, is greater than permitted
[13:04:59] Explicit valence for atom # 0 Ar, 1, is greater than permitted
[13:04:59] Explicit valence for atom # 0 Ar, 1, is greater than permitted
[13:04:59] Explicit valence for atom # 0 Ar, 1, is greater than permitted
[13:04:59] Explicit valence for atom # 0 Ar, 1, is greater than permitted
[13:04:59] Explicit valence for atom # 0 Ar, 1, is greater than permitted
[13:04:59] Explicit valence for atom # 0 Ar, 1, is greater than permitted
[13:04:59] Explicit valence for atom # 0 Ar, 1, is greater than permitted
[13:04:59] Explicit valence for atom # 0 Ar, 1, is greater than permitted
[13:04:59] Explicit valence for atom # 0 Ar, 1, is greater than permitted
[13:04:59] Explicit valence for atom # 0 Ar, 1, is greater than permitted
[13:04:59] Explicit valence for atom # 0 Ar, 1, is greater than permitted
[13:04:59] Explicit valence for atom # 0 Ar, 1, is greater than permitted
[13:04:59] Explicit valence for atom # 0 Ar, 1, is greater than permitted
[13:04:59] Explicit valence for atom # 0 Ar, 1, is greater than permitted
[13:04:59] Explicit valence for atom # 0 Ar, 1, is greater than permitted
[13:04:59] Explicit valence for atom # 0 Ar, 1, is greater than permitted
[13:04:59] Explicit valence for atom # 0 Ar, 1, is greater than permitted
[13:04:59] Explicit valence for atom # 0 Ar, 1, is greater than permitted
[13:04:59] Explicit valence for atom # 0 Ar, 1, is greater than permitted
[13:04:59] Explicit valence for atom # 0 Ar, 1, is greater than permitted
[13:04:59] Explicit valence for atom # 0 Ar, 1, is greater than permitted
[13:04:59] Explicit valence for atom # 0 Ar, 1, is greater than permitted
[13:04:59] Explicit valence for atom # 0 Ar, 1, is greater than permitted
[13:04:59] Explicit valence for atom # 0 Ar, 1, is greater than permitted
[13:04:59] Explicit valence for atom # 0 Ar, 1, is greater than permitted
[13:04:59] Explicit valence for atom # 0 Ar, 1, is greater than permitted
[13:04:59] Explicit valence for atom # 0 Ar, 1, is greater than permitted
[13:04:59] Explicit valence for atom # 0 Ar, 1, is greater than permitted
[13:04:59] Explicit valence for atom # 0 Ar, 1, is greater than permitted
[13:04:59] Explicit valence for atom # 0 Ar, 1, is greater than permitted
[13:04:59] Explicit valence for atom # 0 Ar, 1, is greater than permitted
[13:04:59] Explicit valence for atom # 0 Ar, 1, is greater than permitted
[13:04:59] Explicit valence for atom # 0 Ar, 1, is greater than permitted
[13:04:59] Explicit valence for atom # 0 Ar, 1, is greater than permitted
[13:04:59] Explicit valence for atom # 0 Ar, 1, is greater than permitted
[13:04:59] Explicit valence for atom # 0 Ar, 1, is greater than permitted
[13:04:59] Explicit valence for atom # 0 Ar, 1, is greater than permitted
[13:04:59] Explicit valence for atom # 0 Ar, 1, is greater than permitted
[13:04:59] Explicit valence for atom # 0 Ar, 1, is greater than permitted
[13:04:59] Explicit valence for atom # 0 Ar, 1, is greater than permitted
[13:04:59] Explicit valence for atom # 0 Ar, 1, is greater than permitted
[13:04:59] Explicit valence for atom # 0 Ar, 1, is greater than permitted
[13:04:59] Explicit valence for atom # 0 Ar, 1, is greater than permitted
[13:04:59] Explicit valence for atom # 0 Ar, 1, is greater than permitted
[13:04:59] Explicit valence for atom # 0 Ar, 1, is greater than permitted
[13:04:59] Explicit valence for atom # 0 Ar, 1, is greater than permitted
[13:04:59] Explicit valence for atom # 0 Ar, 1, is greater than permitted
[13:04:59] Explicit valence for atom # 0 Ar, 1, is greater than permitted
[13:04:59] Explicit valence for atom # 0 Ar, 1, is greater than permitted
[13:04:59] Explicit valence for atom # 0 Ar, 1, is greater than permitted
[13:04:59] Explicit valence for atom # 0 Ar, 1, is greater than permitted
[13:04:59] Explicit valence for atom # 0 Ar, 1, is greater than permitted
[13:04:59] Explicit valence for atom # 0 Ar, 1, is greater than permitted
[13:04:59] Explicit valence for atom # 0 Ar, 1, is greater than permitted
[13:04:59] Explicit valence for atom # 0 Ar, 1, is greater than permitted
[13:04:59] Explicit valence for atom # 0 Ar, 1, is greater than permitted
[13:04:59] Explicit valence for atom # 0 Ar, 1, is greater than permitted
[13:04:59] Explicit valence for atom # 0 Ar, 1, is greater than permitted
[13:04:59] Explicit valence for atom # 0 Ar, 1, is greater than permitted
[13:04:59] Explicit valence for atom # 0 Ar, 1, is greater than permitted
[13:04:59] Explicit valence for atom # 0 Ar, 1, is greater than permitted
[13:04:59] Explicit valence for atom # 0 Ar, 1, is greater than permitted
[13:05:00] Explicit valence for atom # 0 Ar, 1, is greater than permitted
[13:05:00] Explicit valence for atom # 0 Ar, 1, is greater than permitted
[13:05:00] Explicit valence for atom # 0 Ar, 1, is greater than permitted
[13:05:00] Explicit valence for atom # 0 Ar, 1, is greater than permitted
[13:05:00] Explicit valence for atom # 0 Ar, 1, is greater than permitted
[13:05:00] Explicit valence for atom # 0 Ar, 1, is greater than permitted
[13:05:00] Explicit valence for atom # 0 Ar, 1, is greater than permitted
[13:05:00] Explicit valence for atom # 0 Ar, 1, is greater than permitted
[13:05:00] Explicit valence for atom # 0 Ar, 1, is greater than permitted
[13:05:00] Explicit valence for atom # 0 Ar, 1, is greater than permitted
[13:05:00] Explicit valence for atom # 0 Ar, 1, is greater than permitted
[13:05:00] Explicit valence for atom # 0 Ar, 1, is greater than permitted
[13:05:00] Explicit valence for atom # 0 Ar, 1, is greater than permitted
[13:05:00] Explicit valence for atom # 0 Ar, 1, is greater than permitted
[13:05:00] Explicit valence for atom # 0 Ar, 1, is greater than permitted
[13:05:00] Explicit valence for atom # 0 Ar, 1, is greater than permitted
[13:05:00] Explicit valence for atom # 0 Ar, 1, is greater than permitted
[13:05:00] Explicit valence for atom # 0 Ar, 1, is greater than permitted
[13:05:00] Explicit valence for atom # 0 Ar, 1, is greater than permitted
[13:05:00] Explicit valence for atom # 0 Ar, 1, is greater than permitted
[13:05:00] Explicit valence for atom # 0 Ar, 1, is greater than permitted
[13:05:00] Explicit valence for atom # 0 Ar, 1, is greater than permitted
[13:05:00] Explicit valence for atom # 0 Ar, 1, is greater than permitted
[13:05:00] Explicit valence for atom # 0 Ar, 1, is greater than permitted
[13:05:00] Explicit valence for atom # 0 Ar, 1, is greater than permitted
[13:05:00] Explicit valence for atom # 0 Ar, 1, is greater than permitted
[13:05:00] Explicit valence for atom # 0 Ar, 1, is greater than permitted
[13:05:00] Explicit valence for atom # 0 Ar, 1, is greater than permitted
[13:05:00] Explicit valence for atom # 0 Ar, 1, is greater than permitted
[13:05:00] Explicit valence for atom # 0 Ar, 1, is greater than permitted
[13:05:00] Explicit valence for atom # 0 Ar, 1, is greater than permitted
[13:05:00] Explicit valence for atom # 0 Ar, 1, is greater than permitted
[13:05:00] Explicit valence for atom # 0 Ar, 1, is greater than permitted
[13:05:00] Explicit valence for atom # 0 Ar, 1, is greater than permitted
[13:05:00] Explicit valence for atom # 0 Ar, 1, is greater than permitted
[13:05:00] Explicit valence for atom # 0 Ar, 1, is greater than permitted
[13:05:00] Explicit valence for atom # 0 Ar, 1, is greater than permitted
[13:05:00] Explicit valence for atom # 0 Ar, 1, is greater than permitted
[13:05:00] Explicit valence for atom # 0 Ar, 1, is greater than permitted
[13:05:00] Explicit valence for atom # 0 Ar, 1, is greater than permitted
[13:05:00] Explicit valence for atom # 0 Ar, 1, is greater than permitted
[13:05:00] Explicit valence for atom # 0 Ar, 1, is greater than permitted
[13:05:00] Explicit valence for atom # 0 Ar, 1, is greater than permitted
[13:05:00] Explicit valence for atom # 0 Ar, 1, is greater than permitted
[13:05:00] Explicit valence for atom # 0 Ar, 1, is greater than permitted
[13:05:00] Explicit valence for atom # 0 Ar, 1, is greater than permitted
[13:05:00] Explicit valence for atom # 0 Ar, 1, is greater than permitted
[13:05:00] Explicit valence for atom # 0 Ar, 1, is greater than permitted
[13:05:00] Explicit valence for atom # 0 Ar, 1, is greater than permitted
[13:05:00] Explicit valence for atom # 0 Ar, 1, is greater than permitted
[13:05:00] Explicit valence for atom # 0 Ar, 1, is greater than permitted
[13:05:00] Explicit valence for atom # 0 Ar, 1, is greater than permitted
[13:05:00] Explicit valence for atom # 0 Ar, 1, is greater than permitted
[13:05:00] Explicit valence for atom # 0 Ar, 1, is greater than permitted
[13:05:00] Explicit valence for atom # 0 Ar, 1, is greater than permitted
[13:05:00] Explicit valence for atom # 0 Ar, 1, is greater than permitted
[13:05:00] Explicit valence for atom # 0 Ar, 1, is greater than permitted
[13:05:00] Explicit valence for atom # 0 Ar, 1, is greater than permitted
[13:05:00] Explicit valence for atom # 0 Ar, 1, is greater than permitted
[13:05:00] Explicit valence for atom # 0 Ar, 1, is greater than permitted
[13:05:00] Explicit valence for atom # 0 Ar, 1, is greater than permitted
[13:05:00] Explicit valence for atom # 0 Ar, 1, is greater than permitted
[13:05:00] Explicit valence for atom # 0 Ar, 1, is greater than permitted
[13:05:00] Explicit valence for atom # 0 Ar, 1, is greater than permitted
[13:05:00] Explicit valence for atom # 0 Ar, 1, is greater than permitted
[13:05:00] Explicit valence for atom # 0 Ar, 1, is greater than permitted
[13:05:00] Explicit valence for atom # 0 Ar, 1, is greater than permitted
[13:05:00] Explicit valence for atom # 0 Ar, 1, is greater than permitted
[13:05:00] Explicit valence for atom # 0 Ar, 1, is greater than permitted
[13:05:00] Explicit valence for atom # 0 Ar, 1, is greater than permitted
[13:05:00] Explicit valence for atom # 0 Ar, 1, is greater than permitted
[13:05:00] Explicit valence for atom # 0 Ar, 1, is greater than permitted
[13:05:00] Explicit valence for atom # 0 Ar, 1, is greater than permitted
[13:05:00] Explicit valence for atom # 0 Ar, 1, is greater than permitted
[13:05:00] Explicit valence for atom # 0 Ar, 1, is greater than permitted
[13:05:00] Explicit valence for atom # 0 Ar, 1, is greater than permitted
[13:05:00] Explicit valence for atom # 0 Ar, 1, is greater than permitted
[13:05:00] Explicit valence for atom # 0 Ar, 1, is greater than permitted
[13:05:00] Explicit valence for atom # 0 Ar, 1, is greater than permitted
[13:05:00] Explicit valence for atom # 0 Ar, 1, is greater than permitted
[13:05:00] Explicit valence for atom # 0 Ar, 1, is greater than permitted
[13:05:00] Explicit valence for atom # 0 Ar, 1, is greater than permitted
[13:05:00] Explicit valence for atom # 0 Ar, 1, is greater than permitted
[13:05:00] Explicit valence for atom # 0 Ar, 1, is greater than permitted
[13:05:00] Explicit valence for atom # 0 Ar, 1, is greater than permitted
[13:05:00] Explicit valence for atom # 0 Ar, 1, is greater than permitted
[13:05:01] Explicit valence for atom # 0 Ar, 1, is greater than permitted
[13:05:01] Explicit valence for atom # 0 Ar, 1, is greater than permitted
[13:05:01] Explicit valence for atom # 0 Ar, 1, is greater than permitted
[13:05:01] Explicit valence for atom # 0 Ar, 1, is greater than permitted
[13:05:01] Explicit valence for atom # 0 Ar, 1, is greater than permitted
[13:05:01] Explicit valence for atom # 0 Ar, 1, is greater than permitted
[13:05:01] Explicit valence for atom # 0 Ar, 1, is greater than permitted
[13:05:01] Explicit valence for atom # 0 Ar, 1, is greater than permitted
[13:05:01] Explicit valence for atom # 0 Ar, 1, is greater than permitted
[13:05:01] Explicit valence for atom # 0 Ar, 1, is greater than permitted
[13:05:01] Explicit valence for atom # 0 Ar, 1, is greater than permitted
[13:05:01] Explicit valence for atom # 0 Ar, 1, is greater than permitted
[13:05:01] Explicit valence for atom # 0 Ar, 1, is greater than permitted
[13:05:01] Explicit valence for atom # 0 Ar, 1, is greater than permitted
[13:05:01] Explicit valence for atom # 0 Ar, 1, is greater than permitted
[13:05:01] Explicit valence for atom # 0 Ar, 1, is greater than permitted
[13:05:01] Explicit valence for atom # 0 Ar, 1, is greater than permitted
[13:05:01] Explicit valence for atom # 0 Ar, 1, is greater than permitted
[13:05:01] Explicit valence for atom # 0 Ar, 1, is greater than permitted
[13:05:01] Explicit valence for atom # 0 Ar, 1, is greater than permitted
[13:05:01] Explicit valence for atom # 0 Ar, 1, is greater than permitted
[13:05:01] Explicit valence for atom # 0 Ar, 1, is greater than permitted
[13:05:01] Explicit valence for atom # 0 Ar, 1, is greater than permitted
[13:05:01] Explicit valence for atom # 0 Ar, 1, is greater than permitted
[13:05:01] Explicit valence for atom # 0 Ar, 1, is greater than permitted
[13:05:01] Explicit valence for atom # 0 Ar, 1, is greater than permitted
[13:05:01] Explicit valence for atom # 0 Ar, 1, is greater than permitted
[13:05:01] Explicit valence for atom # 0 Ar, 1, is greater than permitted
[13:05:01] Explicit valence for atom # 0 Ar, 1, is greater than permitted
[13:05:01] Explicit valence for atom # 0 Ar, 1, is greater than permitted
[13:05:01] Explicit valence for atom # 0 Ar, 1, is greater than permitted
[13:05:01] Explicit valence for atom # 0 Ar, 1, is greater than permitted
[13:05:01] Explicit valence for atom # 0 Ar, 1, is greater than permitted
[13:05:01] Explicit valence for atom # 0 Ar, 1, is greater than permitted
[13:05:01] Explicit valence for atom # 0 Ar, 1, is greater than permitted
[13:05:01] Explicit valence for atom # 0 Ar, 1, is greater than permitted
[13:05:01] Explicit valence for atom # 0 Ar, 1, is greater than permitted
[13:05:01] Explicit valence for atom # 0 Ar, 1, is greater than permitted
[13:05:01] Explicit valence for atom # 0 Ar, 1, is greater than permitted
[13:05:01] Explicit valence for atom # 0 Ar, 1, is greater than permitted
[13:05:01] Explicit valence for atom # 0 Ar, 1, is greater than permitted
[13:05:01] Explicit valence for atom # 0 Ar, 1, is greater than permitted
[13:05:01] Explicit valence for atom # 0 Ar, 1, is greater than permitted
[13:05:01] Explicit valence for atom # 0 Ar, 1, is greater than permitted
[13:05:01] Explicit valence for atom # 0 Ar, 1, is greater than permitted
[13:05:01] Explicit valence for atom # 0 Ar, 1, is greater than permitted
[13:05:01] Explicit valence for atom # 0 Ar, 1, is greater than permitted
[13:05:02] Explicit valence for atom # 0 Ar, 1, is greater than permitted
[13:05:02] Explicit valence for atom # 0 Ar, 1, is greater than permitted
[13:05:02] Explicit valence for atom # 0 Ar, 1, is greater than permitted
[13:05:02] Explicit valence for atom # 0 Ar, 1, is greater than permitted
[13:05:02] Explicit valence for atom # 0 Ar, 1, is greater than permitted
[13:05:02] Explicit valence for atom # 0 Ar, 1, is greater than permitted
[13:05:02] Explicit valence for atom # 0 Ar, 1, is greater than permitted
[13:05:02] Explicit valence for atom # 0 Ar, 1, is greater than permitted
[13:05:02] Explicit valence for atom # 0 Ar, 1, is greater than permitted
[13:05:02] Explicit valence for atom # 0 Ar, 1, is greater than permitted
[13:05:02] Explicit valence for atom # 0 Ar, 1, is greater than permitted
[13:05:02] Explicit valence for atom # 0 Ar, 1, is greater than permitted
[13:05:02] Explicit valence for atom # 0 Ar, 1, is greater than permitted
[13:05:02] Explicit valence for atom # 0 Ar, 1, is greater than permitted
[13:05:02] Explicit valence for atom # 0 Ar, 1, is greater than permitted
[13:05:02] Explicit valence for atom # 0 Ar, 1, is greater than permitted
[13:05:02] Explicit valence for atom # 0 Ar, 1, is greater than permitted
[13:05:02] Explicit valence for atom # 0 Ar, 1, is greater than permitted
[13:05:02] Explicit valence for atom # 0 Ar, 1, is greater than permitted
[13:05:02] Explicit valence for atom # 0 Ar, 1, is greater than permitted
[13:05:03] Explicit valence for atom # 0 Ar, 1, is greater than permitted
[13:05:03] Explicit valence for atom # 0 Ar, 1, is greater than permitted
[13:05:03] Explicit valence for atom # 0 Ar, 1, is greater than permitted
[13:05:03] Explicit valence for atom # 0 Ar, 1, is greater than permitted
[13:05:03] Explicit valence for atom # 0 Ar, 1, is greater than permitted
[13:05:03] Explicit valence for atom # 0 Ar, 1, is greater than permitted
[13:05:03] Explicit valence for atom # 0 Ar, 1, is greater than permitted
[13:05:03] Explicit valence for atom # 0 Ar, 1, is greater than permitted
[13:05:03] Explicit valence for atom # 0 Ar, 1, is greater than permitted
[13:05:03] Explicit valence for atom # 0 Ar, 1, is greater than permitted
[13:05:03] Explicit valence for atom # 0 Ar, 1, is greater than permitted
[13:05:03] Explicit valence for atom # 0 Ar, 1, is greater than permitted
[13:05:03] Explicit valence for atom # 0 Ar, 1, is greater than permitted
[13:05:03] Explicit valence for atom # 0 Ar, 1, is greater than permitted
[13:05:03] Explicit valence for atom # 0 Ar, 1, is greater than permitted
[13:05:03] Explicit valence for atom # 0 Ar, 1, is greater than permitted
[13:05:03] Explicit valence for atom # 0 Ar, 1, is greater than permitted
[13:05:03] Explicit valence for atom # 0 Ar, 1, is greater than permitted
[13:05:03] Explicit valence for atom # 0 Ar, 1, is greater than permitted
[13:05:03] Explicit valence for atom # 0 Ar, 1, is greater than permitted
[13:05:03] Explicit valence for atom # 0 Ar, 1, is greater than permitted
[13:05:03] Explicit valence for atom # 0 Ar, 1, is greater than permitted
[13:05:03] Explicit valence for atom # 0 Ar, 1, is greater than permitted
[13:05:03] Explicit valence for atom # 0 Ar, 1, is greater than permitted
[13:05:03] Explicit valence for atom # 0 Ar, 1, is greater than permitted
[13:05:04] Explicit valence for atom # 0 Ar, 1, is greater than permitted
[13:05:04] Explicit valence for atom # 0 Ar, 1, is greater than permitted
[13:05:04] Explicit valence for atom # 0 Ar, 1, is greater than permitted
[13:05:04] Explicit valence for atom # 0 Ar, 1, is greater than permitted
[13:05:04] Explicit valence for atom # 0 Ar, 1, is greater than permitted
[13:05:04] Explicit valence for atom # 0 Ar, 1, is greater than permitted
[13:05:04] Explicit valence for atom # 0 Ar, 1, is greater than permitted
[13:05:04] Explicit valence for atom # 0 Ar, 1, is greater than permitted
[13:05:04] Explicit valence for atom # 0 Ar, 1, is greater than permitted
[13:05:04] Explicit valence for atom # 0 Ar, 1, is greater than permitted
[13:05:04] Explicit valence for atom # 0 Ar, 1, is greater than permitted
[13:05:04] Explicit valence for atom # 0 Ar, 1, is greater than permitted
[13:05:04] Explicit valence for atom # 0 Ar, 1, is greater than permitted
[13:05:04] Explicit valence for atom # 0 Ar, 1, is greater than permitted
[13:05:04] Explicit valence for atom # 0 Ar, 1, is greater than permitted
[13:05:04] Explicit valence for atom # 0 Ar, 1, is greater than permitted
[13:05:04] Explicit valence for atom # 0 Ar, 1, is greater than permitted
[13:05:04] Explicit valence for atom # 0 Ar, 1, is greater than permitted
[13:05:04] Explicit valence for atom # 0 Ar, 1, is greater than permitted
[13:05:04] Explicit valence for atom # 0 Ar, 1, is greater than permitted
[13:05:04] Explicit valence for atom # 0 Ar, 1, is greater than permitted
[13:05:04] Explicit valence for atom # 0 Ar, 1, is greater than permitted
[13:05:04] Explicit valence for atom # 0 Ar, 1, is greater than permitted
[13:05:04] Explicit valence for atom # 0 Ar, 1, is greater than permitted
[13:05:04] Explicit valence for atom # 0 Ar, 1, is greater than permitted
[13:05:04] Explicit valence for atom # 0 Ar, 1, is greater than permitted
[13:05:04] Explicit valence for atom # 0 Ar, 1, is greater than permitted
[13:05:04] Explicit valence for atom # 0 Ar, 1, is greater than permitted
[13:05:04] Explicit valence for atom # 0 Ar, 1, is greater than permitted
[13:05:04] Explicit valence for atom # 0 Ar, 1, is greater than permitted
[13:05:04] Explicit valence for atom # 0 Ar, 1, is greater than permitted
[13:05:04] Explicit valence for atom # 0 Ar, 1, is greater than permitted
[13:05:04] Explicit valence for atom # 0 Ar, 1, is greater than permitted
[13:05:04] Explicit valence for atom # 0 Ar, 1, is greater than permitted
[13:05:04] Explicit valence for atom # 0 Ar, 1, is greater than permitted
[13:05:04] Explicit valence for atom # 0 Ar, 1, is greater than permitted
[13:05:04] Explicit valence for atom # 0 Ar, 1, is greater than permitted
[13:05:04] Explicit valence for atom # 0 Ar, 1, is greater than permitted
[13:05:04] Explicit valence for atom # 0 Ar, 1, is greater than permitted
[13:05:04] Explicit valence for atom # 0 Ar, 1, is greater than permitted
[13:05:04] Explicit valence for atom # 0 Ar, 1, is greater than permitted
[13:05:04] Explicit valence for atom # 0 Ar, 1, is greater than permitted
[13:05:04] Explicit valence for atom # 0 Ar, 1, is greater than permitted
[13:05:04] Explicit valence for atom # 0 Ar, 1, is greater than permitted
[13:05:04] Explicit valence for atom # 0 Ar, 1, is greater than permitted
[13:05:04] Explicit valence for atom # 0 Ar, 1, is greater than permitted
[13:05:04] Explicit valence for atom # 0 Ar, 1, is greater than permitted
[13:05:04] Explicit valence for atom # 0 Ar, 1, is greater than permitted
[13:05:04] Explicit valence for atom # 0 Ar, 1, is greater than permitted
[13:05:04] Explicit valence for atom # 0 Ar, 1, is greater than permitted
[13:05:04] Explicit valence for atom # 0 Ar, 1, is greater than permitted
[13:05:04] Explicit valence for atom # 0 Ar, 1, is greater than permitted
[13:05:04] Explicit valence for atom # 0 Ar, 1, is greater than permitted
[13:05:04] Explicit valence for atom # 0 Ar, 1, is greater than permitted
[13:05:04] Explicit valence for atom # 0 Ar, 1, is greater than permitted
[13:05:04] Explicit valence for atom # 0 Ar, 1, is greater than permitted
[13:05:22] Explicit valence for atom # 0 Ar, 1, is greater than permitted
[13:05:22] Explicit valence for atom # 0 Ar, 1, is greater than permitted
[13:05:22] Explicit valence for atom # 0 Ar, 1, is greater than permitted
[13:05:22] Explicit valence for atom # 0 Ar, 1, is greater than permitted
[13:05:22] Explicit valence for atom # 0 Ar, 1, is greater than permitted
[13:05:22] Explicit valence for atom # 0 Ar, 1, is greater than permitted
[13:05:22] Explicit valence for atom # 0 Ar, 1, is greater than permitted
[13:05:22] Explicit valence for atom # 0 Ar, 1, is greater than permitted
[13:05:22] Explicit valence for atom # 0 Ar, 1, is greater than permitted
[13:05:22] Explicit valence for atom # 0 Ar, 1, is greater than permitted
[13:05:22] Explicit valence for atom # 0 Ar, 1, is greater than permitted
[13:05:22] Explicit valence for atom # 0 Ar, 1, is greater than permitted
[13:05:22] Explicit valence for atom # 0 Ar, 1, is greater than permitted
[13:05:22] Explicit valence for atom # 0 Ar, 1, is greater than permitted
[13:05:22] Explicit valence for atom # 0 Ar, 1, is greater than permitted
[13:05:22] Explicit valence for atom # 0 Ar, 1, is greater than permitted
[13:05:22] Explicit valence for atom # 0 Ar, 1, is greater than permitted
[13:05:22] Explicit valence for atom # 0 Ar, 1, is greater than permitted
[13:05:22] Explicit valence for atom # 0 Ar, 1, is greater than permitted
[13:05:22] Explicit valence for atom # 0 Ar, 1, is greater than permitted
[13:05:22] Explicit valence for atom # 0 Ar, 1, is greater than permitted
[13:05:22] Explicit valence for atom # 0 Ar, 1, is greater than permitted
[13:05:22] Explicit valence for atom # 0 Ar, 1, is greater than permitted
[13:05:22] Explicit valence for atom # 0 Ar, 1, is greater than permitted
[13:05:22] Explicit valence for atom # 0 Ar, 1, is greater than permitted
[13:05:22] Explicit valence for atom # 0 Ar, 1, is greater than permitted
[13:05:22] Explicit valence for atom # 0 Ar, 1, is greater than permitted
[13:05:22] Explicit valence for atom # 0 Ar, 1, is greater than permitted
[13:05:22] Explicit valence for atom # 0 Ar, 1, is greater than permitted
[13:05:22] Explicit valence for atom # 0 Ar, 1, is greater than permitted
[13:05:22] Explicit valence for atom # 0 Ar, 1, is greater than permitted
[13:05:22] Explicit valence for atom # 0 Ar, 1, is greater than permitted
[13:05:22] Explicit valence for atom # 0 Ar, 1, is greater than permitted
[13:05:22] Explicit valence for atom # 0 Ar, 1, is greater than permitted
[13:05:22] Explicit valence for atom # 0 Ar, 1, is greater than permitted
[13:05:22] Explicit valence for atom # 0 Ar, 1, is greater than permitted
[13:05:22] Explicit valence for atom # 0 Ar, 1, is greater than permitted
[13:05:22] Explicit valence for atom # 0 Ar, 1, is greater than permitted
[13:05:22] Explicit valence for atom # 0 Ar, 1, is greater than permitted
[13:05:22] Explicit valence for atom # 0 Ar, 1, is greater than permitted
[13:05:22] Explicit valence for atom # 0 Ar, 1, is greater than permitted
[13:05:22] Explicit valence for atom # 0 Ar, 1, is greater than permitted
[13:05:22] Explicit valence for atom # 0 Ar, 1, is greater than permitted
[13:05:22] Explicit valence for atom # 0 Ar, 1, is greater than permitted
[13:05:22] Explicit valence for atom # 0 Ar, 1, is greater than permitted
[13:05:22] Explicit valence for atom # 0 Ar, 1, is greater than permitted
[13:05:22] Explicit valence for atom # 0 Ar, 1, is greater than permitted
[13:05:22] Explicit valence for atom # 0 Ar, 1, is greater than permitted
[13:05:23] Explicit valence for atom # 0 Ar, 1, is greater than permitted
[13:05:23] Explicit valence for atom # 0 Ar, 1, is greater than permitted
[13:05:23] Explicit valence for atom # 0 Ar, 1, is greater than permitted
[13:05:23] Explicit valence for atom # 0 Ar, 1, is greater than permitted
[13:05:23] Explicit valence for atom # 0 Ar, 1, is greater than permitted
[13:05:23] Explicit valence for atom # 0 Ar, 1, is greater than permitted
[13:05:23] Explicit valence for atom # 0 Ar, 1, is greater than permitted
[13:05:23] Explicit valence for atom # 0 Ar, 1, is greater than permitted
[13:05:23] Explicit valence for atom # 0 Ar, 1, is greater than permitted
[13:05:23] Explicit valence for atom # 0 Ar, 1, is greater than permitted
[13:05:23] Explicit valence for atom # 0 Ar, 1, is greater than permitted
[13:05:23] Explicit valence for atom # 0 Ar, 1, is greater than permitted
[13:05:23] Explicit valence for atom # 0 Ar, 1, is greater than permitted
[13:05:23] Explicit valence for atom # 0 Ar, 1, is greater than permitted
[13:05:23] Explicit valence for atom # 0 Ar, 1, is greater than permitted
[13:05:23] Explicit valence for atom # 0 Ar, 1, is greater than permitted
[13:05:23] Explicit valence for atom # 0 Ar, 1, is greater than permitted
[13:05:23] Explicit valence for atom # 0 Ar, 1, is greater than permitted
[13:05:23] Explicit valence for atom # 0 Ar, 1, is greater than permitted
[13:05:23] Explicit valence for atom # 0 Ar, 1, is greater than permitted
[13:05:23] Explicit valence for atom # 0 Ar, 1, is greater than permitted
[13:05:23] Explicit valence for atom # 0 Ar, 1, is greater than permitted
[13:05:23] Explicit valence for atom # 0 Ar, 1, is greater than permitted
[13:05:23] Explicit valence for atom # 0 Ar, 1, is greater than permitted
[13:05:23] Explicit valence for atom # 0 Ar, 1, is greater than permitted
[13:05:23] Explicit valence for atom # 0 Ar, 1, is greater than permitted
[13:05:23] Explicit valence for atom # 0 Ar, 1, is greater than permitted
[13:05:23] Explicit valence for atom # 0 Ar, 1, is greater than permitted
[13:05:23] Explicit valence for atom # 0 Ar, 1, is greater than permitted
[13:05:23] Explicit valence for atom # 0 Ar, 1, is greater than permitted
[13:05:23] Explicit valence for atom # 0 Ar, 1, is greater than permitted
[13:05:23] Explicit valence for atom # 0 Ar, 1, is greater than permitted
[13:05:23] Explicit valence for atom # 0 Ar, 1, is greater than permitted
[13:05:23] Explicit valence for atom # 0 Ar, 1, is greater than permitted
[13:05:23] Explicit valence for atom # 0 Ar, 1, is greater than permitted
[13:05:23] Explicit valence for atom # 0 Ar, 1, is greater than permitted
[13:05:23] Explicit valence for atom # 0 Ar, 1, is greater than permitted
[13:05:23] Explicit valence for atom # 0 Ar, 1, is greater than permitted
[13:05:23] Explicit valence for atom # 0 Ar, 1, is greater than permitted
[13:05:23] Explicit valence for atom # 0 Ar, 1, is greater than permitted
[13:05:23] Explicit valence for atom # 0 Ar, 1, is greater than permitted
[13:05:23] Explicit valence for atom # 0 Ar, 1, is greater than permitted
[13:05:23] Explicit valence for atom # 0 Ar, 1, is greater than permitted
[13:05:23] Explicit valence for atom # 0 Ar, 1, is greater than permitted
[13:05:23] Explicit valence for atom # 0 Ar, 1, is greater than permitted
[13:05:23] Explicit valence for atom # 0 Ar, 1, is greater than permitted
[13:05:23] Explicit valence for atom # 0 Ar, 1, is greater than permitted
[13:05:23] Explicit valence for atom # 0 Ar, 1, is greater than permitted
[13:05:23] Explicit valence for atom # 0 Ar, 1, is greater than permitted
[13:05:23] Explicit valence for atom # 0 Ar, 1, is greater than permitted
[13:05:23] Explicit valence for atom # 0 Ar, 1, is greater than permitted
[13:05:23] Explicit valence for atom # 0 Ar, 1, is greater than permitted
[13:05:23] Explicit valence for atom # 0 Ar, 1, is greater than permitted
[13:05:23] Explicit valence for atom # 0 Ar, 1, is greater than permitted
[13:05:23] Explicit valence for atom # 0 Ar, 1, is greater than permitted
[13:05:23] Explicit valence for atom # 0 Ar, 1, is greater than permitted
[13:05:23] Explicit valence for atom # 0 Ar, 1, is greater than permitted
[13:05:23] Explicit valence for atom # 0 Ar, 1, is greater than permitted
[13:05:23] Explicit valence for atom # 0 Ar, 1, is greater than permitted
[13:05:23] Explicit valence for atom # 0 Ar, 1, is greater than permitted
[13:05:24] Explicit valence for atom # 0 Ar, 1, is greater than permitted
[13:05:24] Explicit valence for atom # 0 Ar, 1, is greater than permitted
[13:05:24] Explicit valence for atom # 0 Ar, 1, is greater than permitted
[13:05:24] Explicit valence for atom # 0 Ar, 1, is greater than permitted
[13:05:24] Explicit valence for atom # 0 Ar, 1, is greater than permitted
[13:05:24] Explicit valence for atom # 0 Ar, 1, is greater than permitted
[13:05:24] Explicit valence for atom # 0 Ar, 1, is greater than permitted
[13:05:24] Explicit valence for atom # 0 Ar, 1, is greater than permitted
[13:05:24] Explicit valence for atom # 0 Ar, 1, is greater than permitted
[13:05:24] Explicit valence for atom # 0 Ar, 1, is greater than permitted
[13:05:24] Explicit valence for atom # 0 Ar, 1, is greater than permitted
[13:05:24] Explicit valence for atom # 0 Ar, 1, is greater than permitted
[13:05:24] Explicit valence for atom # 0 Ar, 1, is greater than permitted
[13:05:24] Explicit valence for atom # 0 Ar, 1, is greater than permitted
[13:05:24] Explicit valence for atom # 0 Ar, 1, is greater than permitted
[13:05:24] Explicit valence for atom # 0 Ar, 1, is greater than permitted
[13:05:24] Explicit valence for atom # 0 Ar, 1, is greater than permitted
[13:05:24] Explicit valence for atom # 0 Ar, 1, is greater than permitted
[13:05:24] Explicit valence for atom # 0 Ar, 1, is greater than permitted
[13:05:24] Explicit valence for atom # 0 Ar, 1, is greater than permitted
[13:05:24] Explicit valence for atom # 0 Ar, 1, is greater than permitted
[13:05:24] Explicit valence for atom # 0 Ar, 1, is greater than permitted
[13:05:24] Explicit valence for atom # 0 Ar, 1, is greater than permitted
[13:05:24] Explicit valence for atom # 0 Ar, 1, is greater than permitted
[13:05:24] Explicit valence for atom # 0 Ar, 1, is greater than permitted
[13:05:24] Explicit valence for atom # 0 Ar, 1, is greater than permitted
[13:05:24] Explicit valence for atom # 0 Ar, 1, is greater than permitted
[13:05:24] Explicit valence for atom # 0 Ar, 1, is greater than permitted
[13:05:24] Explicit valence for atom # 0 Ar, 1, is greater than permitted
[13:05:24] Explicit valence for atom # 0 Ar, 1, is greater than permitted
[13:05:24] Explicit valence for atom # 0 Ar, 1, is greater than permitted
[13:05:24] Explicit valence for atom # 0 Ar, 1, is greater than permitted
[13:05:24] Explicit valence for atom # 0 Ar, 1, is greater than permitted
[13:05:24] Explicit valence for atom # 0 Ar, 1, is greater than permitted
[13:05:24] Explicit valence for atom # 0 Ar, 1, is greater than permitted
[13:05:24] Explicit valence for atom # 0 Ar, 1, is greater than permitted
[13:05:24] Explicit valence for atom # 0 Ar, 1, is greater than permitted
[13:05:24] Explicit valence for atom # 0 Ar, 1, is greater than permitted
[13:05:24] Explicit valence for atom # 0 Ar, 1, is greater than permitted
[13:05:24] Explicit valence for atom # 0 Ar, 1, is greater than permitted
[13:05:24] Explicit valence for atom # 0 Ar, 1, is greater than permitted
[13:05:24] Explicit valence for atom # 0 Ar, 1, is greater than permitted
[13:05:24] Explicit valence for atom # 0 Ar, 1, is greater than permitted
[13:05:24] Explicit valence for atom # 0 Ar, 1, is greater than permitted
[13:05:24] Explicit valence for atom # 0 Ar, 1, is greater than permitted
[13:05:24] Explicit valence for atom # 0 Ar, 1, is greater than permitted
[13:05:24] Explicit valence for atom # 0 Ar, 1, is greater than permitted
[13:05:24] Explicit valence for atom # 0 Ar, 1, is greater than permitted
[13:05:24] Explicit valence for atom # 0 Ar, 1, is greater than permitted
[13:05:24] Explicit valence for atom # 0 Ar, 1, is greater than permitted
[13:05:24] Explicit valence for atom # 0 Ar, 1, is greater than permitted
[13:05:24] Explicit valence for atom # 0 Ar, 1, is greater than permitted
[13:05:24] Explicit valence for atom # 0 Ar, 1, is greater than permitted
[13:05:24] Explicit valence for atom # 0 Ar, 1, is greater than permitted
[13:05:25] Explicit valence for atom # 0 Ar, 1, is greater than permitted
[13:05:25] Explicit valence for atom # 0 Ar, 1, is greater than permitted
[13:05:25] Explicit valence for atom # 0 Ar, 1, is greater than permitted
[13:05:25] Explicit valence for atom # 0 Ar, 1, is greater than permitted
[13:05:25] Explicit valence for atom # 0 Ar, 1, is greater than permitted
[13:05:25] Explicit valence for atom # 0 Ar, 1, is greater than permitted
[13:05:25] Explicit valence for atom # 0 Ar, 1, is greater than permitted
[13:05:25] Explicit valence for atom # 0 Ar, 1, is greater than permitted
[13:05:25] Explicit valence for atom # 0 Ar, 1, is greater than permitted
[13:05:25] Explicit valence for atom # 0 Ar, 1, is greater than permitted
[13:05:25] Explicit valence for atom # 0 Ar, 1, is greater than permitted
[13:05:25] Explicit valence for atom # 0 Ar, 1, is greater than permitted
[13:05:25] Explicit valence for atom # 0 Ar, 1, is greater than permitted
[13:05:25] Explicit valence for atom # 0 Ar, 1, is greater than permitted
[13:05:25] Explicit valence for atom # 0 Ar, 1, is greater than permitted
[13:05:25] Explicit valence for atom # 0 Ar, 1, is greater than permitted
[13:05:25] Explicit valence for atom # 0 Ar, 1, is greater than permitted
[13:05:25] Explicit valence for atom # 0 Ar, 1, is greater than permitted
[13:05:25] Explicit valence for atom # 0 Ar, 1, is greater than permitted
[13:05:25] Explicit valence for atom # 0 Ar, 1, is greater than permitted
[13:05:25] Explicit valence for atom # 0 Ar, 1, is greater than permitted
[13:05:25] Explicit valence for atom # 0 Ar, 1, is greater than permitted
[13:05:25] Explicit valence for atom # 0 Ar, 1, is greater than permitted
[13:05:25] Explicit valence for atom # 0 Ar, 1, is greater than permitted
[13:05:25] Explicit valence for atom # 0 Ar, 1, is greater than permitted
[13:05:25] Explicit valence for atom # 0 Ar, 1, is greater than permitted
[13:05:25] Explicit valence for atom # 0 Ar, 1, is greater than permitted
[13:05:25] Explicit valence for atom # 0 Ar, 1, is greater than permitted
[13:05:25] Explicit valence for atom # 0 Ar, 1, is greater than permitted
[13:05:25] Explicit valence for atom # 0 Ar, 1, is greater than permitted
[13:05:25] Explicit valence for atom # 0 Ar, 1, is greater than permitted
[13:05:25] Explicit valence for atom # 0 Ar, 1, is greater than permitted
[13:05:25] Explicit valence for atom # 0 Ar, 1, is greater than permitted
[13:05:44] Explicit valence for atom # 0 Ar, 1, is greater than permitted
[13:05:44] Explicit valence for atom # 0 Ar, 1, is greater than permitted
[13:05:44] Explicit valence for atom # 0 Ar, 1, is greater than permitted
[13:05:44] Explicit valence for atom # 0 Ar, 1, is greater than permitted
[13:05:44] Explicit valence for atom # 0 Ar, 1, is greater than permitted
[13:05:44] Explicit valence for atom # 0 Ar, 1, is greater than permitted
[13:05:44] Explicit valence for atom # 0 Ar, 1, is greater than permitted
[13:05:44] Explicit valence for atom # 0 Ar, 1, is greater than permitted
[13:05:44] Explicit valence for atom # 0 Ar, 1, is greater than permitted
[13:05:44] Explicit valence for atom # 0 Ar, 1, is greater than permitted
[13:05:44] Explicit valence for atom # 0 Ar, 1, is greater than permitted
[13:05:44] Explicit valence for atom # 0 Ar, 1, is greater than permitted
[13:05:44] Explicit valence for atom # 0 Ar, 1, is greater than permitted
[13:05:44] Explicit valence for atom # 0 Ar, 1, is greater than permitted
[13:05:44] Explicit valence for atom # 0 Ar, 1, is greater than permitted
[13:05:44] Explicit valence for atom # 0 Ar, 1, is greater than permitted
[13:05:44] Explicit valence for atom # 0 Ar, 1, is greater than permitted
[13:05:44] Explicit valence for atom # 0 Ar, 1, is greater than permitted
[13:05:44] Explicit valence for atom # 0 Ar, 1, is greater than permitted
[13:05:44] Explicit valence for atom # 0 Ar, 1, is greater than permitted
[13:05:44] Explicit valence for atom # 0 Ar, 1, is greater than permitted
[13:05:44] Explicit valence for atom # 0 Ar, 1, is greater than permitted
[13:05:44] Explicit valence for atom # 0 Ar, 1, is greater than permitted
[13:05:44] Explicit valence for atom # 0 Ar, 1, is greater than permitted
[13:05:44] Explicit valence for atom # 0 Ar, 1, is greater than permitted
[13:05:44] Explicit valence for atom # 0 Ar, 1, is greater than permitted
[13:05:44] Explicit valence for atom # 0 Ar, 1, is greater than permitted
[13:05:44] Explicit valence for atom # 0 Ar, 1, is greater than permitted
[13:05:44] Explicit valence for atom # 0 Ar, 1, is greater than permitted
[13:05:44] Explicit valence for atom # 0 Ar, 1, is greater than permitted
[13:05:44] Explicit valence for atom # 0 Ar, 1, is greater than permitted
[13:05:44] Explicit valence for atom # 0 Ar, 1, is greater than permitted
[13:05:44] Explicit valence for atom # 0 Ar, 1, is greater than permitted
[13:05:44] Explicit valence for atom # 0 Ar, 1, is greater than permitted
[13:05:44] Explicit valence for atom # 0 Ar, 1, is greater than permitted
[13:05:44] Explicit valence for atom # 0 Ar, 1, is greater than permitted
[13:05:44] Explicit valence for atom # 0 Ar, 1, is greater than permitted
[13:05:44] Explicit valence for atom # 0 Ar, 1, is greater than permitted
[13:05:44] Explicit valence for atom # 0 Ar, 1, is greater than permitted
[13:05:44] Explicit valence for atom # 0 Ar, 1, is greater than permitted
[13:05:44] Explicit valence for atom # 0 Ar, 1, is greater than permitted
[13:05:44] Explicit valence for atom # 0 Ar, 1, is greater than permitted
[13:05:44] Explicit valence for atom # 0 Ar, 1, is greater than permitted
[13:05:44] Explicit valence for atom # 0 Ar, 1, is greater than permitted
[13:05:44] Explicit valence for atom # 0 Ar, 1, is greater than permitted
[13:05:44] Explicit valence for atom # 0 Ar, 1, is greater than permitted
[13:05:44] Explicit valence for atom # 0 Ar, 1, is greater than permitted
[13:05:44] Explicit valence for atom # 0 Ar, 1, is greater than permitted
[13:05:44] Explicit valence for atom # 0 Ar, 1, is greater than permitted
[13:05:44] Explicit valence for atom # 0 Ar, 1, is greater than permitted
[13:05:44] Explicit valence for atom # 0 Ar, 1, is greater than permitted
[13:05:44] Explicit valence for atom # 0 Ar, 1, is greater than permitted
[13:05:44] Explicit valence for atom # 0 Ar, 1, is greater than permitted
[13:05:44] Explicit valence for atom # 0 Ar, 1, is greater than permitted
[13:05:44] Explicit valence for atom # 0 Ar, 1, is greater than permitted
[13:05:44] Explicit valence for atom # 0 Ar, 1, is greater than permitted
[13:05:44] Explicit valence for atom # 0 Ar, 1, is greater than permitted
[13:05:44] Explicit valence for atom # 0 Ar, 1, is greater than permitted
[13:05:44] Explicit valence for atom # 0 Ar, 1, is greater than permitted
[13:05:44] Explicit valence for atom # 0 Ar, 1, is greater than permitted
[13:05:44] Explicit valence for atom # 0 Ar, 1, is greater than permitted
[13:05:44] Explicit valence for atom # 0 Ar, 1, is greater than permitted
[13:05:44] Explicit valence for atom # 0 Ar, 1, is greater than permitted
[13:05:44] Explicit valence for atom # 0 Ar, 1, is greater than permitted
[13:05:44] Explicit valence for atom # 0 Ar, 1, is greater than permitted
[13:05:44] Explicit valence for atom # 0 Ar, 1, is greater than permitted
[13:05:44] Explicit valence for atom # 0 Ar, 1, is greater than permitted
[13:05:44] Explicit valence for atom # 0 Ar, 1, is greater than permitted
[13:05:44] Explicit valence for atom # 0 Ar, 1, is greater than permitted
[13:05:44] Explicit valence for atom # 0 Ar, 1, is greater than permitted
[13:05:44] Explicit valence for atom # 0 Ar, 1, is greater than permitted
[13:05:44] Explicit valence for atom # 0 Ar, 1, is greater than permitted
[13:05:44] Explicit valence for atom # 0 Ar, 1, is greater than permitted
[13:05:44] Explicit valence for atom # 0 Ar, 1, is greater than permitted
[13:05:44] Explicit valence for atom # 0 Ar, 1, is greater than permitted
[13:05:44] Explicit valence for atom # 0 Ar, 1, is greater than permitted
[13:05:44] Explicit valence for atom # 0 Ar, 1, is greater than permitted
[13:05:44] Explicit valence for atom # 0 Ar, 1, is greater than permitted
[13:05:44] Explicit valence for atom # 0 Ar, 1, is greater than permitted
[13:05:44] Explicit valence for atom # 0 Ar, 1, is greater than permitted
[13:05:44] Explicit valence for atom # 0 Ar, 1, is greater than permitted
[13:05:44] Explicit valence for atom # 0 Ar, 1, is greater than permitted
[13:05:44] Explicit valence for atom # 0 Ar, 1, is greater than permitted
[13:05:44] Explicit valence for atom # 0 Ar, 1, is greater than permitted
[13:05:44] Explicit valence for atom # 0 Ar, 1, is greater than permitted
[13:05:44] Explicit valence for atom # 0 Ar, 1, is greater than permitted
[13:05:44] Explicit valence for atom # 0 Ar, 1, is greater than permitted
[13:05:44] Explicit valence for atom # 0 Ar, 1, is greater than permitted
[13:05:44] Explicit valence for atom # 0 Ar, 1, is greater than permitted
[13:05:44] Explicit valence for atom # 0 Ar, 1, is greater than permitted
[13:05:44] Explicit valence for atom # 0 Ar, 1, is greater than permitted
[13:05:44] Explicit valence for atom # 0 Ar, 1, is greater than permitted
[13:05:44] Explicit valence for atom # 0 Ar, 1, is greater than permitted
[13:05:45] Explicit valence for atom # 0 Ar, 1, is greater than permitted
[13:05:45] Explicit valence for atom # 0 Ar, 1, is greater than permitted
[13:05:45] Explicit valence for atom # 0 Ar, 1, is greater than permitted
[13:05:45] Explicit valence for atom # 0 Ar, 1, is greater than permitted
[13:05:45] Explicit valence for atom # 0 Ar, 1, is greater than permitted
[13:05:45] Explicit valence for atom # 0 Ar, 1, is greater than permitted
[13:05:45] Explicit valence for atom # 0 Ar, 1, is greater than permitted
[13:05:45] Explicit valence for atom # 0 Ar, 1, is greater than permitted
[13:05:45] Explicit valence for atom # 0 Ar, 1, is greater than permitted
[13:05:45] Explicit valence for atom # 0 Ar, 1, is greater than permitted
[13:05:45] Explicit valence for atom # 0 Ar, 1, is greater than permitted
[13:05:45] Explicit valence for atom # 0 Ar, 1, is greater than permitted
[13:05:45] Explicit valence for atom # 0 Ar, 1, is greater than permitted
[13:05:45] Explicit valence for atom # 0 Ar, 1, is greater than permitted
[13:05:45] Explicit valence for atom # 0 Ar, 1, is greater than permitted
[13:05:45] Explicit valence for atom # 0 Ar, 1, is greater than permitted
[13:05:45] Explicit valence for atom # 0 Ar, 1, is greater than permitted
[13:05:45] Explicit valence for atom # 0 Ar, 1, is greater than permitted
[13:05:45] Explicit valence for atom # 0 Ar, 1, is greater than permitted
[13:05:45] Explicit valence for atom # 0 Ar, 1, is greater than permitted
[13:05:45] Explicit valence for atom # 0 Ar, 1, is greater than permitted
[13:05:45] Explicit valence for atom # 0 Ar, 1, is greater than permitted
[13:05:45] Explicit valence for atom # 0 Ar, 1, is greater than permitted
[13:05:45] Explicit valence for atom # 0 Ar, 1, is greater than permitted
[13:05:45] Explicit valence for atom # 0 Ar, 1, is greater than permitted
[13:05:45] Explicit valence for atom # 0 Ar, 1, is greater than permitted
[13:05:45] Explicit valence for atom # 0 Ar, 1, is greater than permitted
[13:05:45] Explicit valence for atom # 0 Ar, 1, is greater than permitted
[13:05:45] Explicit valence for atom # 0 Ar, 1, is greater than permitted
[13:05:45] Explicit valence for atom # 0 Ar, 1, is greater than permitted
[13:05:45] Explicit valence for atom # 0 Ar, 1, is greater than permitted
[13:05:45] Explicit valence for atom # 0 Ar, 1, is greater than permitted
[13:05:45] Explicit valence for atom # 0 Ar, 1, is greater than permitted
[13:05:45] Explicit valence for atom # 0 Ar, 1, is greater than permitted
[13:05:45] Explicit valence for atom # 0 Ar, 1, is greater than permitted
[13:05:45] Explicit valence for atom # 0 Ar, 1, is greater than permitted
[13:05:45] Explicit valence for atom # 0 Ar, 1, is greater than permitted
[13:05:45] Explicit valence for atom # 0 Ar, 1, is greater than permitted
[13:05:45] Explicit valence for atom # 0 Ar, 1, is greater than permitted
[13:05:45] Explicit valence for atom # 0 Ar, 1, is greater than permitted
[13:05:45] Explicit valence for atom # 0 Ar, 1, is greater than permitted
[13:05:45] Explicit valence for atom # 0 Ar, 1, is greater than permitted
[13:05:45] Explicit valence for atom # 0 Ar, 1, is greater than permitted
[13:05:45] Explicit valence for atom # 0 Ar, 1, is greater than permitted
[13:05:45] Explicit valence for atom # 0 Ar, 1, is greater than permitted
[13:05:45] Explicit valence for atom # 0 Ar, 1, is greater than permitted
[13:05:45] Explicit valence for atom # 0 Ar, 1, is greater than permitted
[13:05:45] Explicit valence for atom # 0 Ar, 1, is greater than permitted
[13:05:45] Explicit valence for atom # 0 Ar, 1, is greater than permitted
[13:05:45] Explicit valence for atom # 0 Ar, 1, is greater than permitted
[13:05:45] Explicit valence for atom # 0 Ar, 1, is greater than permitted
[13:05:45] Explicit valence for atom # 0 Ar, 1, is greater than permitted
[13:05:45] Explicit valence for atom # 0 Ar, 1, is greater than permitted
[13:05:45] Explicit valence for atom # 0 Ar, 1, is greater than permitted
[13:05:45] Explicit valence for atom # 0 Ar, 1, is greater than permitted
[13:05:45] Explicit valence for atom # 0 Ar, 1, is greater than permitted
[13:05:45] Explicit valence for atom # 0 Ar, 1, is greater than permitted
[13:05:45] Explicit valence for atom # 0 Ar, 1, is greater than permitted
[13:05:45] Explicit valence for atom # 0 Ar, 1, is greater than permitted
[13:05:45] Explicit valence for atom # 0 Ar, 1, is greater than permitted
[13:05:45] Explicit valence for atom # 0 Ar, 1, is greater than permitted
[13:05:45] Explicit valence for atom # 0 Ar, 1, is greater than permitted
[13:05:45] Explicit valence for atom # 0 Ar, 1, is greater than permitted
[13:05:45] Explicit valence for atom # 0 Ar, 1, is greater than permitted
[13:05:45] Explicit valence for atom # 0 Ar, 1, is greater than permitted
[13:05:45] Explicit valence for atom # 0 Ar, 1, is greater than permitted
[13:05:45] Explicit valence for atom # 0 Ar, 1, is greater than permitted
[13:05:45] Explicit valence for atom # 0 Ar, 1, is greater than permitted
[13:05:45] Explicit valence for atom # 0 Ar, 1, is greater than permitted
[13:05:46] Explicit valence for atom # 0 Ar, 1, is greater than permitted
[13:05:46] Explicit valence for atom # 0 Ar, 1, is greater than permitted
[13:05:46] Explicit valence for atom # 0 Ar, 1, is greater than permitted
[13:05:46] Explicit valence for atom # 0 Ar, 1, is greater than permitted
[13:05:46] Explicit valence for atom # 0 Ar, 1, is greater than permitted
[13:05:46] Explicit valence for atom # 0 Ar, 1, is greater than permitted
[13:05:46] Explicit valence for atom # 0 Ar, 1, is greater than permitted
[13:05:46] Explicit valence for atom # 0 Ar, 1, is greater than permitted
[13:05:46] Explicit valence for atom # 0 Ar, 1, is greater than permitted
[13:05:46] Explicit valence for atom # 0 Ar, 1, is greater than permitted
[13:05:46] Explicit valence for atom # 0 Ar, 1, is greater than permitted
[13:05:46] Explicit valence for atom # 0 Ar, 1, is greater than permitted
[13:05:46] Explicit valence for atom # 0 Ar, 1, is greater than permitted
[13:05:46] Explicit valence for atom # 0 Ar, 1, is greater than permitted
[13:05:46] Explicit valence for atom # 0 Ar, 1, is greater than permitted
[13:05:46] Explicit valence for atom # 0 Ar, 1, is greater than permitted
[13:05:46] Explicit valence for atom # 0 Ar, 1, is greater than permitted
[13:05:46] Explicit valence for atom # 0 Ar, 1, is greater than permitted
[13:05:46] Explicit valence for atom # 0 Ar, 1, is greater than permitted
[13:05:46] Explicit valence for atom # 0 Ar, 1, is greater than permitted
[13:05:46] Explicit valence for atom # 0 Ar, 1, is greater than permitted
[13:05:46] Explicit valence for atom # 0 Ar, 1, is greater than permitted
[13:05:46] Explicit valence for atom # 0 Ar, 1, is greater than permitted
[13:05:46] Explicit valence for atom # 0 Ar, 1, is greater than permitted
[13:05:46] Explicit valence for atom # 0 Ar, 1, is greater than permitted
[13:05:46] Explicit valence for atom # 0 Ar, 1, is greater than permitted
[13:05:46] Explicit valence for atom # 0 Ar, 1, is greater than permitted
[13:05:46] Explicit valence for atom # 0 Ar, 1, is greater than permitted
[13:05:46] Explicit valence for atom # 0 Ar, 1, is greater than permitted
[13:05:46] Explicit valence for atom # 0 Ar, 1, is greater than permitted
[13:05:46] Explicit valence for atom # 0 Ar, 1, is greater than permitted
[13:05:46] Explicit valence for atom # 0 Ar, 1, is greater than permitted
[13:05:46] Explicit valence for atom # 0 Ar, 1, is greater than permitted
[13:05:46] Explicit valence for atom # 0 Ar, 1, is greater than permitted
[13:05:46] Explicit valence for atom # 0 Ar, 1, is greater than permitted
[13:05:46] Explicit valence for atom # 0 Ar, 1, is greater than permitted
[13:05:46] Explicit valence for atom # 0 Ar, 1, is greater than permitted
[13:05:46] Explicit valence for atom # 0 Ar, 1, is greater than permitted
[13:05:46] Explicit valence for atom # 0 Ar, 1, is greater than permitted
[13:05:46] Explicit valence for atom # 0 Ar, 1, is greater than permitted
[13:05:46] Explicit valence for atom # 0 Ar, 1, is greater than permitted
[13:05:46] Explicit valence for atom # 0 Ar, 1, is greater than permitted
[13:05:46] Explicit valence for atom # 0 Ar, 1, is greater than permitted
[13:05:46] Explicit valence for atom # 0 Ar, 1, is greater than permitted
[13:05:46] Explicit valence for atom # 0 Ar, 1, is greater than permitted
[13:05:46] Explicit valence for atom # 0 Ar, 1, is greater than permitted
[13:05:46] Explicit valence for atom # 0 Ar, 1, is greater than permitted
[13:05:46] Explicit valence for atom # 0 Ar, 1, is greater than permitted
[13:05:46] Explicit valence for atom # 0 Ar, 1, is greater than permitted
[13:05:46] Explicit valence for atom # 0 Ar, 1, is greater than permitted
[13:05:47] Explicit valence for atom # 0 Ar, 1, is greater than permitted
[13:05:47] Explicit valence for atom # 0 Ar, 1, is greater than permitted
[13:05:47] Explicit valence for atom # 0 Ar, 1, is greater than permitted
[13:05:47] Explicit valence for atom # 0 Ar, 1, is greater than permitted
[13:05:47] Explicit valence for atom # 0 Ar, 1, is greater than permitted
[13:05:47] Explicit valence for atom # 0 Ar, 1, is greater than permitted
[13:05:47] Explicit valence for atom # 0 Ar, 1, is greater than permitted
[13:05:47] Explicit valence for atom # 0 Ar, 1, is greater than permitted
[13:05:47] Explicit valence for atom # 0 Ar, 1, is greater than permitted
[13:05:47] Explicit valence for atom # 0 Ar, 1, is greater than permitted
[13:05:47] Explicit valence for atom # 0 Ar, 1, is greater than permitted
[13:05:47] Explicit valence for atom # 0 Ar, 1, is greater than permitted
[13:05:47] Explicit valence for atom # 0 Ar, 1, is greater than permitted
[13:05:47] Explicit valence for atom # 0 Ar, 1, is greater than permitted
[13:05:47] Explicit valence for atom # 0 Ar, 1, is greater than permitted
[13:05:47] Explicit valence for atom # 0 Ar, 1, is greater than permitted
[13:05:47] Explicit valence for atom # 0 Ar, 1, is greater than permitted
[13:05:47] Explicit valence for atom # 0 Ar, 1, is greater than permitted
[13:05:47] Explicit valence for atom # 0 Ar, 1, is greater than permitted
[13:05:47] Explicit valence for atom # 0 Ar, 1, is greater than permitted
[13:05:47] Explicit valence for atom # 0 Ar, 1, is greater than permitted
[13:05:47] Explicit valence for atom # 0 Ar, 1, is greater than permitted
[13:05:47] Explicit valence for atom # 0 Ar, 1, is greater than permitted
[13:05:47] Explicit valence for atom # 0 Ar, 1, is greater than permitted
[13:05:47] Explicit valence for atom # 0 Ar, 1, is greater than permitted
[13:05:47] Explicit valence for atom # 0 Ar, 1, is greater than permitted
[13:05:47] Explicit valence for atom # 0 Ar, 1, is greater than permitted
[13:05:47] Explicit valence for atom # 0 Ar, 1, is greater than permitted
[13:05:47] Explicit valence for atom # 0 Ar, 1, is greater than permitted
[13:05:47] Explicit valence for atom # 0 Ar, 1, is greater than permitted
[13:05:47] Explicit valence for atom # 0 Ar, 1, is greater than permitted
[13:05:47] Explicit valence for atom # 0 Ar, 1, is greater than permitted
[13:05:47] Explicit valence for atom # 0 Ar, 1, is greater than permitted
[13:05:47] Explicit valence for atom # 0 Ar, 1, is greater than permitted
[13:05:47] Explicit valence for atom # 0 Ar, 1, is greater than permitted
[13:05:47] Explicit valence for atom # 0 Ar, 1, is greater than permitted
[13:05:47] Explicit valence for atom # 0 Ar, 1, is greater than permitted
[13:05:47] Explicit valence for atom # 0 Ar, 1, is greater than permitted
[13:05:47] Explicit valence for atom # 0 Ar, 1, is greater than permitted
[13:05:47] Explicit valence for atom # 0 Ar, 1, is greater than permitted
[13:05:47] Explicit valence for atom # 0 Ar, 1, is greater than permitted
[13:05:47] Explicit valence for atom # 0 Ar, 1, is greater than permitted
[13:05:47] Explicit valence for atom # 0 Ar, 1, is greater than permitted
[13:05:47] Explicit valence for atom # 0 Ar, 1, is greater than permitted
[13:05:47] Explicit valence for atom # 0 Ar, 1, is greater than permitted
[13:05:47] Explicit valence for atom # 0 Ar, 1, is greater than permitted
[13:05:47] Explicit valence for atom # 0 Ar, 1, is greater than permitted
[13:05:47] Explicit valence for atom # 0 Ar, 1, is greater than permitted
[13:05:47] Explicit valence for atom # 0 Ar, 1, is greater than permitted
[13:05:47] Explicit valence for atom # 0 Ar, 1, is greater than permitted
[13:05:47] Explicit valence for atom # 0 Ar, 1, is greater than permitted
[13:05:47] Explicit valence for atom # 0 Ar, 1, is greater than permitted
[13:05:47] Explicit valence for atom # 0 Ar, 1, is greater than permitted
[13:05:47] Explicit valence for atom # 0 Ar, 1, is greater than permitted
[13:05:47] Explicit valence for atom # 0 Ar, 1, is greater than permitted
[13:05:47] Explicit valence for atom # 0 Ar, 1, is greater than permitted
[13:05:47] Explicit valence for atom # 0 Ar, 1, is greater than permitted
[13:05:47] Explicit valence for atom # 0 Ar, 1, is greater than permitted
[13:05:47] Explicit valence for atom # 0 Ar, 1, is greater than permitted
[13:05:47] Explicit valence for atom # 0 Ar, 1, is greater than permitted
[13:05:47] Explicit valence for atom # 0 Ar, 1, is greater than permitted
[13:05:47] Explicit valence for atom # 0 Ar, 1, is greater than permitted
[13:05:47] Explicit valence for atom # 0 Ar, 1, is greater than permitted
[13:05:47] Explicit valence for atom # 0 Ar, 1, is greater than permitted
[13:05:47] Explicit valence for atom # 0 Ar, 1, is greater than permitted
[13:05:47] Explicit valence for atom # 0 Ar, 1, is greater than permitted
[13:05:47] Explicit valence for atom # 0 Ar, 1, is greater than permitted
[13:05:47] Explicit valence for atom # 0 Ar, 1, is greater than permitted
[13:05:47] Explicit valence for atom # 0 Ar, 1, is greater than permitted
[13:05:47] Explicit valence for atom # 0 Ar, 1, is greater than permitted
[13:05:47] Explicit valence for atom # 0 Ar, 1, is greater than permitted
[13:05:47] Explicit valence for atom # 0 Ar, 1, is greater than permitted
[13:05:47] Explicit valence for atom # 0 Ar, 1, is greater than permitted
[13:05:47] Explicit valence for atom # 0 Ar, 1, is greater than permitted
[13:05:47] Explicit valence for atom # 0 Ar, 1, is greater than permitted
[13:05:47] Explicit valence for atom # 0 Ar, 1, is greater than permitted
[13:05:47] Explicit valence for atom # 0 Ar, 1, is greater than permitted
[13:05:47] Explicit valence for atom # 0 Ar, 1, is greater than permitted
[13:05:47] Explicit valence for atom # 0 Ar, 1, is greater than permitted
[13:05:47] Explicit valence for atom # 0 Ar, 1, is greater than permitted
[13:05:47] Explicit valence for atom # 0 Ar, 1, is greater than permitted
[13:05:47] Explicit valence for atom # 0 Ar, 1, is greater than permitted
[13:05:47] Explicit valence for atom # 0 Ar, 1, is greater than permitted
[13:05:47] Explicit valence for atom # 0 Ar, 1, is greater than permitted
[13:05:47] Explicit valence for atom # 0 Ar, 1, is greater than permitted
[13:05:47] Explicit valence for atom # 0 Ar, 1, is greater than permitted
[13:05:47] Explicit valence for atom # 0 Ar, 1, is greater than permitted
[13:05:47] Explicit valence for atom # 0 Ar, 1, is greater than permitted
[13:05:47] Explicit valence for atom # 0 Ar, 1, is greater than permitted
[13:05:47] Explicit valence for atom # 0 Ar, 1, is greater than permitted
[13:05:47] Explicit valence for atom # 0 Ar, 1, is greater than permitted
[13:05:47] Explicit valence for atom # 0 Ar, 1, is greater than permitted
[13:05:47] Explicit valence for atom # 0 Ar, 1, is greater than permitted
[13:05:47] Explicit valence for atom # 0 Ar, 1, is greater than permitted
[13:05:47] Explicit valence for atom # 0 Ar, 1, is greater than permitted
[13:05:47] Explicit valence for atom # 0 Ar, 1, is greater than permitted
[13:05:47] Explicit valence for atom # 0 Ar, 1, is greater than permitted
[13:05:47] Explicit valence for atom # 0 Ar, 1, is greater than permitted
[13:05:47] Explicit valence for atom # 0 Ar, 1, is greater than permitted
[13:05:47] Explicit valence for atom # 0 Ar, 1, is greater than permitted
[13:05:47] Explicit valence for atom # 0 Ar, 1, is greater than permitted
[13:05:47] Explicit valence for atom # 0 Ar, 1, is greater than permitted
[13:05:47] Explicit valence for atom # 0 Ar, 1, is greater than permitted
[13:05:47] Explicit valence for atom # 0 Ar, 1, is greater than permitted
[13:05:47] Explicit valence for atom # 0 Ar, 1, is greater than permitted
[13:05:47] Explicit valence for atom # 0 Ar, 1, is greater than permitted
[13:05:47] Explicit valence for atom # 0 Ar, 1, is greater than permitted
[13:05:47] Explicit valence for atom # 0 Ar, 1, is greater than permitted
[13:05:47] Explicit valence for atom # 0 Ar, 1, is greater than permitted
[13:05:47] Explicit valence for atom # 0 Ar, 1, is greater than permitted
[13:05:47] Explicit valence for atom # 0 Ar, 1, is greater than permitted
[13:05:47] Explicit valence for atom # 0 Ar, 1, is greater than permitted
[13:05:47] Explicit valence for atom # 0 Ar, 1, is greater than permitted
[13:05:47] Explicit valence for atom # 0 Ar, 1, is greater than permitted
[13:05:47] Explicit valence for atom # 0 Ar, 1, is greater than permitted
[13:05:47] Explicit valence for atom # 0 Ar, 1, is greater than permitted
[13:05:47] Explicit valence for atom # 0 Ar, 1, is greater than permitted
[13:05:47] Explicit valence for atom # 0 Ar, 1, is greater than permitted
[13:05:47] Explicit valence for atom # 0 Ar, 1, is greater than permitted
[13:05:47] Explicit valence for atom # 0 Ar, 1, is greater than permitted
[13:05:47] Explicit valence for atom # 0 Ar, 1, is greater than permitted
[13:05:47] Explicit valence for atom # 0 Ar, 1, is greater than permitted
[13:05:47] Explicit valence for atom # 0 Ar, 1, is greater than permitted
[13:05:48] Explicit valence for atom # 0 Ar, 1, is greater than permitted
[13:05:48] Explicit valence for atom # 0 Ar, 1, is greater than permitted
[13:05:48] Explicit valence for atom # 0 Ar, 1, is greater than permitted
[13:05:48] Explicit valence for atom # 0 Ar, 1, is greater than permitted
[13:05:48] Explicit valence for atom # 0 Ar, 1, is greater than permitted
[13:05:48] Explicit valence for atom # 0 Ar, 1, is greater than permitted
[13:05:48] Explicit valence for atom # 0 Ar, 1, is greater than permitted
[13:05:48] Explicit valence for atom # 0 Ar, 1, is greater than permitted
[13:05:48] Explicit valence for atom # 0 Ar, 1, is greater than permitted
[13:05:48] Explicit valence for atom # 0 Ar, 1, is greater than permitted
[13:05:48] Explicit valence for atom # 0 Ar, 1, is greater than permitted
[13:05:48] Explicit valence for atom # 0 Ar, 1, is greater than permitted
[13:05:48] Explicit valence for atom # 0 Ar, 1, is greater than permitted
[13:05:48] Explicit valence for atom # 0 Ar, 1, is greater than permitted
[13:05:48] Explicit valence for atom # 0 Ar, 1, is greater than permitted
[13:05:48] Explicit valence for atom # 0 Ar, 1, is greater than permitted
[13:05:48] Explicit valence for atom # 0 Ar, 1, is greater than permitted
[13:05:48] Explicit valence for atom # 0 Ar, 1, is greater than permitted
[13:05:48] Explicit valence for atom # 0 Ar, 1, is greater than permitted
[13:05:48] Explicit valence for atom # 0 Ar, 1, is greater than permitted
[13:05:48] Explicit valence for atom # 0 Ar, 1, is greater than permitted
[13:05:48] Explicit valence for atom # 0 Ar, 1, is greater than permitted
[13:05:48] Explicit valence for atom # 0 Ar, 1, is greater than permitted
[13:05:48] Explicit valence for atom # 0 Ar, 1, is greater than permitted
[13:05:48] Explicit valence for atom # 0 Ar, 1, is greater than permitted
[13:05:48] Explicit valence for atom # 0 Ar, 1, is greater than permitted
[13:05:48] Explicit valence for atom # 0 Ar, 1, is greater than permitted
[13:05:48] Explicit valence for atom # 0 Ar, 1, is greater than permitted
[13:05:48] Explicit valence for atom # 0 Ar, 1, is greater than permitted
[13:05:48] Explicit valence for atom # 0 Ar, 1, is greater than permitted
[13:05:48] Explicit valence for atom # 0 Ar, 1, is greater than permitted
[13:05:48] Explicit valence for atom # 0 Ar, 1, is greater than permitted
[13:05:48] Explicit valence for atom # 0 Ar, 1, is greater than permitted
[13:05:48] Explicit valence for atom # 0 Ar, 1, is greater than permitted
[13:05:48] Explicit valence for atom # 0 Ar, 1, is greater than permitted
[13:05:48] Explicit valence for atom # 0 Ar, 1, is greater than permitted
[13:05:48] Explicit valence for atom # 0 Ar, 1, is greater than permitted
[13:05:48] Explicit valence for atom # 0 Ar, 1, is greater than permitted
[13:05:48] Explicit valence for atom # 0 Ar, 1, is greater than permitted
[13:05:48] Explicit valence for atom # 0 Ar, 1, is greater than permitted
[13:05:48] Explicit valence for atom # 0 Ar, 1, is greater than permitted
[13:05:48] Explicit valence for atom # 0 Ar, 1, is greater than permitted
[13:05:48] Explicit valence for atom # 0 Ar, 1, is greater than permitted
[13:05:49] Explicit valence for atom # 0 Ar, 1, is greater than permitted
[13:05:49] Explicit valence for atom # 0 Ar, 1, is greater than permitted
[13:05:49] Explicit valence for atom # 0 Ar, 1, is greater than permitted
[13:05:49] Explicit valence for atom # 0 Ar, 1, is greater than permitted
[13:05:49] Explicit valence for atom # 0 Ar, 1, is greater than permitted
[13:05:49] Explicit valence for atom # 0 Ar, 1, is greater than permitted
[13:05:49] Explicit valence for atom # 0 Ar, 1, is greater than permitted
[13:05:49] Explicit valence for atom # 0 Ar, 1, is greater than permitted
[13:05:49] Explicit valence for atom # 0 Ar, 1, is greater than permitted
[13:05:49] Explicit valence for atom # 0 Ar, 1, is greater than permitted
[13:05:49] Explicit valence for atom # 0 Ar, 1, is greater than permitted
[13:05:49] Explicit valence for atom # 0 Ar, 1, is greater than permitted
[13:05:49] Explicit valence for atom # 0 Ar, 1, is greater than permitted
[13:05:49] Explicit valence for atom # 0 Ar, 1, is greater than permitted
[13:05:49] Explicit valence for atom # 0 Ar, 1, is greater than permitted
[13:05:49] Explicit valence for atom # 0 Ar, 1, is greater than permitted
[13:05:49] Explicit valence for atom # 0 Ar, 1, is greater than permitted
[13:05:49] Explicit valence for atom # 0 Ar, 1, is greater than permitted
[13:05:49] Explicit valence for atom # 0 Ar, 1, is greater than permitted
[13:05:49] Explicit valence for atom # 0 Ar, 1, is greater than permitted
[13:05:49] Explicit valence for atom # 0 Ar, 1, is greater than permitted
[13:05:49] Explicit valence for atom # 0 Ar, 1, is greater than permitted
[13:05:49] Explicit valence for atom # 0 Ar, 1, is greater than permitted
[13:05:49] Explicit valence for atom # 0 Ar, 1, is greater than permitted
[13:05:49] Explicit valence for atom # 0 Ar, 1, is greater than permitted
[13:05:49] Explicit valence for atom # 0 Ar, 1, is greater than permitted
[13:05:49] Explicit valence for atom # 0 Ar, 1, is greater than permitted
[13:05:49] Explicit valence for atom # 0 Ar, 1, is greater than permitted
[13:05:49] Explicit valence for atom # 0 Ar, 1, is greater than permitted
[13:05:49] Explicit valence for atom # 0 Ar, 1, is greater than permitted
[13:05:49] Explicit valence for atom # 0 Ar, 1, is greater than permitted
[13:05:49] Explicit valence for atom # 0 Ar, 1, is greater than permitted
[13:05:49] Explicit valence for atom # 0 Ar, 1, is greater than permitted
[13:05:49] Explicit valence for atom # 0 Ar, 1, is greater than permitted
[13:05:49] Explicit valence for atom # 0 Ar, 1, is greater than permitted
[13:05:49] Explicit valence for atom # 0 Ar, 1, is greater than permitted
[13:05:49] Explicit valence for atom # 0 Ar, 1, is greater than permitted
[13:05:49] Explicit valence for atom # 0 Ar, 1, is greater than permitted
[13:05:49] Explicit valence for atom # 0 Ar, 1, is greater than permitted
[13:05:49] Explicit valence for atom # 0 Ar, 1, is greater than permitted
[13:05:49] Explicit valence for atom # 0 Ar, 1, is greater than permitted
[13:05:49] Explicit valence for atom # 0 Ar, 1, is greater than permitted
[13:05:49] Explicit valence for atom # 0 Ar, 1, is greater than permitted
[13:05:49] Explicit valence for atom # 0 Ar, 1, is greater than permitted
[13:05:50] Explicit valence for atom # 0 Ar, 1, is greater than permitted
[13:05:50] Explicit valence for atom # 0 Ar, 1, is greater than permitted
[13:05:50] Explicit valence for atom # 0 Ar, 1, is greater than permitted
[13:05:50] Explicit valence for atom # 0 Ar, 1, is greater than permitted
[13:05:50] Explicit valence for atom # 0 Ar, 1, is greater than permitted
[13:05:50] Explicit valence for atom # 0 Ar, 1, is greater than permitted
[13:05:50] Explicit valence for atom # 0 Ar, 1, is greater than permitted
[13:05:50] Explicit valence for atom # 0 Ar, 1, is greater than permitted
[13:05:50] Explicit valence for atom # 0 Ar, 1, is greater than permitted
[13:05:50] Explicit valence for atom # 0 Ar, 1, is greater than permitted
[13:05:50] Explicit valence for atom # 0 Ar, 1, is greater than permitted
[13:05:50] Explicit valence for atom # 0 Ar, 1, is greater than permitted
[13:05:50] Explicit valence for atom # 0 Ar, 1, is greater than permitted
[13:05:50] Explicit valence for atom # 0 Ar, 1, is greater than permitted
[13:05:50] Explicit valence for atom # 0 Ar, 1, is greater than permitted
[13:05:50] Explicit valence for atom # 0 Ar, 1, is greater than permitted
[13:05:50] Explicit valence for atom # 0 Ar, 1, is greater than permitted
[13:05:50] Explicit valence for atom # 0 Ar, 1, is greater than permitted
[13:05:50] Explicit valence for atom # 0 Ar, 1, is greater than permitted
[13:05:50] Explicit valence for atom # 0 Ar, 1, is greater than permitted
[13:05:50] Explicit valence for atom # 0 Ar, 1, is greater than permitted
[13:05:50] Explicit valence for atom # 0 Ar, 1, is greater than permitted
[13:05:50] Explicit valence for atom # 0 Ar, 1, is greater than permitted
[13:05:50] Explicit valence for atom # 0 Ar, 1, is greater than permitted
[13:05:50] Explicit valence for atom # 0 Ar, 1, is greater than permitted
[13:05:50] Explicit valence for atom # 0 Ar, 1, is greater than permitted
[13:05:50] Explicit valence for atom # 0 Ar, 1, is greater than permitted
[13:05:50] Explicit valence for atom # 0 Ar, 1, is greater than permitted
[13:05:50] Explicit valence for atom # 0 Ar, 1, is greater than permitted
[13:05:50] Explicit valence for atom # 0 Ar, 1, is greater than permitted
[13:05:50] Explicit valence for atom # 0 Ar, 1, is greater than permitted
[13:05:50] Explicit valence for atom # 0 Ar, 1, is greater than permitted
[13:05:50] Explicit valence for atom # 0 Ar, 1, is greater than permitted
[13:05:50] Explicit valence for atom # 0 Ar, 1, is greater than permitted
[13:05:50] Explicit valence for atom # 0 Ar, 1, is greater than permitted
[13:05:50] Explicit valence for atom # 0 Ar, 1, is greater than permitted
[13:05:50] Explicit valence for atom # 0 Ar, 1, is greater than permitted
[13:05:50] Explicit valence for atom # 0 Ar, 1, is greater than permitted
[13:05:50] Explicit valence for atom # 0 Ar, 1, is greater than permitted
[13:05:50] Explicit valence for atom # 0 Ar, 1, is greater than permitted
[13:05:50] Explicit valence for atom # 0 Ar, 1, is greater than permitted
[13:05:50] Explicit valence for atom # 0 Ar, 1, is greater than permitted
[13:05:50] Explicit valence for atom # 0 Ar, 1, is greater than permitted
[13:05:50] Explicit valence for atom # 0 Ar, 1, is greater than permitted
[13:05:50] Explicit valence for atom # 0 Ar, 1, is greater than permitted
[13:05:50] Explicit valence for atom # 0 Ar, 1, is greater than permitted
[13:05:50] Explicit valence for atom # 0 Ar, 1, is greater than permitted
[13:05:50] Explicit valence for atom # 0 Ar, 1, is greater than permitted
[13:05:50] Explicit valence for atom # 0 Ar, 1, is greater than permitted
[13:05:50] Explicit valence for atom # 0 Ar, 1, is greater than permitted
[13:05:50] Explicit valence for atom # 0 Ar, 1, is greater than permitted
[13:05:50] Explicit valence for atom # 0 Ar, 1, is greater than permitted
[13:05:50] Explicit valence for atom # 0 Ar, 1, is greater than permitted
[13:05:50] Explicit valence for atom # 0 Ar, 1, is greater than permitted
[13:05:50] Explicit valence for atom # 0 Ar, 1, is greater than permitted
[13:05:50] Explicit valence for atom # 0 Ar, 1, is greater than permitted
[13:05:50] Explicit valence for atom # 0 Ar, 1, is greater than permitted
[13:05:50] Explicit valence for atom # 0 Ar, 1, is greater than permitted
[13:05:50] Explicit valence for atom # 0 Ar, 1, is greater than permitted
[13:05:50] Explicit valence for atom # 0 Ar, 1, is greater than permitted
[13:05:50] Explicit valence for atom # 0 Ar, 1, is greater than permitted
[13:05:50] Explicit valence for atom # 0 Ar, 1, is greater than permitted
[13:05:50] Explicit valence for atom # 0 Ar, 1, is greater than permitted
[13:05:50] Explicit valence for atom # 0 Ar, 1, is greater than permitted
[13:05:50] Explicit valence for atom # 0 Ar, 1, is greater than permitted
[13:05:50] Explicit valence for atom # 0 Ar, 1, is greater than permitted
[13:05:53] Explicit valence for atom # 0 Ar, 1, is greater than permitted
[13:05:53] Explicit valence for atom # 0 Ar, 1, is greater than permitted
[13:05:53] Explicit valence for atom # 0 Ar, 1, is greater than permitted
[13:05:53] Explicit valence for atom # 0 Ar, 1, is greater than permitted
[13:05:53] Explicit valence for atom # 0 Ar, 1, is greater than permitted
[13:05:53] Explicit valence for atom # 0 Ar, 1, is greater than permitted
[13:05:53] Explicit valence for atom # 0 Ar, 1, is greater than permitted
[13:05:53] Explicit valence for atom # 0 Ar, 1, is greater than permitted
[13:05:53] Explicit valence for atom # 0 Ar, 1, is greater than permitted
[13:05:53] Explicit valence for atom # 0 Ar, 1, is greater than permitted
[13:05:53] Explicit valence for atom # 0 Ar, 1, is greater than permitted
[13:05:53] Explicit valence for atom # 0 Ar, 1, is greater than permitted
[13:05:53] Explicit valence for atom # 0 Ar, 1, is greater than permitted
[13:05:53] Explicit valence for atom # 0 Ar, 1, is greater than permitted
[13:05:53] Explicit valence for atom # 0 Ar, 1, is greater than permitted
[13:05:53] Explicit valence for atom # 0 Ar, 1, is greater than permitted
[13:05:53] Explicit valence for atom # 0 Ar, 1, is greater than permitted
[13:05:53] Explicit valence for atom # 0 Ar, 1, is greater than permitted
[13:05:53] Explicit valence for atom # 0 Ar, 1, is greater than permitted
[13:05:53] Explicit valence for atom # 0 Ar, 1, is greater than permitted
[13:05:53] Explicit valence for atom # 0 Ar, 1, is greater than permitted
[13:05:53] Explicit valence for atom # 0 Ar, 1, is greater than permitted
[13:05:53] Explicit valence for atom # 0 Ar, 1, is greater than permitted
[13:05:53] Explicit valence for atom # 0 Ar, 1, is greater than permitted
[13:05:53] Explicit valence for atom # 0 Ar, 1, is greater than permitted
[13:05:53] Explicit valence for atom # 0 Ar, 1, is greater than permitted
[13:05:53] Explicit valence for atom # 0 Ar, 1, is greater than permitted
[13:05:53] Explicit valence for atom # 0 Ar, 1, is greater than permitted
[13:05:53] Explicit valence for atom # 0 Ar, 1, is greater than permitted
[13:05:53] Explicit valence for atom # 0 Ar, 1, is greater than permitted
[13:05:53] Explicit valence for atom # 0 Ar, 1, is greater than permitted
[13:05:53] Explicit valence for atom # 0 Ar, 1, is greater than permitted
[13:05:53] Explicit valence for atom # 0 Ar, 1, is greater than permitted
[13:05:53] Explicit valence for atom # 0 Ar, 1, is greater than permitted
[13:05:53] Explicit valence for atom # 0 Ar, 1, is greater than permitted
[13:05:53] Explicit valence for atom # 0 Ar, 1, is greater than permitted
[13:05:53] Explicit valence for atom # 0 Ar, 1, is greater than permitted
[13:05:53] Explicit valence for atom # 0 Ar, 1, is greater than permitted
[13:05:53] Explicit valence for atom # 0 Ar, 1, is greater than permitted
[13:05:53] Explicit valence for atom # 0 Ar, 1, is greater than permitted
[13:05:53] Explicit valence for atom # 0 Ar, 1, is greater than permitted
[13:05:53] Explicit valence for atom # 0 Ar, 1, is greater than permitted
[13:05:53] Explicit valence for atom # 0 Ar, 1, is greater than permitted
[13:05:53] Explicit valence for atom # 0 Ar, 1, is greater than permitted
[13:05:53] Explicit valence for atom # 0 Ar, 1, is greater than permitted
[13:05:53] Explicit valence for atom # 0 Ar, 1, is greater than permitted
[13:05:53] Explicit valence for atom # 0 Ar, 1, is greater than permitted
[13:05:53] Explicit valence for atom # 0 Ar, 1, is greater than permitted
[13:05:53] Explicit valence for atom # 0 Ar, 1, is greater than permitted
[13:05:53] Explicit valence for atom # 0 Ar, 1, is greater than permitted
[13:05:53] Explicit valence for atom # 0 Ar, 1, is greater than permitted
[13:05:53] Explicit valence for atom # 0 Ar, 1, is greater than permitted
[13:05:53] Explicit valence for atom # 0 Ar, 1, is greater than permitted
[13:05:53] Explicit valence for atom # 0 Ar, 1, is greater than permitted
[13:05:53] Explicit valence for atom # 0 Ar, 1, is greater than permitted
[13:05:53] Explicit valence for atom # 0 Ar, 1, is greater than permitted
[13:05:53] Explicit valence for atom # 0 Ar, 1, is greater than permitted
[13:05:53] Explicit valence for atom # 0 Ar, 1, is greater than permitted
[13:05:53] Explicit valence for atom # 0 Ar, 1, is greater than permitted
[13:05:53] Explicit valence for atom # 0 Ar, 1, is greater than permitted
[13:05:53] Explicit valence for atom # 0 Ar, 1, is greater than permitted
[13:05:53] Explicit valence for atom # 0 Ar, 1, is greater than permitted
[13:05:53] Explicit valence for atom # 0 Ar, 1, is greater than permitted
[13:05:53] Explicit valence for atom # 0 Ar, 1, is greater than permitted
[13:05:54] Explicit valence for atom # 0 Ar, 1, is greater than permitted
[13:05:54] Explicit valence for atom # 0 Ar, 1, is greater than permitted
[13:05:54] Explicit valence for atom # 0 Ar, 1, is greater than permitted
[13:05:54] Explicit valence for atom # 0 Ar, 1, is greater than permitted
[13:05:54] Explicit valence for atom # 0 Ar, 1, is greater than permitted
[13:05:54] Explicit valence for atom # 0 Ar, 1, is greater than permitted
[13:05:54] Explicit valence for atom # 0 Ar, 1, is greater than permitted
[13:05:54] Explicit valence for atom # 0 Ar, 1, is greater than permitted
[13:05:54] Explicit valence for atom # 0 Ar, 1, is greater than permitted
[13:05:54] Explicit valence for atom # 0 Ar, 1, is greater than permitted
[13:05:54] Explicit valence for atom # 0 Ar, 1, is greater than permitted
[13:05:54] Explicit valence for atom # 0 Ar, 1, is greater than permitted
[13:05:54] Explicit valence for atom # 0 Ar, 1, is greater than permitted
[13:05:54] Explicit valence for atom # 0 Ar, 1, is greater than permitted
[13:05:54] Explicit valence for atom # 0 Ar, 1, is greater than permitted
[13:05:54] Explicit valence for atom # 0 Ar, 1, is greater than permitted
[13:05:54] Explicit valence for atom # 0 Ar, 1, is greater than permitted
[13:05:54] Explicit valence for atom # 0 Ar, 1, is greater than permitted
[13:05:54] Explicit valence for atom # 0 Ar, 1, is greater than permitted
[13:05:54] Explicit valence for atom # 0 Ar, 1, is greater than permitted
[13:05:54] Explicit valence for atom # 0 Ar, 1, is greater than permitted
[13:05:54] Explicit valence for atom # 0 Ar, 1, is greater than permitted
[13:05:54] Explicit valence for atom # 0 Ar, 1, is greater than permitted
[13:05:54] Explicit valence for atom # 0 Ar, 1, is greater than permitted
[13:05:54] Explicit valence for atom # 0 Ar, 1, is greater than permitted
[13:05:54] Explicit valence for atom # 0 Ar, 1, is greater than permitted
[13:05:54] Explicit valence for atom # 0 Ar, 1, is greater than permitted
[13:05:54] Explicit valence for atom # 0 Ar, 1, is greater than permitted
[13:05:54] Explicit valence for atom # 0 Ar, 1, is greater than permitted
[13:05:54] Explicit valence for atom # 0 Ar, 1, is greater than permitted
[13:05:54] Explicit valence for atom # 0 Ar, 1, is greater than permitted
[13:05:54] Explicit valence for atom # 0 Ar, 1, is greater than permitted
[13:05:54] Explicit valence for atom # 0 Ar, 1, is greater than permitted
[13:05:54] Explicit valence for atom # 0 Ar, 1, is greater than permitted
[13:05:54] Explicit valence for atom # 0 Ar, 1, is greater than permitted
[13:05:54] Explicit valence for atom # 0 Ar, 1, is greater than permitted
[13:05:54] Explicit valence for atom # 0 Ar, 1, is greater than permitted
[13:05:54] Explicit valence for atom # 0 Ar, 1, is greater than permitted
[13:05:54] Explicit valence for atom # 0 Ar, 1, is greater than permitted
[13:05:54] Explicit valence for atom # 0 Ar, 1, is greater than permitted
[13:05:54] Explicit valence for atom # 0 Ar, 1, is greater than permitted
[13:05:54] Explicit valence for atom # 0 Ar, 1, is greater than permitted
[13:05:54] Explicit valence for atom # 0 Ar, 1, is greater than permitted
[13:05:54] Explicit valence for atom # 0 Ar, 1, is greater than permitted
[13:05:54] Explicit valence for atom # 0 Ar, 1, is greater than permitted
[13:05:54] Explicit valence for atom # 0 Ar, 1, is greater than permitted
[13:05:54] Explicit valence for atom # 0 Ar, 1, is greater than permitted
[13:05:54] Explicit valence for atom # 0 Ar, 1, is greater than permitted
[13:05:54] Explicit valence for atom # 0 Ar, 1, is greater than permitted
[13:05:54] Explicit valence for atom # 0 Ar, 1, is greater than permitted
[13:05:54] Explicit valence for atom # 0 Ar, 1, is greater than permitted
[13:05:54] Explicit valence for atom # 0 Ar, 1, is greater than permitted
[13:05:54] Explicit valence for atom # 0 Ar, 1, is greater than permitted
[13:05:54] Explicit valence for atom # 0 Ar, 1, is greater than permitted
[13:05:54] Explicit valence for atom # 0 Ar, 1, is greater than permitted
[13:05:54] Explicit valence for atom # 0 Ar, 1, is greater than permitted
[13:05:54] Explicit valence for atom # 0 Ar, 1, is greater than permitted
[13:05:54] Explicit valence for atom # 0 Ar, 1, is greater than permitted
[13:05:54] Explicit valence for atom # 0 Ar, 1, is greater than permitted
[13:05:54] Explicit valence for atom # 0 Ar, 1, is greater than permitted
[13:05:54] Explicit valence for atom # 0 Ar, 1, is greater than permitted
[13:05:54] Explicit valence for atom # 0 Ar, 1, is greater than permitted
[13:05:54] Explicit valence for atom # 0 Ar, 1, is greater than permitted
[13:05:54] Explicit valence for atom # 0 Ar, 1, is greater than permitted
[13:05:54] Explicit valence for atom # 0 Ar, 1, is greater than permitted
[13:05:54] Explicit valence for atom # 0 Ar, 1, is greater than permitted
[13:05:54] Explicit valence for atom # 0 Ar, 1, is greater than permitted
[13:05:54] Explicit valence for atom # 0 Ar, 1, is greater than permitted
[13:05:54] Explicit valence for atom # 0 Ar, 1, is greater than permitted
[13:05:54] Explicit valence for atom # 0 Ar, 1, is greater than permitted
[13:05:54] Explicit valence for atom # 0 Ar, 1, is greater than permitted
[13:05:54] Explicit valence for atom # 0 Ar, 1, is greater than permitted
[13:05:54] Explicit valence for atom # 0 Ar, 1, is greater than permitted
[13:05:54] Explicit valence for atom # 0 Ar, 1, is greater than permitted
[13:05:54] Explicit valence for atom # 0 Ar, 1, is greater than permitted
[13:05:54] Explicit valence for atom # 0 Ar, 1, is greater than permitted
[13:05:54] Explicit valence for atom # 0 Ar, 1, is greater than permitted
[13:05:54] Explicit valence for atom # 0 Ar, 1, is greater than permitted
[13:05:54] Explicit valence for atom # 0 Ar, 1, is greater than permitted
[13:05:54] Explicit valence for atom # 0 Ar, 1, is greater than permitted
[13:05:54] Explicit valence for atom # 0 Ar, 1, is greater than permitted
[13:05:54] Explicit valence for atom # 0 Ar, 1, is greater than permitted
[13:05:54] Explicit valence for atom # 0 Ar, 1, is greater than permitted
[13:05:54] Explicit valence for atom # 0 Ar, 1, is greater than permitted
[13:05:54] Explicit valence for atom # 0 Ar, 1, is greater than permitted
[13:05:54] Explicit valence for atom # 0 Ar, 1, is greater than permitted
[13:05:54] Explicit valence for atom # 0 Ar, 1, is greater than permitted
[13:05:54] Explicit valence for atom # 0 Ar, 1, is greater than permitted
[13:05:54] Explicit valence for atom # 0 Ar, 1, is greater than permitted
[13:05:54] Explicit valence for atom # 0 Ar, 1, is greater than permitted
[13:05:54] Explicit valence for atom # 0 Ar, 1, is greater than permitted
[13:05:54] Explicit valence for atom # 0 Ar, 1, is greater than permitted
[13:05:54] Explicit valence for atom # 0 Ar, 1, is greater than permitted
[13:05:54] Explicit valence for atom # 0 Ar, 1, is greater than permitted
[13:05:54] Explicit valence for atom # 0 Ar, 1, is greater than permitted
[13:05:54] Explicit valence for atom # 0 Ar, 1, is greater than permitted
[13:05:54] Explicit valence for atom # 0 Ar, 1, is greater than permitted
[13:05:54] Explicit valence for atom # 0 Ar, 1, is greater than permitted
[13:05:54] Explicit valence for atom # 0 Ar, 1, is greater than permitted
[13:05:54] Explicit valence for atom # 0 Ar, 1, is greater than permitted
[13:05:54] Explicit valence for atom # 0 Ar, 1, is greater than permitted
[13:05:54] Explicit valence for atom # 0 Ar, 1, is greater than permitted
[13:05:54] Explicit valence for atom # 0 Ar, 1, is greater than permitted
[13:05:54] Explicit valence for atom # 0 Ar, 1, is greater than permitted
[13:05:54] Explicit valence for atom # 0 Ar, 1, is greater than permitted
[13:05:54] Explicit valence for atom # 0 Ar, 1, is greater than permitted
[13:05:54] Explicit valence for atom # 0 Ar, 1, is greater than permitted
[13:05:54] Explicit valence for atom # 0 Ar, 1, is greater than permitted
[13:05:54] Explicit valence for atom # 0 Ar, 1, is greater than permitted
[13:05:54] Explicit valence for atom # 0 Ar, 1, is greater than permitted
[13:05:54] Explicit valence for atom # 0 Ar, 1, is greater than permitted
[13:05:54] Explicit valence for atom # 0 Ar, 1, is greater than permitted
[13:05:54] Explicit valence for atom # 0 Ar, 1, is greater than permitted
[13:05:54] Explicit valence for atom # 0 Ar, 1, is greater than permitted
[13:05:54] Explicit valence for atom # 0 Ar, 1, is greater than permitted
[13:05:54] Explicit valence for atom # 0 Ar, 1, is greater than permitted
[13:05:54] Explicit valence for atom # 0 Ar, 1, is greater than permitted
[13:05:54] Explicit valence for atom # 0 Ar, 1, is greater than permitted
[13:05:54] Explicit valence for atom # 0 Ar, 1, is greater than permitted
[13:05:55] Explicit valence for atom # 0 Ar, 1, is greater than permitted
[13:05:55] Explicit valence for atom # 0 Ar, 1, is greater than permitted
[13:05:55] Explicit valence for atom # 0 Ar, 1, is greater than permitted
[13:05:55] Explicit valence for atom # 0 Ar, 1, is greater than permitted
[13:05:55] Explicit valence for atom # 0 Ar, 1, is greater than permitted
[13:05:55] Explicit valence for atom # 0 Ar, 1, is greater than permitted
[13:05:55] Explicit valence for atom # 0 Ar, 1, is greater than permitted
[13:05:55] Explicit valence for atom # 0 Ar, 1, is greater than permitted
[13:05:55] Explicit valence for atom # 0 Ar, 1, is greater than permitted
[13:05:55] Explicit valence for atom # 0 Ar, 1, is greater than permitted
[13:05:55] Explicit valence for atom # 0 Ar, 1, is greater than permitted
[13:05:55] Explicit valence for atom # 0 Ar, 1, is greater than permitted
[13:05:55] Explicit valence for atom # 0 Ar, 1, is greater than permitted
[13:05:55] Explicit valence for atom # 0 Ar, 1, is greater than permitted
[13:05:55] Explicit valence for atom # 0 Ar, 1, is greater than permitted
[13:05:55] Explicit valence for atom # 0 Ar, 1, is greater than permitted
[13:05:55] Explicit valence for atom # 0 Ar, 1, is greater than permitted
[13:05:55] Explicit valence for atom # 0 Ar, 1, is greater than permitted
[13:05:55] Explicit valence for atom # 0 Ar, 1, is greater than permitted
[13:05:55] Explicit valence for atom # 0 Ar, 1, is greater than permitted
[13:05:55] Explicit valence for atom # 0 Ar, 1, is greater than permitted
[13:05:55] Explicit valence for atom # 0 Ar, 1, is greater than permitted
[13:05:55] Explicit valence for atom # 0 Ar, 1, is greater than permitted
[13:05:55] Explicit valence for atom # 0 Ar, 1, is greater than permitted
[13:05:55] Explicit valence for atom # 0 Ar, 1, is greater than permitted
[13:05:55] Explicit valence for atom # 0 Ar, 1, is greater than permitted
[13:05:55] Explicit valence for atom # 0 Ar, 1, is greater than permitted
[13:05:55] Explicit valence for atom # 0 Ar, 1, is greater than permitted
[13:05:55] Explicit valence for atom # 0 Ar, 1, is greater than permitted
[13:05:55] Explicit valence for atom # 0 Ar, 1, is greater than permitted
[13:05:55] Explicit valence for atom # 0 Ar, 1, is greater than permitted
[13:05:55] Explicit valence for atom # 0 Ar, 1, is greater than permitted
[13:05:55] Explicit valence for atom # 0 Ar, 1, is greater than permitted
[13:05:55] Explicit valence for atom # 0 Ar, 1, is greater than permitted
[13:05:55] Explicit valence for atom # 0 Ar, 1, is greater than permitted
[13:05:55] Explicit valence for atom # 0 Ar, 1, is greater than permitted
[13:05:55] Explicit valence for atom # 0 Ar, 1, is greater than permitted
[13:05:55] Explicit valence for atom # 0 Ar, 1, is greater than permitted
[13:05:55] Explicit valence for atom # 0 Ar, 1, is greater than permitted
[13:05:55] Explicit valence for atom # 0 Ar, 1, is greater than permitted
[13:05:55] Explicit valence for atom # 0 Ar, 1, is greater than permitted
[13:05:55] Explicit valence for atom # 0 Ar, 1, is greater than permitted
[13:05:55] Explicit valence for atom # 0 Ar, 1, is greater than permitted
[13:05:55] Explicit valence for atom # 0 Ar, 1, is greater than permitted
[13:05:55] Explicit valence for atom # 0 Ar, 1, is greater than permitted
[13:05:55] Explicit valence for atom # 0 Ar, 1, is greater than permitted
[13:05:55] Explicit valence for atom # 0 Ar, 1, is greater than permitted
[13:05:55] Explicit valence for atom # 0 Ar, 1, is greater than permitted
[13:05:55] Explicit valence for atom # 0 Ar, 1, is greater than permitted
[13:05:55] Explicit valence for atom # 0 Ar, 1, is greater than permitted
[13:05:55] Explicit valence for atom # 0 Ar, 1, is greater than permitted
[13:05:55] Explicit valence for atom # 0 Ar, 1, is greater than permitted
[13:05:55] Explicit valence for atom # 0 Ar, 1, is greater than permitted
[13:05:55] Explicit valence for atom # 0 Ar, 1, is greater than permitted
[13:05:55] Explicit valence for atom # 0 Ar, 1, is greater than permitted
[13:05:55] Explicit valence for atom # 0 Ar, 1, is greater than permitted
[13:05:55] Explicit valence for atom # 0 Ar, 1, is greater than permitted
[13:05:55] Explicit valence for atom # 0 Ar, 1, is greater than permitted
[13:05:55] Explicit valence for atom # 0 Ar, 1, is greater than permitted
[13:05:55] Explicit valence for atom # 0 Ar, 1, is greater than permitted
[13:05:55] Explicit valence for atom # 0 Ar, 1, is greater than permitted
[13:05:55] Explicit valence for atom # 0 Ar, 1, is greater than permitted
[13:05:55] Explicit valence for atom # 0 Ar, 1, is greater than permitted
[13:05:55] Explicit valence for atom # 0 Ar, 1, is greater than permitted
[13:05:55] Explicit valence for atom # 0 Ar, 1, is greater than permitted
[13:05:55] Explicit valence for atom # 0 Ar, 1, is greater than permitted
[13:05:55] Explicit valence for atom # 0 Ar, 1, is greater than permitted
[13:05:55] Explicit valence for atom # 0 Ar, 1, is greater than permitted
[13:05:55] Explicit valence for atom # 0 Ar, 1, is greater than permitted
[13:05:55] Explicit valence for atom # 0 Ar, 1, is greater than permitted
[13:05:55] Explicit valence for atom # 0 Ar, 1, is greater than permitted
[13:05:55] Explicit valence for atom # 0 Ar, 1, is greater than permitted
[13:05:55] Explicit valence for atom # 0 Ar, 1, is greater than permitted
[13:05:55] Explicit valence for atom # 0 Ar, 1, is greater than permitted
[13:05:55] Explicit valence for atom # 0 Ar, 1, is greater than permitted
[13:05:55] Explicit valence for atom # 0 Ar, 1, is greater than permitted
[13:05:55] Explicit valence for atom # 0 Ar, 1, is greater than permitted
[13:05:56] Explicit valence for atom # 0 Ar, 1, is greater than permitted
[13:05:56] Explicit valence for atom # 0 Ar, 1, is greater than permitted
[13:05:56] Explicit valence for atom # 0 Ar, 1, is greater than permitted
[13:05:56] Explicit valence for atom # 0 Ar, 1, is greater than permitted
[13:05:56] Explicit valence for atom # 0 Ar, 1, is greater than permitted
[13:05:56] Explicit valence for atom # 0 Ar, 1, is greater than permitted
[13:05:56] Explicit valence for atom # 0 Ar, 1, is greater than permitted
[13:05:56] Explicit valence for atom # 0 Ar, 1, is greater than permitted
[13:05:56] Explicit valence for atom # 0 Ar, 1, is greater than permitted
[13:05:56] Explicit valence for atom # 0 Ar, 1, is greater than permitted
[13:05:56] Explicit valence for atom # 0 Ar, 1, is greater than permitted
[13:05:56] Explicit valence for atom # 0 Ar, 1, is greater than permitted
[13:05:56] Explicit valence for atom # 0 Ar, 1, is greater than permitted
[13:05:56] Explicit valence for atom # 0 Ar, 1, is greater than permitted
[13:05:56] Explicit valence for atom # 0 Ar, 1, is greater than permitted
[13:05:56] Explicit valence for atom # 0 Ar, 1, is greater than permitted
[13:05:56] Explicit valence for atom # 0 Ar, 1, is greater than permitted
[13:05:56] Explicit valence for atom # 0 Ar, 1, is greater than permitted
[13:05:56] Explicit valence for atom # 0 Ar, 1, is greater than permitted
[13:05:56] Explicit valence for atom # 0 Ar, 1, is greater than permitted
[13:05:56] Explicit valence for atom # 0 Ar, 1, is greater than permitted
[13:05:56] Explicit valence for atom # 0 Ar, 1, is greater than permitted
[13:05:56] Explicit valence for atom # 0 Ar, 1, is greater than permitted
[13:05:56] Explicit valence for atom # 0 Ar, 1, is greater than permitted
[13:05:56] Explicit valence for atom # 0 Ar, 1, is greater than permitted
[13:05:56] Explicit valence for atom # 0 Ar, 1, is greater than permitted
[13:05:56] Explicit valence for atom # 0 Ar, 1, is greater than permitted
[13:05:56] Explicit valence for atom # 0 Ar, 1, is greater than permitted
[13:05:56] Explicit valence for atom # 0 Ar, 1, is greater than permitted
[13:05:56] Explicit valence for atom # 0 Ar, 1, is greater than permitted
[13:05:56] Explicit valence for atom # 0 Ar, 1, is greater than permitted
[13:05:56] Explicit valence for atom # 0 Ar, 1, is greater than permitted
[13:05:56] Explicit valence for atom # 0 Ar, 1, is greater than permitted
[13:05:56] Explicit valence for atom # 0 Ar, 1, is greater than permitted
[13:05:56] Explicit valence for atom # 0 Ar, 1, is greater than permitted
[13:05:57] Explicit valence for atom # 0 Ar, 1, is greater than permitted
[13:05:57] Explicit valence for atom # 0 Ar, 1, is greater than permitted
[13:05:57] Explicit valence for atom # 0 Ar, 1, is greater than permitted
[13:05:57] Explicit valence for atom # 0 Ar, 1, is greater than permitted
[13:05:57] Explicit valence for atom # 0 Ar, 1, is greater than permitted
[13:05:57] Explicit valence for atom # 0 Ar, 1, is greater than permitted
[13:05:57] Explicit valence for atom # 0 Ar, 1, is greater than permitted
[13:05:57] Explicit valence for atom # 0 Ar, 1, is greater than permitted
[13:05:57] Explicit valence for atom # 0 Ar, 1, is greater than permitted
[13:05:57] Explicit valence for atom # 0 Ar, 1, is greater than permitted
[13:05:57] Explicit valence for atom # 0 Ar, 1, is greater than permitted
[13:05:57] Explicit valence for atom # 0 Ar, 1, is greater than permitted
[13:05:57] Explicit valence for atom # 0 Ar, 1, is greater than permitted
[13:05:57] Explicit valence for atom # 0 Ar, 1, is greater than permitted
[13:05:57] Explicit valence for atom # 0 Ar, 1, is greater than permitted
[13:05:57] Explicit valence for atom # 0 Ar, 1, is greater than permitted
[13:05:57] Explicit valence for atom # 0 Ar, 1, is greater than permitted
[13:05:57] Explicit valence for atom # 0 Ar, 1, is greater than permitted
[13:05:57] Explicit valence for atom # 0 Ar, 1, is greater than permitted
[13:05:57] Explicit valence for atom # 0 Ar, 1, is greater than permitted
[13:05:57] Explicit valence for atom # 0 Ar, 1, is greater than permitted
[13:05:57] Explicit valence for atom # 0 Ar, 1, is greater than permitted
[13:05:57] Explicit valence for atom # 0 Ar, 1, is greater than permitted
[13:05:57] Explicit valence for atom # 0 Ar, 1, is greater than permitted
[13:05:57] Explicit valence for atom # 0 Ar, 1, is greater than permitted
[13:05:58] Explicit valence for atom # 0 Ar, 1, is greater than permitted
[13:05:58] Explicit valence for atom # 0 Ar, 1, is greater than permitted
[13:05:58] Explicit valence for atom # 0 Ar, 1, is greater than permitted
[13:05:58] Explicit valence for atom # 0 Ar, 1, is greater than permitted
[13:05:58] Explicit valence for atom # 0 Ar, 1, is greater than permitted
[13:05:58] Explicit valence for atom # 0 Ar, 1, is greater than permitted
[13:05:58] Explicit valence for atom # 0 Ar, 1, is greater than permitted
[13:05:58] Explicit valence for atom # 0 Ar, 1, is greater than permitted
[13:05:58] Explicit valence for atom # 0 Ar, 1, is greater than permitted
[13:05:58] Explicit valence for atom # 0 Ar, 1, is greater than permitted
[13:05:58] Explicit valence for atom # 0 Ar, 1, is greater than permitted
[13:05:58] Explicit valence for atom # 0 Ar, 1, is greater than permitted
[13:05:58] Explicit valence for atom # 0 Ar, 1, is greater than permitted
[13:05:58] Explicit valence for atom # 0 Ar, 1, is greater than permitted
[13:05:58] Explicit valence for atom # 0 Ar, 1, is greater than permitted
[13:05:58] Explicit valence for atom # 0 Ar, 1, is greater than permitted
[13:05:58] Explicit valence for atom # 0 Ar, 1, is greater than permitted
[13:05:58] Explicit valence for atom # 0 Ar, 1, is greater than permitted
[13:05:58] Explicit valence for atom # 0 Ar, 1, is greater than permitted
[13:05:58] Explicit valence for atom # 0 Ar, 1, is greater than permitted
[13:05:58] Explicit valence for atom # 0 Ar, 1, is greater than permitted
[13:05:58] Explicit valence for atom # 0 Ar, 1, is greater than permitted
[13:05:58] Explicit valence for atom # 0 Ar, 1, is greater than permitted
[13:05:58] Explicit valence for atom # 0 Ar, 1, is greater than permitted
[13:05:58] Explicit valence for atom # 0 Ar, 1, is greater than permitted
[13:05:58] Explicit valence for atom # 0 Ar, 1, is greater than permitted
[13:05:58] Explicit valence for atom # 0 Ar, 1, is greater than permitted
[13:05:58] Explicit valence for atom # 0 Ar, 1, is greater than permitted
[13:05:58] Explicit valence for atom # 0 Ar, 1, is greater than permitted
[13:05:58] Explicit valence for atom # 0 Ar, 1, is greater than permitted
[13:05:58] Explicit valence for atom # 0 Ar, 1, is greater than permitted
[13:05:58] Explicit valence for atom # 0 Ar, 1, is greater than permitted
[13:05:58] Explicit valence for atom # 0 Ar, 1, is greater than permitted
[13:05:58] Explicit valence for atom # 0 Ar, 1, is greater than permitted
[13:05:58] Explicit valence for atom # 0 Ar, 1, is greater than permitted
[13:05:58] Explicit valence for atom # 0 Ar, 1, is greater than permitted
[13:05:58] Explicit valence for atom # 0 Ar, 1, is greater than permitted
[13:05:58] Explicit valence for atom # 0 Ar, 1, is greater than permitted
[13:05:58] Explicit valence for atom # 0 Ar, 1, is greater than permitted
[13:05:58] Explicit valence for atom # 0 Ar, 1, is greater than permitted
[13:05:58] Explicit valence for atom # 0 Ar, 1, is greater than permitted
[13:05:58] Explicit valence for atom # 0 Ar, 1, is greater than permitted
[13:05:58] Explicit valence for atom # 0 Ar, 1, is greater than permitted
[13:05:58] Explicit valence for atom # 0 Ar, 1, is greater than permitted
[13:05:58] Explicit valence for atom # 0 Ar, 1, is greater than permitted
[13:05:58] Explicit valence for atom # 0 Ar, 1, is greater than permitted
[13:05:58] Explicit valence for atom # 0 Ar, 1, is greater than permitted
[13:05:58] Explicit valence for atom # 0 Ar, 1, is greater than permitted
[13:05:58] Explicit valence for atom # 0 Ar, 1, is greater than permitted
[13:05:58] Explicit valence for atom # 0 Ar, 1, is greater than permitted
[13:05:58] Explicit valence for atom # 0 Ar, 1, is greater than permitted
[13:05:58] Explicit valence for atom # 0 Ar, 1, is greater than permitted
[13:05:58] Explicit valence for atom # 0 Ar, 1, is greater than permitted
[13:05:58] Explicit valence for atom # 0 Ar, 1, is greater than permitted
[13:05:58] Explicit valence for atom # 0 Ar, 1, is greater than permitted
[13:05:58] Explicit valence for atom # 0 Ar, 1, is greater than permitted
[13:05:58] Explicit valence for atom # 0 Ar, 1, is greater than permitted
[13:05:58] Explicit valence for atom # 0 Ar, 1, is greater than permitted
[13:05:58] Explicit valence for atom # 0 Ar, 1, is greater than permitted
[13:05:58] Explicit valence for atom # 0 Ar, 1, is greater than permitted
[13:05:58] Explicit valence for atom # 0 Ar, 1, is greater than permitted
[13:05:58] Explicit valence for atom # 0 Ar, 1, is greater than permitted
[13:05:58] Explicit valence for atom # 0 Ar, 1, is greater than permitted
[13:05:58] Explicit valence for atom # 0 Ar, 1, is greater than permitted
[13:05:58] Explicit valence for atom # 0 Ar, 1, is greater than permitted
[13:05:58] Explicit valence for atom # 0 Ar, 1, is greater than permitted
[13:05:58] Explicit valence for atom # 0 Ar, 1, is greater than permitted
[13:05:58] Explicit valence for atom # 0 Ar, 1, is greater than permitted
[13:05:58] Explicit valence for atom # 0 Ar, 1, is greater than permitted
[13:05:58] Explicit valence for atom # 0 Ar, 1, is greater than permitted
[13:05:58] Explicit valence for atom # 0 Ar, 1, is greater than permitted
[13:05:58] Explicit valence for atom # 0 Ar, 1, is greater than permitted
[13:05:58] Explicit valence for atom # 0 Ar, 1, is greater than permitted
[13:05:58] Explicit valence for atom # 0 Ar, 1, is greater than permitted
[13:05:58] Explicit valence for atom # 0 Ar, 1, is greater than permitted
[13:05:58] Explicit valence for atom # 0 Ar, 1, is greater than permitted
[13:05:58] Explicit valence for atom # 0 Ar, 1, is greater than permitted
[13:05:58] Explicit valence for atom # 0 Ar, 1, is greater than permitted
[13:05:58] Explicit valence for atom # 0 Ar, 1, is greater than permitted
[13:05:58] Explicit valence for atom # 0 Ar, 1, is greater than permitted
[13:05:58] Explicit valence for atom # 0 Ar, 1, is greater than permitted
[13:05:58] Explicit valence for atom # 0 Ar, 1, is greater than permitted
[13:05:58] Explicit valence for atom # 0 Ar, 1, is greater than permitted
[13:05:58] Explicit valence for atom # 0 Ar, 1, is greater than permitted
[13:05:58] Explicit valence for atom # 0 Ar, 1, is greater than permitted
[13:05:58] Explicit valence for atom # 0 Ar, 1, is greater than permitted
[13:05:58] Explicit valence for atom # 0 Ar, 1, is greater than permitted
[13:05:58] Explicit valence for atom # 0 Ar, 1, is greater than permitted
[13:05:58] Explicit valence for atom # 0 Ar, 1, is greater than permitted
[13:05:58] Explicit valence for atom # 0 Ar, 1, is greater than permitted
[13:05:58] Explicit valence for atom # 0 Ar, 1, is greater than permitted
[13:05:58] Explicit valence for atom # 0 Ar, 1, is greater than permitted
[13:05:58] Explicit valence for atom # 0 Ar, 1, is greater than permitted
[13:05:58] Explicit valence for atom # 0 Ar, 1, is greater than permitted
[13:05:58] Explicit valence for atom # 0 Ar, 1, is greater than permitted
[13:05:58] Explicit valence for atom # 0 Ar, 1, is greater than permitted
[13:05:58] Explicit valence for atom # 0 Ar, 1, is greater than permitted
[13:05:58] Explicit valence for atom # 0 Ar, 1, is greater than permitted
[13:05:58] Explicit valence for atom # 0 Ar, 1, is greater than permitted
[13:05:58] Explicit valence for atom # 0 Ar, 1, is greater than permitted
[13:05:58] Explicit valence for atom # 0 Ar, 1, is greater than permitted
[13:05:58] Explicit valence for atom # 0 Ar, 1, is greater than permitted
[13:05:58] Explicit valence for atom # 0 Ar, 1, is greater than permitted
[13:05:58] Explicit valence for atom # 0 Ar, 1, is greater than permitted
[13:05:58] Explicit valence for atom # 0 Ar, 1, is greater than permitted
[13:05:58] Explicit valence for atom # 0 Ar, 1, is greater than permitted
[13:05:58] Explicit valence for atom # 0 Ar, 1, is greater than permitted
[13:05:58] Explicit valence for atom # 0 Ar, 1, is greater than permitted
[13:05:58] Explicit valence for atom # 0 Ar, 1, is greater than permitted
[13:05:58] Explicit valence for atom # 0 Ar, 1, is greater than permitted
[13:05:58] Explicit valence for atom # 0 Ar, 1, is greater than permitted
[13:05:58] Explicit valence for atom # 0 Ar, 1, is greater than permitted
[13:05:58] Explicit valence for atom # 0 Ar, 1, is greater than permitted
[13:05:58] Explicit valence for atom # 0 Ar, 1, is greater than permitted
[13:05:58] Explicit valence for atom # 0 Ar, 1, is greater than permitted
[13:05:58] Explicit valence for atom # 0 Ar, 1, is greater than permitted
[13:05:58] Explicit valence for atom # 0 Ar, 1, is greater than permitted
[13:05:58] Explicit valence for atom # 0 Ar, 1, is greater than permitted
[13:05:58] Explicit valence for atom # 0 Ar, 1, is greater than permitted
[13:05:58] Explicit valence for atom # 0 Ar, 1, is greater than permitted
[13:05:58] Explicit valence for atom # 0 Ar, 1, is greater than permitted
[13:05:58] Explicit valence for atom # 0 Ar, 1, is greater than permitted
[13:05:58] Explicit valence for atom # 0 Ar, 1, is greater than permitted
[13:05:58] Explicit valence for atom # 0 Ar, 1, is greater than permitted
[13:05:58] Explicit valence for atom # 0 Ar, 1, is greater than permitted
[13:05:58] Explicit valence for atom # 0 Ar, 1, is greater than permitted
[13:05:58] Explicit valence for atom # 0 Ar, 1, is greater than permitted
[13:05:58] Explicit valence for atom # 0 Ar, 1, is greater than permitted
[13:05:58] Explicit valence for atom # 0 Ar, 1, is greater than permitted
[13:05:58] Explicit valence for atom # 0 Ar, 1, is greater than permitted
[13:05:58] Explicit valence for atom # 0 Ar, 1, is greater than permitted
[13:05:58] Explicit valence for atom # 0 Ar, 1, is greater than permitted
[13:05:58] Explicit valence for atom # 0 Ar, 1, is greater than permitted
[13:05:58] Explicit valence for atom # 0 Ar, 1, is greater than permitted
[13:05:58] Explicit valence for atom # 0 Ar, 1, is greater than permitted
[13:05:58] Explicit valence for atom # 0 Ar, 1, is greater than permitted
[13:05:58] Explicit valence for atom # 0 Ar, 1, is greater than permitted
[13:05:58] Explicit valence for atom # 0 Ar, 1, is greater than permitted
[13:05:58] Explicit valence for atom # 0 Ar, 1, is greater than permitted
[13:05:58] Explicit valence for atom # 0 Ar, 1, is greater than permitted
[13:05:58] Explicit valence for atom # 0 Ar, 1, is greater than permitted
[13:05:58] Explicit valence for atom # 0 Ar, 1, is greater than permitted
[13:05:58] Explicit valence for atom # 0 Ar, 1, is greater than permitted
[13:05:58] Explicit valence for atom # 0 Ar, 1, is greater than permitted
[13:05:58] Explicit valence for atom # 0 Ar, 1, is greater than permitted
[13:05:58] Explicit valence for atom # 0 Ar, 1, is greater than permitted
[13:05:58] Explicit valence for atom # 0 Ar, 1, is greater than permitted
[13:05:58] Explicit valence for atom # 0 Ar, 1, is greater than permitted
[13:05:58] Explicit valence for atom # 0 Ar, 1, is greater than permitted
[13:05:58] Explicit valence for atom # 0 Ar, 1, is greater than permitted
[13:05:58] Explicit valence for atom # 0 Ar, 1, is greater than permitted
[13:05:58] Explicit valence for atom # 0 Ar, 1, is greater than permitted
[13:05:58] Explicit valence for atom # 0 Ar, 1, is greater than permitted
[13:05:58] Explicit valence for atom # 0 Ar, 1, is greater than permitted
[13:05:58] Explicit valence for atom # 0 Ar, 1, is greater than permitted
[13:05:58] Explicit valence for atom # 0 Ar, 1, is greater than permitted
[13:05:58] Explicit valence for atom # 0 Ar, 1, is greater than permitted
[13:05:58] Explicit valence for atom # 0 Ar, 1, is greater than permitted
[13:05:58] Explicit valence for atom # 0 Ar, 1, is greater than permitted
[13:05:58] Explicit valence for atom # 0 Ar, 1, is greater than permitted
[13:05:58] Explicit valence for atom # 0 Ar, 1, is greater than permitted
[13:05:58] Explicit valence for atom # 0 Ar, 1, is greater than permitted
[13:05:58] Explicit valence for atom # 0 Ar, 1, is greater than permitted
[13:05:58] Explicit valence for atom # 0 Ar, 1, is greater than permitted
[13:05:58] Explicit valence for atom # 0 Ar, 1, is greater than permitted
[13:05:59] Explicit valence for atom # 0 Ar, 1, is greater than permitted
[13:05:59] Explicit valence for atom # 0 Ar, 1, is greater than permitted
[13:05:59] Explicit valence for atom # 0 Ar, 1, is greater than permitted
[13:05:59] Explicit valence for atom # 0 Ar, 1, is greater than permitted
[13:05:59] Explicit valence for atom # 0 Ar, 1, is greater than permitted
[13:05:59] Explicit valence for atom # 0 Ar, 1, is greater than permitted
[13:05:59] Explicit valence for atom # 0 Ar, 1, is greater than permitted
[13:05:59] Explicit valence for atom # 0 Ar, 1, is greater than permitted
[13:05:59] Explicit valence for atom # 0 Ar, 1, is greater than permitted
[13:05:59] Explicit valence for atom # 0 Ar, 1, is greater than permitted
[13:05:59] Explicit valence for atom # 0 Ar, 1, is greater than permitted
[13:05:59] Explicit valence for atom # 0 Ar, 1, is greater than permitted
[13:05:59] Explicit valence for atom # 0 Ar, 1, is greater than permitted
[13:05:59] Explicit valence for atom # 0 Ar, 1, is greater than permitted
[13:05:59] Explicit valence for atom # 0 Ar, 1, is greater than permitted
[13:05:59] Explicit valence for atom # 0 Ar, 1, is greater than permitted
[13:05:59] Explicit valence for atom # 0 Ar, 1, is greater than permitted
[13:05:59] Explicit valence for atom # 0 Ar, 1, is greater than permitted
[13:05:59] Explicit valence for atom # 0 Ar, 1, is greater than permitted
[13:05:59] Explicit valence for atom # 0 Ar, 1, is greater than permitted
[13:05:59] Explicit valence for atom # 0 Ar, 1, is greater than permitted
[13:05:59] Explicit valence for atom # 0 Ar, 1, is greater than permitted
[13:05:59] Explicit valence for atom # 0 Ar, 1, is greater than permitted
[13:05:59] Explicit valence for atom # 0 Ar, 1, is greater than permitted
[13:05:59] Explicit valence for atom # 0 Ar, 1, is greater than permitted
[13:05:59] Explicit valence for atom # 0 Ar, 1, is greater than permitted
[13:05:59] Explicit valence for atom # 0 Ar, 1, is greater than permitted
[13:05:59] Explicit valence for atom # 0 Ar, 1, is greater than permitted
[13:05:59] Explicit valence for atom # 0 Ar, 1, is greater than permitted
[13:05:59] Explicit valence for atom # 0 Ar, 1, is greater than permitted
[13:05:59] Explicit valence for atom # 0 Ar, 1, is greater than permitted
[13:05:59] Explicit valence for atom # 0 Ar, 1, is greater than permitted
[13:05:59] Explicit valence for atom # 0 Ar, 1, is greater than permitted
[13:05:59] Explicit valence for atom # 0 Ar, 1, is greater than permitted
[13:05:59] Explicit valence for atom # 0 Ar, 1, is greater than permitted
[13:05:59] Explicit valence for atom # 0 Ar, 1, is greater than permitted
[13:05:59] Explicit valence for atom # 0 Ar, 1, is greater than permitted
[13:05:59] Explicit valence for atom # 0 Ar, 1, is greater than permitted
[13:05:59] Explicit valence for atom # 0 Ar, 1, is greater than permitted
[13:05:59] Explicit valence for atom # 0 Ar, 1, is greater than permitted
[13:05:59] Explicit valence for atom # 0 Ar, 1, is greater than permitted
[13:05:59] Explicit valence for atom # 0 Ar, 1, is greater than permitted
[13:05:59] Explicit valence for atom # 0 Ar, 1, is greater than permitted
[13:05:59] Explicit valence for atom # 0 Ar, 1, is greater than permitted
[13:05:59] Explicit valence for atom # 0 Ar, 1, is greater than permitted
[13:05:59] Explicit valence for atom # 0 Ar, 1, is greater than permitted
[13:05:59] Explicit valence for atom # 0 Ar, 1, is greater than permitted
[13:05:59] Explicit valence for atom # 0 Ar, 1, is greater than permitted
[13:05:59] Explicit valence for atom # 0 Ar, 1, is greater than permitted
[13:05:59] Explicit valence for atom # 0 Ar, 1, is greater than permitted
[13:05:59] Explicit valence for atom # 0 Ar, 1, is greater than permitted
[13:05:59] Explicit valence for atom # 0 Ar, 1, is greater than permitted
[13:05:59] Explicit valence for atom # 0 Ar, 1, is greater than permitted
[13:05:59] Explicit valence for atom # 0 Ar, 1, is greater than permitted
[13:05:59] Explicit valence for atom # 0 Ar, 1, is greater than permitted
[13:05:59] Explicit valence for atom # 0 Ar, 1, is greater than permitted
[13:05:59] Explicit valence for atom # 0 Ar, 1, is greater than permitted
[13:05:59] Explicit valence for atom # 0 Ar, 1, is greater than permitted
[13:05:59] Explicit valence for atom # 0 Ar, 1, is greater than permitted
[13:05:59] Explicit valence for atom # 0 Ar, 1, is greater than permitted
[13:05:59] Explicit valence for atom # 0 Ar, 1, is greater than permitted
[13:05:59] Explicit valence for atom # 0 Ar, 1, is greater than permitted
[13:05:59] Explicit valence for atom # 0 Ar, 1, is greater than permitted
[13:05:59] Explicit valence for atom # 0 Ar, 1, is greater than permitted
[13:05:59] Explicit valence for atom # 0 Ar, 1, is greater than permitted
[13:05:59] Explicit valence for atom # 0 Ar, 1, is greater than permitted
[13:05:59] Explicit valence for atom # 0 Ar, 1, is greater than permitted
[13:05:59] Explicit valence for atom # 0 Ar, 1, is greater than permitted
[13:05:59] Explicit valence for atom # 0 Ar, 1, is greater than permitted
[13:05:59] Explicit valence for atom # 0 Ar, 1, is greater than permitted
[13:05:59] Explicit valence for atom # 0 Ar, 1, is greater than permitted
[13:05:59] Explicit valence for atom # 0 Ar, 1, is greater than permitted
[13:05:59] Explicit valence for atom # 0 Ar, 1, is greater than permitted
[13:05:59] Explicit valence for atom # 0 Ar, 1, is greater than permitted
[13:05:59] Explicit valence for atom # 0 Ar, 1, is greater than permitted
[13:05:59] Explicit valence for atom # 0 Ar, 1, is greater than permitted
[13:05:59] Explicit valence for atom # 0 Ar, 1, is greater than permitted
[13:05:59] Explicit valence for atom # 0 Ar, 1, is greater than permitted
[13:05:59] Explicit valence for atom # 0 Ar, 1, is greater than permitted
[13:05:59] Explicit valence for atom # 0 Ar, 1, is greater than permitted
[13:05:59] Explicit valence for atom # 0 Ar, 1, is greater than permitted
[13:05:59] Explicit valence for atom # 0 Ar, 1, is greater than permitted
[13:05:59] Explicit valence for atom # 0 Ar, 1, is greater than permitted
[13:05:59] Explicit valence for atom # 0 Ar, 1, is greater than permitted
[13:05:59] Explicit valence for atom # 0 Ar, 1, is greater than permitted
[13:05:59] Explicit valence for atom # 0 Ar, 1, is greater than permitted
[13:05:59] Explicit valence for atom # 0 Ar, 1, is greater than permitted
[13:05:59] Explicit valence for atom # 0 Ar, 1, is greater than permitted
[13:05:59] Explicit valence for atom # 0 Ar, 1, is greater than permitted
[13:05:59] Explicit valence for atom # 0 Ar, 1, is greater than permitted
[13:05:59] Explicit valence for atom # 0 Ar, 1, is greater than permitted
[13:05:59] Explicit valence for atom # 0 Ar, 1, is greater than permitted
[13:05:59] Explicit valence for atom # 0 Ar, 1, is greater than permitted
[13:05:59] Explicit valence for atom # 0 Ar, 1, is greater than permitted
[13:05:59] Explicit valence for atom # 0 Ar, 1, is greater than permitted
[13:05:59] Explicit valence for atom # 0 Ar, 1, is greater than permitted
[13:05:59] Explicit valence for atom # 0 Ar, 1, is greater than permitted
[13:05:59] Explicit valence for atom # 0 Ar, 1, is greater than permitted
[13:05:59] Explicit valence for atom # 0 Ar, 1, is greater than permitted
[13:05:59] Explicit valence for atom # 0 Ar, 1, is greater than permitted
[13:05:59] Explicit valence for atom # 0 Ar, 1, is greater than permitted
[13:05:59] Explicit valence for atom # 0 Ar, 1, is greater than permitted
[13:05:59] Explicit valence for atom # 0 Ar, 1, is greater than permitted
[13:05:59] Explicit valence for atom # 0 Ar, 1, is greater than permitted
[13:05:59] Explicit valence for atom # 0 Ar, 1, is greater than permitted
[13:05:59] Explicit valence for atom # 0 Ar, 1, is greater than permitted
[13:05:59] Explicit valence for atom # 0 Ar, 1, is greater than permitted
[13:05:59] Explicit valence for atom # 0 Ar, 1, is greater than permitted
[13:05:59] Explicit valence for atom # 0 Ar, 1, is greater than permitted
[13:05:59] Explicit valence for atom # 0 Ar, 1, is greater than permitted
[13:05:59] Explicit valence for atom # 0 Ar, 1, is greater than permitted
[13:05:59] Explicit valence for atom # 0 Ar, 1, is greater than permitted
[13:05:59] Explicit valence for atom # 0 Ar, 1, is greater than permitted
[13:05:59] Explicit valence for atom # 0 Ar, 1, is greater than permitted
[13:05:59] Explicit valence for atom # 0 Ar, 1, is greater than permitted
[13:05:59] Explicit valence for atom # 0 Ar, 1, is greater than permitted
[13:05:59] Explicit valence for atom # 0 Ar, 1, is greater than permitted
[13:05:59] Explicit valence for atom # 0 Ar, 1, is greater than permitted
[13:05:59] Explicit valence for atom # 0 Ar, 1, is greater than permitted
[13:05:59] Explicit valence for atom # 0 Ar, 1, is greater than permitted
[13:05:59] Explicit valence for atom # 0 Ar, 1, is greater than permitted
[13:05:59] Explicit valence for atom # 0 Ar, 1, is greater than permitted
[13:05:59] Explicit valence for atom # 0 Ar, 1, is greater than permitted
[13:05:59] Explicit valence for atom # 0 Ar, 1, is greater than permitted
[13:05:59] Explicit valence for atom # 0 Ar, 1, is greater than permitted
[13:05:59] Explicit valence for atom # 0 Ar, 1, is greater than permitted
[13:06:00] Explicit valence for atom # 0 Ar, 1, is greater than permitted
[13:06:00] Explicit valence for atom # 0 Ar, 1, is greater than permitted
[13:06:00] Explicit valence for atom # 0 Ar, 1, is greater than permitted
[13:06:00] Explicit valence for atom # 0 Ar, 1, is greater than permitted
[13:06:00] Explicit valence for atom # 0 Ar, 1, is greater than permitted
[13:06:00] Explicit valence for atom # 0 Ar, 1, is greater than permitted
[13:06:00] Explicit valence for atom # 0 Ar, 1, is greater than permitted
[13:06:00] Explicit valence for atom # 0 Ar, 1, is greater than permitted
[13:06:00] Explicit valence for atom # 0 Ar, 1, is greater than permitted
[13:06:00] Explicit valence for atom # 0 Ar, 1, is greater than permitted
[13:06:00] Explicit valence for atom # 0 Ar, 1, is greater than permitted
[13:06:00] Explicit valence for atom # 0 Ar, 1, is greater than permitted
[13:06:00] Explicit valence for atom # 0 Ar, 1, is greater than permitted
[13:06:00] Explicit valence for atom # 0 Ar, 1, is greater than permitted
[13:06:00] Explicit valence for atom # 0 Ar, 1, is greater than permitted
[13:06:00] Explicit valence for atom # 0 Ar, 1, is greater than permitted
[13:06:00] Explicit valence for atom # 0 Ar, 1, is greater than permitted
[13:06:00] Explicit valence for atom # 0 Ar, 1, is greater than permitted
[13:06:00] Explicit valence for atom # 0 Ar, 1, is greater than permitted
[13:06:00] Explicit valence for atom # 0 Ar, 1, is greater than permitted
[13:06:00] Explicit valence for atom # 0 Ar, 1, is greater than permitted
[13:06:00] Explicit valence for atom # 0 Ar, 1, is greater than permitted
[13:06:00] Explicit valence for atom # 0 Ar, 1, is greater than permitted
[13:06:00] Explicit valence for atom # 0 Ar, 1, is greater than permitted
[13:06:00] Explicit valence for atom # 0 Ar, 1, is greater than permitted
[13:06:00] Explicit valence for atom # 0 Ar, 1, is greater than permitted
[13:06:00] Explicit valence for atom # 0 Ar, 1, is greater than permitted
[13:06:00] Explicit valence for atom # 0 Ar, 1, is greater than permitted
[13:06:00] Explicit valence for atom # 0 Ar, 1, is greater than permitted
[13:06:00] Explicit valence for atom # 0 Ar, 1, is greater than permitted
[13:06:00] Explicit valence for atom # 0 Ar, 1, is greater than permitted
[13:06:00] Explicit valence for atom # 0 Ar, 1, is greater than permitted
[13:06:00] Explicit valence for atom # 0 Ar, 1, is greater than permitted
[13:06:00] Explicit valence for atom # 0 Ar, 1, is greater than permitted
[13:06:00] Explicit valence for atom # 0 Ar, 1, is greater than permitted
[13:06:00] Explicit valence for atom # 0 Ar, 1, is greater than permitted
[13:06:00] Explicit valence for atom # 0 Ar, 1, is greater than permitted
[13:06:00] Explicit valence for atom # 0 Ar, 1, is greater than permitted
[13:06:00] Explicit valence for atom # 0 Ar, 1, is greater than permitted
[13:06:00] Explicit valence for atom # 0 Ar, 1, is greater than permitted
[13:06:00] Explicit valence for atom # 0 Ar, 1, is greater than permitted
[13:06:00] Explicit valence for atom # 0 Ar, 1, is greater than permitted
[13:06:00] Explicit valence for atom # 0 Ar, 1, is greater than permitted
[13:06:00] Explicit valence for atom # 0 Ar, 1, is greater than permitted
[13:06:00] Explicit valence for atom # 0 Ar, 1, is greater than permitted
[13:06:00] Explicit valence for atom # 0 Ar, 1, is greater than permitted
[13:06:00] Explicit valence for atom # 0 Ar, 1, is greater than permitted
[13:06:00] Explicit valence for atom # 0 Ar, 1, is greater than permitted
[13:06:00] Explicit valence for atom # 0 Ar, 1, is greater than permitted
[13:06:00] Explicit valence for atom # 0 Ar, 1, is greater than permitted
[13:06:00] Explicit valence for atom # 0 Ar, 1, is greater than permitted
[13:06:00] Explicit valence for atom # 0 Ar, 1, is greater than permitted
[13:06:00] Explicit valence for atom # 0 Ar, 1, is greater than permitted
[13:06:00] Explicit valence for atom # 0 Ar, 1, is greater than permitted
[13:06:00] Explicit valence for atom # 0 Ar, 1, is greater than permitted
[13:06:00] Explicit valence for atom # 0 Ar, 1, is greater than permitted
[13:06:00] Explicit valence for atom # 0 Ar, 1, is greater than permitted
[13:06:00] Explicit valence for atom # 0 Ar, 1, is greater than permitted
[13:06:00] Explicit valence for atom # 0 Ar, 1, is greater than permitted
[13:06:00] Explicit valence for atom # 0 Ar, 1, is greater than permitted
[13:06:00] Explicit valence for atom # 0 Ar, 1, is greater than permitted
[13:06:00] Explicit valence for atom # 0 Ar, 1, is greater than permitted
[13:06:00] Explicit valence for atom # 0 Ar, 1, is greater than permitted
[13:06:00] Explicit valence for atom # 0 Ar, 1, is greater than permitted
[13:06:00] Explicit valence for atom # 0 Ar, 1, is greater than permitted
[13:06:00] Explicit valence for atom # 0 Ar, 1, is greater than permitted
[13:06:00] Explicit valence for atom # 0 Ar, 1, is greater than permitted
[13:06:00] Explicit valence for atom # 0 Ar, 1, is greater than permitted
[13:06:00] Explicit valence for atom # 0 Ar, 1, is greater than permitted
[13:06:00] Explicit valence for atom # 0 Ar, 1, is greater than permitted
[13:06:00] Explicit valence for atom # 0 Ar, 1, is greater than permitted
[13:06:00] Explicit valence for atom # 0 Ar, 1, is greater than permitted
[13:06:00] Explicit valence for atom # 0 Ar, 1, is greater than permitted
[13:06:00] Explicit valence for atom # 0 Ar, 1, is greater than permitted
[13:06:00] Explicit valence for atom # 0 Ar, 1, is greater than permitted
[13:06:00] Explicit valence for atom # 0 Ar, 1, is greater than permitted
[13:06:00] Explicit valence for atom # 0 Ar, 1, is greater than permitted
[13:06:00] Explicit valence for atom # 0 Ar, 1, is greater than permitted
[13:06:00] Explicit valence for atom # 0 Ar, 1, is greater than permitted
[13:06:00] Explicit valence for atom # 0 Ar, 1, is greater than permitted
[13:06:00] Explicit valence for atom # 0 Ar, 1, is greater than permitted
[13:06:00] Explicit valence for atom # 0 Ar, 1, is greater than permitted
[13:06:00] Explicit valence for atom # 0 Ar, 1, is greater than permitted
[13:06:00] Explicit valence for atom # 0 Ar, 1, is greater than permitted
[13:06:00] Explicit valence for atom # 0 Ar, 1, is greater than permitted
[13:06:00] Explicit valence for atom # 0 Ar, 1, is greater than permitted
[13:06:00] Explicit valence for atom # 0 Ar, 1, is greater than permitted
[13:06:00] Explicit valence for atom # 0 Ar, 1, is greater than permitted
[13:06:00] Explicit valence for atom # 0 Ar, 1, is greater than permitted
[13:06:00] Explicit valence for atom # 0 Ar, 1, is greater than permitted
[13:06:00] Explicit valence for atom # 0 Ar, 1, is greater than permitted
[13:06:00] Explicit valence for atom # 0 Ar, 1, is greater than permitted
[13:06:00] Explicit valence for atom # 0 Ar, 1, is greater than permitted
[13:06:00] Explicit valence for atom # 0 Ar, 1, is greater than permitted
[13:06:00] Explicit valence for atom # 0 Ar, 1, is greater than permitted
[13:06:00] Explicit valence for atom # 0 Ar, 1, is greater than permitted
[13:06:00] Explicit valence for atom # 0 Ar, 1, is greater than permitted
[13:06:00] Explicit valence for atom # 0 Ar, 1, is greater than permitted
[13:06:00] Explicit valence for atom # 0 Ar, 1, is greater than permitted
[13:06:00] Explicit valence for atom # 0 Ar, 1, is greater than permitted
[13:06:00] Explicit valence for atom # 0 Ar, 1, is greater than permitted
[13:06:00] Explicit valence for atom # 0 Ar, 1, is greater than permitted
[13:06:00] Explicit valence for atom # 0 Ar, 1, is greater than permitted
[13:06:00] Explicit valence for atom # 0 Ar, 1, is greater than permitted
[13:06:00] Explicit valence for atom # 0 Ar, 1, is greater than permitted
[13:06:00] Explicit valence for atom # 0 Ar, 1, is greater than permitted
[13:06:00] Explicit valence for atom # 0 Ar, 1, is greater than permitted
[13:06:00] Explicit valence for atom # 0 Ar, 1, is greater than permitted
[13:06:00] Explicit valence for atom # 0 Ar, 1, is greater than permitted
[13:06:00] Explicit valence for atom # 0 Ar, 1, is greater than permitted
[13:06:00] Explicit valence for atom # 0 Ar, 1, is greater than permitted
[13:06:00] Explicit valence for atom # 0 Ar, 1, is greater than permitted
[13:06:00] Explicit valence for atom # 0 Ar, 1, is greater than permitted
[13:06:00] Explicit valence for atom # 0 Ar, 1, is greater than permitted
[13:06:00] Explicit valence for atom # 0 Ar, 1, is greater than permitted
[13:06:00] Explicit valence for atom # 0 Ar, 1, is greater than permitted
[13:06:00] Explicit valence for atom # 0 Ar, 1, is greater than permitted
[13:06:00] Explicit valence for atom # 0 Ar, 1, is greater than permitted
[13:06:00] Explicit valence for atom # 0 Ar, 1, is greater than permitted
[13:06:00] Explicit valence for atom # 0 Ar, 1, is greater than permitted
[13:06:00] Explicit valence for atom # 0 Ar, 1, is greater than permitted
[13:06:00] Explicit valence for atom # 0 Ar, 1, is greater than permitted
[13:06:00] Explicit valence for atom # 0 Ar, 1, is greater than permitted
[13:06:00] Explicit valence for atom # 0 Ar, 1, is greater than permitted
[13:06:00] Explicit valence for atom # 0 Ar, 1, is greater than permitted
[13:06:00] Explicit valence for atom # 0 Ar, 1, is greater than permitted
[13:06:00] Explicit valence for atom # 0 Ar, 1, is greater than permitted
[13:06:00] Explicit valence for atom # 0 Ar, 1, is greater than permitted
[13:06:00] Explicit valence for atom # 0 Ar, 1, is greater than permitted
[13:06:00] Explicit valence for atom # 0 Ar, 1, is greater than permitted
[13:06:00] Explicit valence for atom # 0 Ar, 1, is greater than permitted
[13:06:00] Explicit valence for atom # 0 Ar, 1, is greater than permitted
[13:06:00] Explicit valence for atom # 0 Ar, 1, is greater than permitted
[13:06:00] Explicit valence for atom # 0 Ar, 1, is greater than permitted
[13:06:00] Explicit valence for atom # 0 Ar, 1, is greater than permitted
[13:06:00] Explicit valence for atom # 0 Ar, 1, is greater than permitted
[13:06:00] Explicit valence for atom # 0 Ar, 1, is greater than permitted
[13:06:00] Explicit valence for atom # 0 Ar, 1, is greater than permitted
[13:06:00] Explicit valence for atom # 0 Ar, 1, is greater than permitted
[13:06:00] Explicit valence for atom # 0 Ar, 1, is greater than permitted
[13:06:00] Explicit valence for atom # 0 Ar, 1, is greater than permitted
[13:06:00] Explicit valence for atom # 0 Ar, 1, is greater than permitted
[13:06:00] Explicit valence for atom # 0 Ar, 1, is greater than permitted
[13:06:00] Explicit valence for atom # 0 Ar, 1, is greater than permitted
[13:06:00] Explicit valence for atom # 0 Ar, 1, is greater than permitted
[13:06:00] Explicit valence for atom # 0 Ar, 1, is greater than permitted
[13:06:00] Explicit valence for atom # 0 Ar, 1, is greater than permitted
[13:06:00] Explicit valence for atom # 0 Ar, 1, is greater than permitted
[13:06:00] Explicit valence for atom # 0 Ar, 1, is greater than permitted
[13:06:00] Explicit valence for atom # 0 Ar, 1, is greater than permitted
[13:06:00] Explicit valence for atom # 0 Ar, 1, is greater than permitted
[13:06:00] Explicit valence for atom # 0 Ar, 1, is greater than permitted
[13:06:00] Explicit valence for atom # 0 Ar, 1, is greater than permitted
[13:06:00] Explicit valence for atom # 0 Ar, 1, is greater than permitted
[13:06:00] Explicit valence for atom # 0 Ar, 1, is greater than permitted
[13:06:00] Explicit valence for atom # 0 Ar, 1, is greater than permitted
[13:06:00] Explicit valence for atom # 0 Ar, 1, is greater than permitted
[13:06:00] Explicit valence for atom # 0 Ar, 1, is greater than permitted
[13:06:01] Explicit valence for atom # 0 Ar, 1, is greater than permitted
[13:06:01] Explicit valence for atom # 0 Ar, 1, is greater than permitted
[13:06:01] Explicit valence for atom # 0 Ar, 1, is greater than permitted
[13:06:01] Explicit valence for atom # 0 Ar, 1, is greater than permitted
[13:06:01] Explicit valence for atom # 0 Ar, 1, is greater than permitted
[13:06:01] Explicit valence for atom # 0 Ar, 1, is greater than permitted
[13:06:01] Explicit valence for atom # 0 Ar, 1, is greater than permitted
[13:06:01] Explicit valence for atom # 0 Ar, 1, is greater than permitted
[13:06:01] Explicit valence for atom # 0 Ar, 1, is greater than permitted
[13:06:01] Explicit valence for atom # 0 Ar, 1, is greater than permitted
[13:06:01] Explicit valence for atom # 0 Ar, 1, is greater than permitted
[13:06:01] Explicit valence for atom # 0 Ar, 1, is greater than permitted
[13:06:01] Explicit valence for atom # 0 Ar, 1, is greater than permitted
[13:06:01] Explicit valence for atom # 0 Ar, 1, is greater than permitted
[13:06:01] Explicit valence for atom # 0 Ar, 1, is greater than permitted
[13:06:01] Explicit valence for atom # 0 Ar, 1, is greater than permitted
[13:06:01] Explicit valence for atom # 0 Ar, 1, is greater than permitted
[13:06:01] Explicit valence for atom # 0 Ar, 1, is greater than permitted
[13:06:01] Explicit valence for atom # 0 Ar, 1, is greater than permitted
[13:06:01] Explicit valence for atom # 0 Ar, 1, is greater than permitted
[13:06:01] Explicit valence for atom # 0 Ar, 1, is greater than permitted
[13:06:01] Explicit valence for atom # 0 Ar, 1, is greater than permitted
[13:06:01] Explicit valence for atom # 0 Ar, 1, is greater than permitted
[13:06:01] Explicit valence for atom # 0 Ar, 1, is greater than permitted
[13:06:01] Explicit valence for atom # 0 Ar, 1, is greater than permitted
[13:06:01] Explicit valence for atom # 0 Ar, 1, is greater than permitted
[13:06:01] Explicit valence for atom # 0 Ar, 1, is greater than permitted
[13:06:01] Explicit valence for atom # 0 Ar, 1, is greater than permitted
[13:06:01] Explicit valence for atom # 0 Ar, 1, is greater than permitted
[13:06:01] Explicit valence for atom # 0 Ar, 1, is greater than permitted
[13:06:01] Explicit valence for atom # 0 Ar, 1, is greater than permitted
[13:06:01] Explicit valence for atom # 0 Ar, 1, is greater than permitted
[13:06:01] Explicit valence for atom # 0 Ar, 1, is greater than permitted
[13:06:01] Explicit valence for atom # 0 Ar, 1, is greater than permitted
[13:06:01] Explicit valence for atom # 0 Ar, 1, is greater than permitted
[13:06:01] Explicit valence for atom # 0 Ar, 1, is greater than permitted
[13:06:01] Explicit valence for atom # 0 Ar, 1, is greater than permitted
[13:06:01] Explicit valence for atom # 0 Ar, 1, is greater than permitted
[13:06:01] Explicit valence for atom # 0 Ar, 1, is greater than permitted
[13:06:01] Explicit valence for atom # 0 Ar, 1, is greater than permitted
[13:06:01] Explicit valence for atom # 0 Ar, 1, is greater than permitted
[13:06:01] Explicit valence for atom # 0 Ar, 1, is greater than permitted
[13:06:01] Explicit valence for atom # 0 Ar, 1, is greater than permitted
[13:06:01] Explicit valence for atom # 0 Ar, 1, is greater than permitted
[13:06:01] Explicit valence for atom # 0 Ar, 1, is greater than permitted
[13:06:01] Explicit valence for atom # 0 Ar, 1, is greater than permitted
[13:06:01] Explicit valence for atom # 0 Ar, 1, is greater than permitted
[13:06:01] Explicit valence for atom # 0 Ar, 1, is greater than permitted
[13:06:01] Explicit valence for atom # 0 Ar, 1, is greater than permitted
[13:06:01] Explicit valence for atom # 0 Ar, 1, is greater than permitted
[13:06:01] Explicit valence for atom # 0 Ar, 1, is greater than permitted
[13:06:01] Explicit valence for atom # 0 Ar, 1, is greater than permitted
[13:06:01] Explicit valence for atom # 0 Ar, 1, is greater than permitted
[13:06:01] Explicit valence for atom # 0 Ar, 1, is greater than permitted
[13:06:01] Explicit valence for atom # 0 Ar, 1, is greater than permitted
[13:06:01] Explicit valence for atom # 0 Ar, 1, is greater than permitted
[13:06:01] Explicit valence for atom # 0 Ar, 1, is greater than permitted
[13:06:01] Explicit valence for atom # 0 Ar, 1, is greater than permitted
[13:06:01] Explicit valence for atom # 0 Ar, 1, is greater than permitted
[13:06:01] Explicit valence for atom # 0 Ar, 1, is greater than permitted
[13:06:01] Explicit valence for atom # 0 Ar, 1, is greater than permitted
[13:06:01] Explicit valence for atom # 0 Ar, 1, is greater than permitted
[13:06:01] Explicit valence for atom # 0 Ar, 1, is greater than permitted
[13:06:01] Explicit valence for atom # 0 Ar, 1, is greater than permitted
[13:06:01] Explicit valence for atom # 0 Ar, 1, is greater than permitted
[13:06:01] Explicit valence for atom # 0 Ar, 1, is greater than permitted
[13:06:01] Explicit valence for atom # 0 Ar, 1, is greater than permitted
[13:06:01] Explicit valence for atom # 0 Ar, 1, is greater than permitted
[13:06:01] Explicit valence for atom # 0 Ar, 1, is greater than permitted
[13:06:01] Explicit valence for atom # 0 Ar, 1, is greater than permitted
[13:06:01] Explicit valence for atom # 0 Ar, 1, is greater than permitted
[13:06:01] Explicit valence for atom # 0 Ar, 1, is greater than permitted
[13:06:02] Explicit valence for atom # 0 Ar, 1, is greater than permitted
[13:06:02] Explicit valence for atom # 0 Ar, 1, is greater than permitted
[13:06:02] Explicit valence for atom # 0 Ar, 1, is greater than permitted
[13:06:02] Explicit valence for atom # 0 Ar, 1, is greater than permitted
[13:06:02] Explicit valence for atom # 0 Ar, 1, is greater than permitted
[13:06:02] Explicit valence for atom # 0 Ar, 1, is greater than permitted
[13:06:02] Explicit valence for atom # 0 Ar, 1, is greater than permitted
[13:06:02] Explicit valence for atom # 0 Ar, 1, is greater than permitted
[13:06:02] Explicit valence for atom # 0 Ar, 1, is greater than permitted
[13:06:02] Explicit valence for atom # 0 Ar, 1, is greater than permitted
[13:06:02] Explicit valence for atom # 0 Ar, 1, is greater than permitted
[13:06:02] Explicit valence for atom # 0 Ar, 1, is greater than permitted
[13:06:02] Explicit valence for atom # 0 Ar, 1, is greater than permitted
[13:06:02] Explicit valence for atom # 0 Ar, 1, is greater than permitted
[13:06:02] Explicit valence for atom # 0 Ar, 1, is greater than permitted
[13:06:02] Explicit valence for atom # 0 Ar, 1, is greater than permitted
[13:06:02] Explicit valence for atom # 0 Ar, 1, is greater than permitted
[13:06:02] Explicit valence for atom # 0 Ar, 1, is greater than permitted
[13:06:02] Explicit valence for atom # 0 Ar, 1, is greater than permitted
[13:06:02] Explicit valence for atom # 0 Ar, 1, is greater than permitted
[13:06:02] Explicit valence for atom # 0 Ar, 1, is greater than permitted
[13:06:02] Explicit valence for atom # 0 Ar, 1, is greater than permitted
[13:06:02] Explicit valence for atom # 0 Ar, 1, is greater than permitted
[13:06:02] Explicit valence for atom # 0 Ar, 1, is greater than permitted
[13:06:02] Explicit valence for atom # 0 Ar, 1, is greater than permitted
[13:06:02] Explicit valence for atom # 0 Ar, 1, is greater than permitted
[13:06:02] Explicit valence for atom # 0 Ar, 1, is greater than permitted
[13:06:02] Explicit valence for atom # 0 Ar, 1, is greater than permitted
[13:06:02] Explicit valence for atom # 0 Ar, 1, is greater than permitted
[13:06:02] Explicit valence for atom # 0 Ar, 1, is greater than permitted
[13:06:02] Explicit valence for atom # 0 Ar, 1, is greater than permitted
[13:06:02] Explicit valence for atom # 0 Ar, 1, is greater than permitted
[13:06:02] Explicit valence for atom # 0 Ar, 1, is greater than permitted
[13:06:02] Explicit valence for atom # 0 Ar, 1, is greater than permitted
[13:06:02] Explicit valence for atom # 0 Ar, 1, is greater than permitted
[13:06:02] Explicit valence for atom # 0 Ar, 1, is greater than permitted
[13:06:02] Explicit valence for atom # 0 Ar, 1, is greater than permitted
[13:06:02] Explicit valence for atom # 0 Ar, 1, is greater than permitted
[13:06:02] Explicit valence for atom # 0 Ar, 1, is greater than permitted
[13:06:02] Explicit valence for atom # 0 Ar, 1, is greater than permitted
[13:06:02] Explicit valence for atom # 0 Ar, 1, is greater than permitted
[13:06:02] Explicit valence for atom # 0 Ar, 1, is greater than permitted
[13:06:02] Explicit valence for atom # 0 Ar, 1, is greater than permitted
[13:06:02] Explicit valence for atom # 0 Ar, 1, is greater than permitted
[13:06:02] Explicit valence for atom # 0 Ar, 1, is greater than permitted
[13:06:02] Explicit valence for atom # 0 Ar, 1, is greater than permitted
[13:06:02] Explicit valence for atom # 0 Ar, 1, is greater than permitted
[13:06:02] Explicit valence for atom # 0 Ar, 1, is greater than permitted
[13:06:02] Explicit valence for atom # 0 Ar, 1, is greater than permitted
[13:06:02] Explicit valence for atom # 0 Ar, 1, is greater than permitted
[13:06:02] Explicit valence for atom # 0 Ar, 1, is greater than permitted
[13:06:02] Explicit valence for atom # 0 Ar, 1, is greater than permitted
[13:06:02] Explicit valence for atom # 0 Ar, 1, is greater than permitted
[13:06:02] Explicit valence for atom # 0 Ar, 1, is greater than permitted
[13:06:02] Explicit valence for atom # 0 Ar, 1, is greater than permitted
[13:06:02] Explicit valence for atom # 0 Ar, 1, is greater than permitted
[13:06:02] Explicit valence for atom # 0 Ar, 1, is greater than permitted
[13:06:02] Explicit valence for atom # 0 Ar, 1, is greater than permitted
[13:06:02] Explicit valence for atom # 0 Ar, 1, is greater than permitted
[13:06:02] Explicit valence for atom # 0 Ar, 1, is greater than permitted
[13:06:02] Explicit valence for atom # 0 Ar, 1, is greater than permitted
[13:06:02] Explicit valence for atom # 0 Ar, 1, is greater than permitted
[13:06:02] Explicit valence for atom # 0 Ar, 1, is greater than permitted
[13:06:02] Explicit valence for atom # 0 Ar, 1, is greater than permitted
[13:06:02] Explicit valence for atom # 0 Ar, 1, is greater than permitted
[13:06:02] Explicit valence for atom # 0 Ar, 1, is greater than permitted
[13:06:02] Explicit valence for atom # 0 Ar, 1, is greater than permitted
[13:06:02] Explicit valence for atom # 0 Ar, 1, is greater than permitted
[13:06:02] Explicit valence for atom # 0 Ar, 1, is greater than permitted
[13:06:02] Explicit valence for atom # 0 Ar, 1, is greater than permitted
[13:06:02] Explicit valence for atom # 0 Ar, 1, is greater than permitted
[13:06:02] Explicit valence for atom # 0 Ar, 1, is greater than permitted
[13:06:02] Explicit valence for atom # 0 Ar, 1, is greater than permitted
[13:06:02] Explicit valence for atom # 0 Ar, 1, is greater than permitted
[13:06:02] Explicit valence for atom # 0 Ar, 1, is greater than permitted
[13:06:02] Explicit valence for atom # 0 Ar, 1, is greater than permitted
[13:06:02] Explicit valence for atom # 0 Ar, 1, is greater than permitted
[13:06:02] Explicit valence for atom # 0 Ar, 1, is greater than permitted
[13:06:02] Explicit valence for atom # 0 Ar, 1, is greater than permitted
[13:06:02] Explicit valence for atom # 0 Ar, 1, is greater than permitted
[13:06:02] Explicit valence for atom # 0 Ar, 1, is greater than permitted
[13:06:02] Explicit valence for atom # 0 Ar, 1, is greater than permitted
[13:06:02] Explicit valence for atom # 0 Ar, 1, is greater than permitted
[13:06:02] Explicit valence for atom # 0 Ar, 1, is greater than permitted
[13:06:02] Explicit valence for atom # 0 Ar, 1, is greater than permitted
[13:06:02] Explicit valence for atom # 0 Ar, 1, is greater than permitted
[13:06:02] Explicit valence for atom # 0 Ar, 1, is greater than permitted
[13:06:02] Explicit valence for atom # 0 Ar, 1, is greater than permitted
[13:06:02] Explicit valence for atom # 0 Ar, 1, is greater than permitted
[13:06:02] Explicit valence for atom # 0 Ar, 1, is greater than permitted
[13:06:02] Explicit valence for atom # 0 Ar, 1, is greater than permitted
[13:06:02] Explicit valence for atom # 0 Ar, 1, is greater than permitted
[13:06:02] Explicit valence for atom # 0 Ar, 1, is greater than permitted
[13:06:02] Explicit valence for atom # 0 Ar, 1, is greater than permitted
[13:06:02] Explicit valence for atom # 0 Ar, 1, is greater than permitted
[13:06:02] Explicit valence for atom # 0 Ar, 1, is greater than permitted
[13:06:02] Explicit valence for atom # 0 Ar, 1, is greater than permitted
[13:06:02] Explicit valence for atom # 0 Ar, 1, is greater than permitted
[13:06:02] Explicit valence for atom # 0 Ar, 1, is greater than permitted
[13:06:02] Explicit valence for atom # 0 Ar, 1, is greater than permitted
[13:06:02] Explicit valence for atom # 0 Ar, 1, is greater than permitted
[13:06:02] Explicit valence for atom # 0 Ar, 1, is greater than permitted
[13:06:02] Explicit valence for atom # 0 Ar, 1, is greater than permitted
[13:06:02] Explicit valence for atom # 0 Ar, 1, is greater than permitted
[13:06:02] Explicit valence for atom # 0 Ar, 1, is greater than permitted
[13:06:02] Explicit valence for atom # 0 Ar, 1, is greater than permitted
[13:06:02] Explicit valence for atom # 0 Ar, 1, is greater than permitted
[13:06:02] Explicit valence for atom # 0 Ar, 1, is greater than permitted
[13:06:02] Explicit valence for atom # 0 Ar, 1, is greater than permitted
[13:06:02] Explicit valence for atom # 0 Ar, 1, is greater than permitted
[13:06:02] Explicit valence for atom # 0 Ar, 1, is greater than permitted
[13:06:02] Explicit valence for atom # 0 Ar, 1, is greater than permitted
[13:06:02] Explicit valence for atom # 0 Ar, 1, is greater than permitted
[13:06:02] Explicit valence for atom # 0 Ar, 1, is greater than permitted
[13:06:02] Explicit valence for atom # 0 Ar, 1, is greater than permitted
[13:06:02] Explicit valence for atom # 0 Ar, 1, is greater than permitted
[13:06:02] Explicit valence for atom # 0 Ar, 1, is greater than permitted
[13:06:02] Explicit valence for atom # 0 Ar, 1, is greater than permitted
[13:06:02] Explicit valence for atom # 0 Ar, 1, is greater than permitted
[13:06:02] Explicit valence for atom # 0 Ar, 1, is greater than permitted
[13:06:02] Explicit valence for atom # 0 Ar, 1, is greater than permitted
[13:06:02] Explicit valence for atom # 0 Ar, 1, is greater than permitted
[13:06:03] Explicit valence for atom # 0 Ar, 1, is greater than permitted
[13:06:03] Explicit valence for atom # 0 Ar, 1, is greater than permitted
[13:06:03] Explicit valence for atom # 0 Ar, 1, is greater than permitted
[13:06:03] Explicit valence for atom # 0 Ar, 1, is greater than permitted
[13:06:03] Explicit valence for atom # 0 Ar, 1, is greater than permitted
[13:06:03] Explicit valence for atom # 0 Ar, 1, is greater than permitted
[13:06:03] Explicit valence for atom # 0 Ar, 1, is greater than permitted
[13:06:03] Explicit valence for atom # 0 Ar, 1, is greater than permitted
[13:06:03] Explicit valence for atom # 0 Ar, 1, is greater than permitted
[13:06:03] Explicit valence for atom # 0 Ar, 1, is greater than permitted
[13:06:03] Explicit valence for atom # 0 Ar, 1, is greater than permitted
[13:06:03] Explicit valence for atom # 0 Ar, 1, is greater than permitted
[13:06:03] Explicit valence for atom # 0 Ar, 1, is greater than permitted
[13:06:03] Explicit valence for atom # 0 Ar, 1, is greater than permitted
[13:06:03] Explicit valence for atom # 0 Ar, 1, is greater than permitted
[13:06:03] Explicit valence for atom # 0 Ar, 1, is greater than permitted
[13:06:03] Explicit valence for atom # 0 Ar, 1, is greater than permitted
[13:06:03] Explicit valence for atom # 0 Ar, 1, is greater than permitted
[13:06:03] Explicit valence for atom # 0 Ar, 1, is greater than permitted
[13:06:03] Explicit valence for atom # 0 Ar, 1, is greater than permitted
[13:06:03] Explicit valence for atom # 0 Ar, 1, is greater than permitted
[13:06:03] Explicit valence for atom # 0 Ar, 1, is greater than permitted
[13:06:03] Explicit valence for atom # 0 Ar, 1, is greater than permitted
[13:06:03] Explicit valence for atom # 0 Ar, 1, is greater than permitted
[13:06:03] Explicit valence for atom # 0 Ar, 1, is greater than permitted
[13:06:03] Explicit valence for atom # 0 Ar, 1, is greater than permitted
[13:06:03] Explicit valence for atom # 0 Ar, 1, is greater than permitted
[13:06:03] Explicit valence for atom # 0 Ar, 1, is greater than permitted
[13:06:03] Explicit valence for atom # 0 Ar, 1, is greater than permitted
[13:06:03] Explicit valence for atom # 0 Ar, 1, is greater than permitted
[13:06:03] Explicit valence for atom # 0 Ar, 1, is greater than permitted
[13:06:03] Explicit valence for atom # 0 Ar, 1, is greater than permitted
[13:06:03] Explicit valence for atom # 0 Ar, 1, is greater than permitted
[13:06:03] Explicit valence for atom # 0 Ar, 1, is greater than permitted
[13:06:03] Explicit valence for atom # 0 Ar, 1, is greater than permitted
[13:06:03] Explicit valence for atom # 0 Ar, 1, is greater than permitted
[13:06:03] Explicit valence for atom # 0 Ar, 1, is greater than permitted
[13:06:03] Explicit valence for atom # 0 Ar, 1, is greater than permitted
[13:06:04] Explicit valence for atom # 0 Ar, 1, is greater than permitted
[13:06:04] Explicit valence for atom # 0 Ar, 1, is greater than permitted
[13:06:04] Explicit valence for atom # 0 Ar, 1, is greater than permitted
[13:06:04] Explicit valence for atom # 0 Ar, 1, is greater than permitted
[13:06:04] Explicit valence for atom # 0 Ar, 1, is greater than permitted
[13:06:04] Explicit valence for atom # 0 Ar, 1, is greater than permitted
[13:06:04] Explicit valence for atom # 0 Ar, 1, is greater than permitted
[13:06:04] Explicit valence for atom # 0 Ar, 1, is greater than permitted
[13:06:04] Explicit valence for atom # 0 Ar, 1, is greater than permitted
[13:06:04] Explicit valence for atom # 0 Ar, 1, is greater than permitted
[13:06:04] Explicit valence for atom # 0 Ar, 1, is greater than permitted
[13:06:04] Explicit valence for atom # 0 Ar, 1, is greater than permitted
[13:06:04] Explicit valence for atom # 0 Ar, 1, is greater than permitted
[13:06:04] Explicit valence for atom # 0 Ar, 1, is greater than permitted
[13:06:04] Explicit valence for atom # 0 Ar, 1, is greater than permitted
[13:06:04] Explicit valence for atom # 0 Ar, 1, is greater than permitted
[13:06:04] Explicit valence for atom # 0 Ar, 1, is greater than permitted
[13:06:04] Explicit valence for atom # 0 Ar, 1, is greater than permitted
[13:06:04] Explicit valence for atom # 0 Ar, 1, is greater than permitted
[13:06:04] Explicit valence for atom # 0 Ar, 1, is greater than permitted
[13:06:04] Explicit valence for atom # 0 Ar, 1, is greater than permitted
[13:06:04] Explicit valence for atom # 0 Ar, 1, is greater than permitted
[13:06:04] Explicit valence for atom # 0 Ar, 1, is greater than permitted
[13:06:04] Explicit valence for atom # 0 Ar, 1, is greater than permitted
[13:06:04] Explicit valence for atom # 0 Ar, 1, is greater than permitted
[13:06:04] Explicit valence for atom # 0 Ar, 1, is greater than permitted
[13:06:04] Explicit valence for atom # 0 Ar, 1, is greater than permitted
[13:06:04] Explicit valence for atom # 0 Ar, 1, is greater than permitted
[13:06:04] Explicit valence for atom # 0 Ar, 1, is greater than permitted
[13:06:04] Explicit valence for atom # 0 Ar, 1, is greater than permitted
[13:06:04] Explicit valence for atom # 0 Ar, 1, is greater than permitted
[13:06:04] Explicit valence for atom # 0 Ar, 1, is greater than permitted
[13:06:04] Explicit valence for atom # 0 Ar, 1, is greater than permitted
[13:06:04] Explicit valence for atom # 0 Ar, 1, is greater than permitted
[13:06:04] Explicit valence for atom # 0 Ar, 1, is greater than permitted
[13:06:04] Explicit valence for atom # 0 Ar, 1, is greater than permitted
[13:06:04] Explicit valence for atom # 0 Ar, 1, is greater than permitted
[13:06:04] Explicit valence for atom # 0 Ar, 1, is greater than permitted
[13:06:04] Explicit valence for atom # 0 Ar, 1, is greater than permitted
[13:06:04] Explicit valence for atom # 0 Ar, 1, is greater than permitted
[13:06:04] Explicit valence for atom # 0 Ar, 1, is greater than permitted
[13:06:04] Explicit valence for atom # 0 Ar, 1, is greater than permitted
[13:06:04] Explicit valence for atom # 0 Ar, 1, is greater than permitted
[13:06:04] Explicit valence for atom # 0 Ar, 1, is greater than permitted
[13:06:04] Explicit valence for atom # 0 Ar, 1, is greater than permitted
[13:06:04] Explicit valence for atom # 0 Ar, 1, is greater than permitted
[13:06:04] Explicit valence for atom # 0 Ar, 1, is greater than permitted
[13:06:04] Explicit valence for atom # 0 Ar, 1, is greater than permitted
[13:06:04] Explicit valence for atom # 0 Ar, 1, is greater than permitted
[13:06:04] Explicit valence for atom # 0 Ar, 1, is greater than permitted
[13:06:04] Explicit valence for atom # 0 Ar, 1, is greater than permitted
[13:06:04] Explicit valence for atom # 0 Ar, 1, is greater than permitted
[13:06:04] Explicit valence for atom # 0 Ar, 1, is greater than permitted
[13:06:04] Explicit valence for atom # 0 Ar, 1, is greater than permitted
[13:06:04] Explicit valence for atom # 0 Ar, 1, is greater than permitted
[13:06:04] Explicit valence for atom # 0 Ar, 1, is greater than permitted
[13:06:04] Explicit valence for atom # 0 Ar, 1, is greater than permitted
[13:06:04] Explicit valence for atom # 0 Ar, 1, is greater than permitted
[13:06:04] Explicit valence for atom # 0 Ar, 1, is greater than permitted
[13:06:04] Explicit valence for atom # 0 Ar, 1, is greater than permitted
[13:06:05] Explicit valence for atom # 0 Ar, 1, is greater than permitted
[13:06:05] Explicit valence for atom # 0 Ar, 1, is greater than permitted
[13:06:05] Explicit valence for atom # 0 Ar, 1, is greater than permitted
[13:06:05] Explicit valence for atom # 0 Ar, 1, is greater than permitted
[13:06:05] Explicit valence for atom # 0 Ar, 1, is greater than permitted
[13:06:05] Explicit valence for atom # 0 Ar, 1, is greater than permitted
[13:06:05] Explicit valence for atom # 0 Ar, 1, is greater than permitted
[13:06:05] Explicit valence for atom # 0 Ar, 1, is greater than permitted
[13:06:05] Explicit valence for atom # 0 Ar, 1, is greater than permitted
[13:06:05] Explicit valence for atom # 0 Ar, 1, is greater than permitted
[13:06:05] Explicit valence for atom # 0 Ar, 1, is greater than permitted
[13:06:05] Explicit valence for atom # 0 Ar, 1, is greater than permitted
[13:06:05] Explicit valence for atom # 0 Ar, 1, is greater than permitted
[13:06:05] Explicit valence for atom # 0 Ar, 1, is greater than permitted
[13:06:05] Explicit valence for atom # 0 Ar, 1, is greater than permitted
[13:06:05] Explicit valence for atom # 0 Ar, 1, is greater than permitted
[13:06:05] Explicit valence for atom # 0 Ar, 1, is greater than permitted
[13:06:05] Explicit valence for atom # 0 Ar, 1, is greater than permitted
[13:06:05] Explicit valence for atom # 0 Ar, 1, is greater than permitted
[13:06:05] Explicit valence for atom # 0 Ar, 1, is greater than permitted
[13:06:05] Explicit valence for atom # 0 Ar, 1, is greater than permitted
[13:06:05] Explicit valence for atom # 0 Ar, 1, is greater than permitted
[13:06:05] Explicit valence for atom # 0 Ar, 1, is greater than permitted
[13:06:05] Explicit valence for atom # 0 Ar, 1, is greater than permitted
[13:06:05] Explicit valence for atom # 0 Ar, 1, is greater than permitted
[13:06:05] Explicit valence for atom # 0 Ar, 1, is greater than permitted
[13:06:05] Explicit valence for atom # 0 Ar, 1, is greater than permitted
[13:06:05] Explicit valence for atom # 0 Ar, 1, is greater than permitted
[13:06:05] Explicit valence for atom # 0 Ar, 1, is greater than permitted
[13:06:05] Explicit valence for atom # 0 Ar, 1, is greater than permitted
[13:06:05] Explicit valence for atom # 0 Ar, 1, is greater than permitted
[13:06:05] Explicit valence for atom # 0 Ar, 1, is greater than permitted
[13:06:05] Explicit valence for atom # 0 Ar, 1, is greater than permitted
[13:06:05] Explicit valence for atom # 0 Ar, 1, is greater than permitted
[13:06:05] Explicit valence for atom # 0 Ar, 1, is greater than permitted
[13:06:06] Explicit valence for atom # 0 Ar, 1, is greater than permitted
[13:06:06] Explicit valence for atom # 0 Ar, 1, is greater than permitted
[13:06:06] Explicit valence for atom # 0 Ar, 1, is greater than permitted
[13:06:06] Explicit valence for atom # 0 Ar, 1, is greater than permitted
[13:06:06] Explicit valence for atom # 0 Ar, 1, is greater than permitted
[13:06:06] Explicit valence for atom # 0 Ar, 1, is greater than permitted
[13:06:06] Explicit valence for atom # 0 Ar, 1, is greater than permitted
[13:06:06] Explicit valence for atom # 0 Ar, 1, is greater than permitted
[13:06:06] Explicit valence for atom # 0 Ar, 1, is greater than permitted
[13:06:06] Explicit valence for atom # 0 Ar, 1, is greater than permitted
[13:06:06] Explicit valence for atom # 0 Ar, 1, is greater than permitted
[13:06:06] Explicit valence for atom # 0 Ar, 1, is greater than permitted
[13:06:06] Explicit valence for atom # 0 Ar, 1, is greater than permitted
[13:06:06] Explicit valence for atom # 0 Ar, 1, is greater than permitted
[13:06:06] Explicit valence for atom # 0 Ar, 1, is greater than permitted
[13:06:06] Explicit valence for atom # 0 Ar, 1, is greater than permitted
[13:06:06] Explicit valence for atom # 0 Ar, 1, is greater than permitted
[13:06:06] Explicit valence for atom # 0 Ar, 1, is greater than permitted
[13:06:06] Explicit valence for atom # 0 Ar, 1, is greater than permitted
[13:06:06] Explicit valence for atom # 0 Ar, 1, is greater than permitted
[13:06:06] Explicit valence for atom # 0 Ar, 1, is greater than permitted
[13:06:06] Explicit valence for atom # 0 Ar, 1, is greater than permitted
[13:06:06] Explicit valence for atom # 0 Ar, 1, is greater than permitted
[13:06:06] Explicit valence for atom # 0 Ar, 1, is greater than permitted
[13:06:06] Explicit valence for atom # 0 Ar, 1, is greater than permitted
[13:06:06] Explicit valence for atom # 0 Ar, 1, is greater than permitted
[13:06:06] Explicit valence for atom # 0 Ar, 1, is greater than permitted
[13:06:06] Explicit valence for atom # 0 Ar, 1, is greater than permitted
[13:06:06] Explicit valence for atom # 0 Ar, 1, is greater than permitted
[13:06:06] Explicit valence for atom # 0 Ar, 1, is greater than permitted
[13:06:07] Explicit valence for atom # 0 Ar, 1, is greater than permitted
[13:06:07] Explicit valence for atom # 0 Ar, 1, is greater than permitted
[13:06:07] Explicit valence for atom # 0 Ar, 1, is greater than permitted
[13:06:07] Explicit valence for atom # 0 Ar, 1, is greater than permitted
[13:06:07] Explicit valence for atom # 0 Ar, 1, is greater than permitted
[13:06:07] Explicit valence for atom # 0 Ar, 1, is greater than permitted
[13:06:07] Explicit valence for atom # 0 Ar, 1, is greater than permitted
[13:06:07] Explicit valence for atom # 0 Ar, 1, is greater than permitted
[13:06:07] Explicit valence for atom # 0 Ar, 1, is greater than permitted
[13:06:07] Explicit valence for atom # 0 Ar, 1, is greater than permitted
[13:06:07] Explicit valence for atom # 0 Ar, 1, is greater than permitted
[13:06:07] Explicit valence for atom # 0 Ar, 1, is greater than permitted
[13:06:07] Explicit valence for atom # 0 Ar, 1, is greater than permitted
[13:06:07] Explicit valence for atom # 0 Ar, 1, is greater than permitted
[13:06:07] Explicit valence for atom # 0 Ar, 1, is greater than permitted
[13:06:07] Explicit valence for atom # 0 Ar, 1, is greater than permitted
[13:06:07] Explicit valence for atom # 0 Ar, 1, is greater than permitted
[13:06:07] Explicit valence for atom # 0 Ar, 1, is greater than permitted
[13:06:07] Explicit valence for atom # 0 Ar, 1, is greater than permitted
[13:06:07] Explicit valence for atom # 0 Ar, 1, is greater than permitted
[13:06:07] Explicit valence for atom # 0 Ar, 1, is greater than permitted
[13:06:07] Explicit valence for atom # 0 Ar, 1, is greater than permitted
[13:06:07] Explicit valence for atom # 0 Ar, 1, is greater than permitted
[13:06:07] Explicit valence for atom # 0 Ar, 1, is greater than permitted
[13:06:07] Explicit valence for atom # 0 Ar, 1, is greater than permitted
[13:06:07] Explicit valence for atom # 0 Ar, 1, is greater than permitted
[13:06:07] Explicit valence for atom # 0 Ar, 1, is greater than permitted
[13:06:07] Explicit valence for atom # 0 Ar, 1, is greater than permitted
[13:06:07] Explicit valence for atom # 0 Ar, 1, is greater than permitted
[13:06:07] Explicit valence for atom # 0 Ar, 1, is greater than permitted
[13:06:07] Explicit valence for atom # 0 Ar, 1, is greater than permitted
[13:06:07] Explicit valence for atom # 0 Ar, 1, is greater than permitted
[13:06:07] Explicit valence for atom # 0 Ar, 1, is greater than permitted
[13:06:07] Explicit valence for atom # 0 Ar, 1, is greater than permitted
[13:06:07] Explicit valence for atom # 0 Ar, 1, is greater than permitted
[13:06:07] Explicit valence for atom # 0 Ar, 1, is greater than permitted
[13:06:07] Explicit valence for atom # 0 Ar, 1, is greater than permitted
[13:06:07] Explicit valence for atom # 0 Ar, 1, is greater than permitted
[13:06:07] Explicit valence for atom # 0 Ar, 1, is greater than permitted
[13:06:07] Explicit valence for atom # 0 Ar, 1, is greater than permitted
[13:06:07] Explicit valence for atom # 0 Ar, 1, is greater than permitted
[13:06:07] Explicit valence for atom # 0 Ar, 1, is greater than permitted
[13:06:07] Explicit valence for atom # 0 Ar, 1, is greater than permitted
[13:06:07] Explicit valence for atom # 0 Ar, 1, is greater than permitted
[13:06:07] Explicit valence for atom # 0 Ar, 1, is greater than permitted
[13:06:07] Explicit valence for atom # 0 Ar, 1, is greater than permitted
[13:06:07] Explicit valence for atom # 0 Ar, 1, is greater than permitted
[13:06:07] Explicit valence for atom # 0 Ar, 1, is greater than permitted
[13:06:07] Explicit valence for atom # 0 Ar, 1, is greater than permitted
[13:06:07] Explicit valence for atom # 0 Ar, 1, is greater than permitted
[13:06:07] Explicit valence for atom # 0 Ar, 1, is greater than permitted
[13:06:07] Explicit valence for atom # 0 Ar, 1, is greater than permitted
[13:06:07] Explicit valence for atom # 0 Ar, 1, is greater than permitted
[13:06:07] Explicit valence for atom # 0 Ar, 1, is greater than permitted
[13:06:07] Explicit valence for atom # 0 Ar, 1, is greater than permitted
[13:06:07] Explicit valence for atom # 0 Ar, 1, is greater than permitted
[13:06:07] Explicit valence for atom # 0 Ar, 1, is greater than permitted
[13:06:07] Explicit valence for atom # 0 Ar, 1, is greater than permitted
[13:06:07] Explicit valence for atom # 0 Ar, 1, is greater than permitted
[13:06:07] Explicit valence for atom # 0 Ar, 1, is greater than permitted
[13:06:07] Explicit valence for atom # 0 Ar, 1, is greater than permitted
[13:06:07] Explicit valence for atom # 0 Ar, 1, is greater than permitted
[13:06:07] Explicit valence for atom # 0 Ar, 1, is greater than permitted
[13:06:07] Explicit valence for atom # 0 Ar, 1, is greater than permitted
[13:06:07] Explicit valence for atom # 0 Ar, 1, is greater than permitted
[13:06:07] Explicit valence for atom # 0 Ar, 1, is greater than permitted
[13:06:07] Explicit valence for atom # 0 Ar, 1, is greater than permitted
[13:06:07] Explicit valence for atom # 0 Ar, 1, is greater than permitted
[13:06:07] Explicit valence for atom # 0 Ar, 1, is greater than permitted
[13:06:07] Explicit valence for atom # 0 Ar, 1, is greater than permitted
[13:06:07] Explicit valence for atom # 0 Ar, 1, is greater than permitted
[13:06:08] Explicit valence for atom # 0 Ar, 1, is greater than permitted
[13:06:08] Explicit valence for atom # 0 Ar, 1, is greater than permitted
[13:06:08] Explicit valence for atom # 0 Ar, 1, is greater than permitted
[13:06:08] Explicit valence for atom # 0 Ar, 1, is greater than permitted
[13:06:08] Explicit valence for atom # 0 Ar, 1, is greater than permitted
[13:06:08] Explicit valence for atom # 0 Ar, 1, is greater than permitted
[13:06:08] Explicit valence for atom # 0 Ar, 1, is greater than permitted
[13:06:08] Explicit valence for atom # 0 Ar, 1, is greater than permitted
[13:06:08] Explicit valence for atom # 0 Ar, 1, is greater than permitted
[13:06:08] Explicit valence for atom # 0 Ar, 1, is greater than permitted
[13:06:08] Explicit valence for atom # 0 Ar, 1, is greater than permitted
[13:06:08] Explicit valence for atom # 0 Ar, 1, is greater than permitted
[13:06:08] Explicit valence for atom # 0 Ar, 1, is greater than permitted
[13:06:08] Explicit valence for atom # 0 Ar, 1, is greater than permitted
[13:06:08] Explicit valence for atom # 0 Ar, 1, is greater than permitted
[13:06:08] Explicit valence for atom # 0 Ar, 1, is greater than permitted
[13:06:08] Explicit valence for atom # 0 Ar, 1, is greater than permitted
[13:06:08] Explicit valence for atom # 0 Ar, 1, is greater than permitted
[13:06:08] Explicit valence for atom # 0 Ar, 1, is greater than permitted
[13:06:08] Explicit valence for atom # 0 Ar, 1, is greater than permitted
[13:06:08] Explicit valence for atom # 0 Ar, 1, is greater than permitted
[13:06:08] Explicit valence for atom # 0 Ar, 1, is greater than permitted
[13:06:08] Explicit valence for atom # 0 Ar, 1, is greater than permitted
[13:06:08] Explicit valence for atom # 0 Ar, 1, is greater than permitted
[13:06:08] Explicit valence for atom # 0 Ar, 1, is greater than permitted
[13:06:08] Explicit valence for atom # 0 Ar, 1, is greater than permitted
[13:06:08] Explicit valence for atom # 0 Ar, 1, is greater than permitted
[13:06:08] Explicit valence for atom # 0 Ar, 1, is greater than permitted
[13:06:08] Explicit valence for atom # 0 Ar, 1, is greater than permitted
[13:06:08] Explicit valence for atom # 0 Ar, 1, is greater than permitted
[13:06:08] Explicit valence for atom # 0 Ar, 1, is greater than permitted
[13:06:08] Explicit valence for atom # 0 Ar, 1, is greater than permitted
[13:06:08] Explicit valence for atom # 0 Ar, 1, is greater than permitted
[13:06:08] Explicit valence for atom # 0 Ar, 1, is greater than permitted
[13:06:08] Explicit valence for atom # 0 Ar, 1, is greater than permitted
[13:06:08] Explicit valence for atom # 0 Ar, 1, is greater than permitted
[13:06:08] Explicit valence for atom # 0 Ar, 1, is greater than permitted
[13:06:08] Explicit valence for atom # 0 Ar, 1, is greater than permitted
[13:06:08] Explicit valence for atom # 0 Ar, 1, is greater than permitted
[13:06:08] Explicit valence for atom # 0 Ar, 1, is greater than permitted
[13:06:08] Explicit valence for atom # 0 Ar, 1, is greater than permitted
[13:06:08] Explicit valence for atom # 0 Ar, 1, is greater than permitted
[13:06:08] Explicit valence for atom # 0 Ar, 1, is greater than permitted
[13:06:08] Explicit valence for atom # 0 Ar, 1, is greater than permitted
[13:06:08] Explicit valence for atom # 0 Ar, 1, is greater than permitted
[13:06:08] Explicit valence for atom # 0 Ar, 1, is greater than permitted
[13:06:08] Explicit valence for atom # 0 Ar, 1, is greater than permitted
[13:06:08] Explicit valence for atom # 0 Ar, 1, is greater than permitted
[13:06:08] Explicit valence for atom # 0 Ar, 1, is greater than permitted
[13:06:08] Explicit valence for atom # 0 Ar, 1, is greater than permitted
[13:06:08] Explicit valence for atom # 0 Ar, 1, is greater than permitted
[13:06:08] Explicit valence for atom # 0 Ar, 1, is greater than permitted
[13:06:08] Explicit valence for atom # 0 Ar, 1, is greater than permitted
[13:06:08] Explicit valence for atom # 0 Ar, 1, is greater than permitted
[13:06:08] Explicit valence for atom # 0 Ar, 1, is greater than permitted
[13:06:08] Explicit valence for atom # 0 Ar, 1, is greater than permitted
[13:06:08] Explicit valence for atom # 0 Ar, 1, is greater than permitted
[13:06:08] Explicit valence for atom # 0 Ar, 1, is greater than permitted
[13:06:08] Explicit valence for atom # 0 Ar, 1, is greater than permitted
[13:06:08] Explicit valence for atom # 0 Ar, 1, is greater than permitted
[13:06:08] Explicit valence for atom # 0 Ar, 1, is greater than permitted
[13:06:08] Explicit valence for atom # 0 Ar, 1, is greater than permitted
[13:06:08] Explicit valence for atom # 0 Ar, 1, is greater than permitted
[13:06:08] Explicit valence for atom # 0 Ar, 1, is greater than permitted
[13:06:08] Explicit valence for atom # 0 Ar, 1, is greater than permitted
[13:06:08] Explicit valence for atom # 0 Ar, 1, is greater than permitted
[13:06:08] Explicit valence for atom # 0 Ar, 1, is greater than permitted
[13:06:08] Explicit valence for atom # 0 Ar, 1, is greater than permitted
[13:06:08] Explicit valence for atom # 0 Ar, 1, is greater than permitted
[13:06:08] Explicit valence for atom # 0 Ar, 1, is greater than permitted
[13:06:08] Explicit valence for atom # 0 Ar, 1, is greater than permitted
[13:06:08] Explicit valence for atom # 0 Ar, 1, is greater than permitted
[13:06:08] Explicit valence for atom # 0 Ar, 1, is greater than permitted
[13:06:08] Explicit valence for atom # 0 Ar, 1, is greater than permitted
[13:06:08] Explicit valence for atom # 0 Ar, 1, is greater than permitted
[13:06:08] Explicit valence for atom # 0 Ar, 1, is greater than permitted
[13:06:08] Explicit valence for atom # 0 Ar, 1, is greater than permitted
[13:06:08] Explicit valence for atom # 0 Ar, 1, is greater than permitted
[13:06:08] Explicit valence for atom # 0 Ar, 1, is greater than permitted
[13:06:08] Explicit valence for atom # 0 Ar, 1, is greater than permitted
[13:06:08] Explicit valence for atom # 0 Ar, 1, is greater than permitted
[13:06:08] Explicit valence for atom # 0 Ar, 1, is greater than permitted
[13:06:08] Explicit valence for atom # 0 Ar, 1, is greater than permitted
[13:06:08] Explicit valence for atom # 0 Ar, 1, is greater than permitted
[13:06:08] Explicit valence for atom # 0 Ar, 1, is greater than permitted
[13:06:08] Explicit valence for atom # 0 Ar, 1, is greater than permitted
[13:06:08] Explicit valence for atom # 0 Ar, 1, is greater than permitted
[13:06:08] Explicit valence for atom # 0 Ar, 1, is greater than permitted
[13:06:08] Explicit valence for atom # 0 Ar, 1, is greater than permitted
[13:06:08] Explicit valence for atom # 0 Ar, 1, is greater than permitted
[13:06:08] Explicit valence for atom # 0 Ar, 1, is greater than permitted
[13:06:08] Explicit valence for atom # 0 Ar, 1, is greater than permitted
[13:06:08] Explicit valence for atom # 0 Ar, 1, is greater than permitted
[13:06:08] Explicit valence for atom # 0 Ar, 1, is greater than permitted
[13:06:08] Explicit valence for atom # 0 Ar, 1, is greater than permitted
[13:06:08] Explicit valence for atom # 0 Ar, 1, is greater than permitted
[13:06:08] Explicit valence for atom # 0 Ar, 1, is greater than permitted
[13:06:08] Explicit valence for atom # 0 Ar, 1, is greater than permitted
[13:06:08] Explicit valence for atom # 0 Ar, 1, is greater than permitted
[13:06:08] Explicit valence for atom # 0 Ar, 1, is greater than permitted
[13:06:08] Explicit valence for atom # 0 Ar, 1, is greater than permitted
[13:06:08] Explicit valence for atom # 0 Ar, 1, is greater than permitted
[13:06:08] Explicit valence for atom # 0 Ar, 1, is greater than permitted
[13:06:08] Explicit valence for atom # 0 Ar, 1, is greater than permitted
[13:06:08] Explicit valence for atom # 0 Ar, 1, is greater than permitted
[13:06:08] Explicit valence for atom # 0 Ar, 1, is greater than permitted
[13:06:08] Explicit valence for atom # 0 Ar, 1, is greater than permitted
[13:06:08] Explicit valence for atom # 0 Ar, 1, is greater than permitted
[13:06:08] Explicit valence for atom # 0 Ar, 1, is greater than permitted
[13:06:08] Explicit valence for atom # 0 Ar, 1, is greater than permitted
[13:06:08] Explicit valence for atom # 0 Ar, 1, is greater than permitted
[13:06:08] Explicit valence for atom # 0 Ar, 1, is greater than permitted
[13:06:08] Explicit valence for atom # 0 Ar, 1, is greater than permitted
[13:06:08] Explicit valence for atom # 0 Ar, 1, is greater than permitted
[13:06:08] Explicit valence for atom # 0 Ar, 1, is greater than permitted
[13:06:08] Explicit valence for atom # 0 Ar, 1, is greater than permitted
[13:06:08] Explicit valence for atom # 0 Ar, 1, is greater than permitted
[13:06:08] Explicit valence for atom # 0 Ar, 1, is greater than permitted
[13:06:08] Explicit valence for atom # 0 Ar, 1, is greater than permitted
[13:06:08] Explicit valence for atom # 0 Ar, 1, is greater than permitted
[13:06:08] Explicit valence for atom # 0 Ar, 1, is greater than permitted
[13:06:08] Explicit valence for atom # 0 Ar, 1, is greater than permitted
[13:06:08] Explicit valence for atom # 0 Ar, 1, is greater than permitted
[13:06:08] Explicit valence for atom # 0 Ar, 1, is greater than permitted
[13:06:08] Explicit valence for atom # 0 Ar, 1, is greater than permitted
[13:06:08] Explicit valence for atom # 0 Ar, 1, is greater than permitted
[13:06:08] Explicit valence for atom # 0 Ar, 1, is greater than permitted
[13:06:08] Explicit valence for atom # 0 Ar, 1, is greater than permitted
[13:06:08] Explicit valence for atom # 0 Ar, 1, is greater than permitted
[13:06:08] Explicit valence for atom # 0 Ar, 1, is greater than permitted
[13:06:08] Explicit valence for atom # 0 Ar, 1, is greater than permitted
[13:06:08] Explicit valence for atom # 0 Ar, 1, is greater than permitted
[13:06:09] Explicit valence for atom # 0 Ar, 1, is greater than permitted
[13:06:09] Explicit valence for atom # 0 Ar, 1, is greater than permitted
[13:06:09] Explicit valence for atom # 0 Ar, 1, is greater than permitted
[13:06:09] Explicit valence for atom # 0 Ar, 1, is greater than permitted
[13:06:09] Explicit valence for atom # 0 Ar, 1, is greater than permitted
[13:06:09] Explicit valence for atom # 0 Ar, 1, is greater than permitted
[13:06:09] Explicit valence for atom # 0 Ar, 1, is greater than permitted
[13:06:09] Explicit valence for atom # 0 Ar, 1, is greater than permitted
[13:06:09] Explicit valence for atom # 0 Ar, 1, is greater than permitted
[13:06:09] Explicit valence for atom # 0 Ar, 1, is greater than permitted
[13:06:09] Explicit valence for atom # 0 Ar, 1, is greater than permitted
[13:06:09] Explicit valence for atom # 0 Ar, 1, is greater than permitted
[13:06:09] Explicit valence for atom # 0 Ar, 1, is greater than permitted
[13:06:09] Explicit valence for atom # 0 Ar, 1, is greater than permitted
[13:06:09] Explicit valence for atom # 0 Ar, 1, is greater than permitted
[13:06:09] Explicit valence for atom # 0 Ar, 1, is greater than permitted
[13:06:09] Explicit valence for atom # 0 Ar, 1, is greater than permitted
[13:06:09] Explicit valence for atom # 0 Ar, 1, is greater than permitted
[13:06:09] Explicit valence for atom # 0 Ar, 1, is greater than permitted
[13:06:09] Explicit valence for atom # 0 Ar, 1, is greater than permitted
[13:06:09] Explicit valence for atom # 0 Ar, 1, is greater than permitted
[13:06:09] Explicit valence for atom # 0 Ar, 1, is greater than permitted
[13:06:09] Explicit valence for atom # 0 Ar, 1, is greater than permitted
[13:06:09] Explicit valence for atom # 0 Ar, 1, is greater than permitted
[13:06:09] Explicit valence for atom # 0 Ar, 1, is greater than permitted
[13:06:09] Explicit valence for atom # 0 Ar, 1, is greater than permitted
[13:06:09] Explicit valence for atom # 0 Ar, 1, is greater than permitted
[13:06:09] Explicit valence for atom # 0 Ar, 1, is greater than permitted
[13:06:09] Explicit valence for atom # 0 Ar, 1, is greater than permitted
[13:06:09] Explicit valence for atom # 0 Ar, 1, is greater than permitted
[13:06:09] Explicit valence for atom # 0 Ar, 1, is greater than permitted
[13:06:09] Explicit valence for atom # 0 Ar, 1, is greater than permitted
[13:06:09] Explicit valence for atom # 0 Ar, 1, is greater than permitted
[13:06:09] Explicit valence for atom # 0 Ar, 1, is greater than permitted
[13:06:09] Explicit valence for atom # 0 Ar, 1, is greater than permitted
[13:06:09] Explicit valence for atom # 0 Ar, 1, is greater than permitted
[13:06:09] Explicit valence for atom # 0 Ar, 1, is greater than permitted
[13:06:09] Explicit valence for atom # 0 Ar, 1, is greater than permitted
[13:06:09] Explicit valence for atom # 0 Ar, 1, is greater than permitted
[13:06:09] Explicit valence for atom # 0 Ar, 1, is greater than permitted
[13:06:09] Explicit valence for atom # 0 Ar, 1, is greater than permitted
[13:06:09] Explicit valence for atom # 0 Ar, 1, is greater than permitted
[13:06:09] Explicit valence for atom # 0 Ar, 1, is greater than permitted
[13:06:09] Explicit valence for atom # 0 Ar, 1, is greater than permitted
[13:06:09] Explicit valence for atom # 0 Ar, 1, is greater than permitted
[13:06:09] Explicit valence for atom # 0 Ar, 1, is greater than permitted
[13:06:09] Explicit valence for atom # 0 Ar, 1, is greater than permitted
[13:06:09] Explicit valence for atom # 0 Ar, 1, is greater than permitted
[13:06:09] Explicit valence for atom # 0 Ar, 1, is greater than permitted
[13:06:09] Explicit valence for atom # 0 Ar, 1, is greater than permitted
[13:06:09] Explicit valence for atom # 0 Ar, 1, is greater than permitted
[13:06:09] Explicit valence for atom # 0 Ar, 1, is greater than permitted
[13:06:09] Explicit valence for atom # 0 Ar, 1, is greater than permitted
[13:06:09] Explicit valence for atom # 0 Ar, 1, is greater than permitted
[13:06:09] Explicit valence for atom # 0 Ar, 1, is greater than permitted
[13:06:09] Explicit valence for atom # 0 Ar, 1, is greater than permitted
[13:06:09] Explicit valence for atom # 0 Ar, 1, is greater than permitted
[13:06:09] Explicit valence for atom # 0 Ar, 1, is greater than permitted
[13:06:09] Explicit valence for atom # 0 Ar, 1, is greater than permitted
[13:06:09] Explicit valence for atom # 0 Ar, 1, is greater than permitted
[13:06:09] Explicit valence for atom # 0 Ar, 1, is greater than permitted
[13:06:09] Explicit valence for atom # 0 Ar, 1, is greater than permitted
[13:06:09] Explicit valence for atom # 0 Ar, 1, is greater than permitted
[13:06:09] Explicit valence for atom # 0 Ar, 1, is greater than permitted
[13:06:09] Explicit valence for atom # 0 Ar, 1, is greater than permitted
[13:06:09] Explicit valence for atom # 0 Ar, 1, is greater than permitted
[13:06:09] Explicit valence for atom # 0 Ar, 1, is greater than permitted
[13:06:09] Explicit valence for atom # 0 Ar, 1, is greater than permitted
[13:06:09] Explicit valence for atom # 0 Ar, 1, is greater than permitted
[13:06:09] Explicit valence for atom # 0 Ar, 1, is greater than permitted
[13:06:09] Explicit valence for atom # 0 Ar, 1, is greater than permitted
[13:06:09] Explicit valence for atom # 0 Ar, 1, is greater than permitted
[13:06:09] Explicit valence for atom # 0 Ar, 1, is greater than permitted
[13:06:09] Explicit valence for atom # 0 Ar, 1, is greater than permitted
[13:06:09] Explicit valence for atom # 0 Ar, 1, is greater than permitted
[13:06:09] Explicit valence for atom # 0 Ar, 1, is greater than permitted
[13:06:09] Explicit valence for atom # 0 Ar, 1, is greater than permitted
[13:06:09] Explicit valence for atom # 0 Ar, 1, is greater than permitted
[13:06:09] Explicit valence for atom # 0 Ar, 1, is greater than permitted
[13:06:09] Explicit valence for atom # 0 Ar, 1, is greater than permitted
[13:06:09] Explicit valence for atom # 0 Ar, 1, is greater than permitted
[13:06:09] Explicit valence for atom # 0 Ar, 1, is greater than permitted
[13:06:09] Explicit valence for atom # 0 Ar, 1, is greater than permitted
[13:06:09] Explicit valence for atom # 0 Ar, 1, is greater than permitted
[13:06:09] Explicit valence for atom # 0 Ar, 1, is greater than permitted
[13:06:09] Explicit valence for atom # 0 Ar, 1, is greater than permitted
[13:06:09] Explicit valence for atom # 0 Ar, 1, is greater than permitted
[13:06:09] Explicit valence for atom # 0 Ar, 1, is greater than permitted
[13:06:09] Explicit valence for atom # 0 Ar, 1, is greater than permitted
[13:06:09] Explicit valence for atom # 0 Ar, 1, is greater than permitted
[13:06:09] Explicit valence for atom # 0 Ar, 1, is greater than permitted
[13:06:09] Explicit valence for atom # 0 Ar, 1, is greater than permitted
[13:06:09] Explicit valence for atom # 0 Ar, 1, is greater than permitted
[13:06:09] Explicit valence for atom # 0 Ar, 1, is greater than permitted
[13:06:09] Explicit valence for atom # 0 Ar, 1, is greater than permitted
[13:06:09] Explicit valence for atom # 0 Ar, 1, is greater than permitted
[13:06:09] Explicit valence for atom # 0 Ar, 1, is greater than permitted
[13:06:10] Explicit valence for atom # 0 Ar, 1, is greater than permitted
[13:06:10] Explicit valence for atom # 0 Ar, 1, is greater than permitted
[13:06:10] Explicit valence for atom # 0 Ar, 1, is greater than permitted
[13:06:10] Explicit valence for atom # 0 Ar, 1, is greater than permitted
[13:06:10] Explicit valence for atom # 0 Ar, 1, is greater than permitted
[13:06:10] Explicit valence for atom # 0 Ar, 1, is greater than permitted
[13:06:10] Explicit valence for atom # 0 Ar, 1, is greater than permitted
[13:06:10] Explicit valence for atom # 0 Ar, 1, is greater than permitted
[13:06:10] Explicit valence for atom # 0 Ar, 1, is greater than permitted
[13:06:10] Explicit valence for atom # 0 Ar, 1, is greater than permitted
[13:06:10] Explicit valence for atom # 0 Ar, 1, is greater than permitted
[13:06:10] Explicit valence for atom # 0 Ar, 1, is greater than permitted
[13:06:10] Explicit valence for atom # 0 Ar, 1, is greater than permitted
[13:06:10] Explicit valence for atom # 0 Ar, 1, is greater than permitted
[13:06:10] Explicit valence for atom # 0 Ar, 1, is greater than permitted
[13:06:10] Explicit valence for atom # 0 Ar, 1, is greater than permitted
[13:06:10] Explicit valence for atom # 0 Ar, 1, is greater than permitted
[13:06:10] Explicit valence for atom # 0 Ar, 1, is greater than permitted
[13:06:10] Explicit valence for atom # 0 Ar, 1, is greater than permitted
[13:06:10] Explicit valence for atom # 0 Ar, 1, is greater than permitted
[13:06:10] Explicit valence for atom # 0 Ar, 1, is greater than permitted
[13:06:10] Explicit valence for atom # 0 Ar, 1, is greater than permitted
[13:06:10] Explicit valence for atom # 0 Ar, 1, is greater than permitted
[13:06:10] Explicit valence for atom # 0 Ar, 1, is greater than permitted
[13:06:10] Explicit valence for atom # 0 Ar, 1, is greater than permitted
[13:06:10] Explicit valence for atom # 0 Ar, 1, is greater than permitted
[13:06:10] Explicit valence for atom # 0 Ar, 1, is greater than permitted
[13:06:10] Explicit valence for atom # 0 Ar, 1, is greater than permitted
[13:06:10] Explicit valence for atom # 0 Ar, 1, is greater than permitted
[13:06:10] Explicit valence for atom # 0 Ar, 1, is greater than permitted
[13:06:10] Explicit valence for atom # 0 Ar, 1, is greater than permitted
[13:06:10] Explicit valence for atom # 0 Ar, 1, is greater than permitted
[13:06:10] Explicit valence for atom # 0 Ar, 1, is greater than permitted
[13:06:10] Explicit valence for atom # 0 Ar, 1, is greater than permitted
[13:06:10] Explicit valence for atom # 0 Ar, 1, is greater than permitted
[13:06:10] Explicit valence for atom # 0 Ar, 1, is greater than permitted
[13:06:10] Explicit valence for atom # 0 Ar, 1, is greater than permitted
[13:06:10] Explicit valence for atom # 0 Ar, 1, is greater than permitted
[13:06:10] Explicit valence for atom # 0 Ar, 1, is greater than permitted
[13:06:10] Explicit valence for atom # 0 Ar, 1, is greater than permitted
[13:06:10] Explicit valence for atom # 0 Ar, 1, is greater than permitted
[13:06:11] Explicit valence for atom # 0 Ar, 1, is greater than permitted
[13:06:11] Explicit valence for atom # 0 Ar, 1, is greater than permitted
[13:06:11] Explicit valence for atom # 0 Ar, 1, is greater than permitted
[13:06:11] Explicit valence for atom # 0 Ar, 1, is greater than permitted
[13:06:11] Explicit valence for atom # 0 Ar, 1, is greater than permitted
[13:06:11] Explicit valence for atom # 0 Ar, 1, is greater than permitted
[13:06:11] Explicit valence for atom # 0 Ar, 1, is greater than permitted
[13:06:11] Explicit valence for atom # 0 Ar, 1, is greater than permitted
[13:06:11] Explicit valence for atom # 0 Ar, 1, is greater than permitted
[13:06:11] Explicit valence for atom # 0 Ar, 1, is greater than permitted
[13:06:11] Explicit valence for atom # 0 Ar, 1, is greater than permitted
[13:06:11] Explicit valence for atom # 0 Ar, 1, is greater than permitted
[13:06:11] Explicit valence for atom # 0 Ar, 1, is greater than permitted
[13:06:11] Explicit valence for atom # 0 Ar, 1, is greater than permitted
[13:06:11] Explicit valence for atom # 0 Ar, 1, is greater than permitted
[13:06:11] Explicit valence for atom # 0 Ar, 1, is greater than permitted
[13:06:11] Explicit valence for atom # 0 Ar, 1, is greater than permitted
[13:06:11] Explicit valence for atom # 0 Ar, 1, is greater than permitted
[13:06:11] Explicit valence for atom # 0 Ar, 1, is greater than permitted
[13:06:11] Explicit valence for atom # 0 Ar, 1, is greater than permitted
[13:06:11] Explicit valence for atom # 0 Ar, 1, is greater than permitted
[13:06:11] Explicit valence for atom # 0 Ar, 1, is greater than permitted
[13:06:11] Explicit valence for atom # 0 Ar, 1, is greater than permitted
[13:06:12] Explicit valence for atom # 0 Ar, 1, is greater than permitted
[13:06:12] Explicit valence for atom # 0 Ar, 1, is greater than permitted
[13:06:12] Explicit valence for atom # 0 Ar, 1, is greater than permitted
[13:06:12] Explicit valence for atom # 0 Ar, 1, is greater than permitted
[13:06:12] Explicit valence for atom # 0 Ar, 1, is greater than permitted
[13:06:12] Explicit valence for atom # 0 Ar, 1, is greater than permitted
[13:06:12] Explicit valence for atom # 0 Ar, 1, is greater than permitted
[13:06:12] Explicit valence for atom # 0 Ar, 1, is greater than permitted
[13:06:12] Explicit valence for atom # 0 Ar, 1, is greater than permitted
[13:06:12] Explicit valence for atom # 0 Ar, 1, is greater than permitted
[13:06:12] Explicit valence for atom # 0 Ar, 1, is greater than permitted
[13:06:12] Explicit valence for atom # 0 Ar, 1, is greater than permitted
[13:06:12] Explicit valence for atom # 0 Ar, 1, is greater than permitted
[13:06:12] Explicit valence for atom # 0 Ar, 1, is greater than permitted
[13:06:12] Explicit valence for atom # 0 Ar, 1, is greater than permitted
[13:06:12] Explicit valence for atom # 0 Ar, 1, is greater than permitted
[13:06:12] Explicit valence for atom # 0 Ar, 1, is greater than permitted
[13:06:12] Explicit valence for atom # 0 Ar, 1, is greater than permitted
[13:06:12] Explicit valence for atom # 0 Ar, 1, is greater than permitted
[13:06:12] Explicit valence for atom # 0 Ar, 1, is greater than permitted
[13:06:12] Explicit valence for atom # 0 Ar, 1, is greater than permitted
[13:06:12] Explicit valence for atom # 0 Ar, 1, is greater than permitted
[13:06:12] Explicit valence for atom # 0 Ar, 1, is greater than permitted
[13:06:12] Explicit valence for atom # 0 Ar, 1, is greater than permitted
[13:06:12] Explicit valence for atom # 0 Ar, 1, is greater than permitted
[13:06:12] Explicit valence for atom # 0 Ar, 1, is greater than permitted
[13:06:12] Explicit valence for atom # 0 Ar, 1, is greater than permitted
[13:06:12] Explicit valence for atom # 0 Ar, 1, is greater than permitted
[13:06:12] Explicit valence for atom # 0 Ar, 1, is greater than permitted
[13:06:12] Explicit valence for atom # 0 Ar, 1, is greater than permitted
[13:06:12] Explicit valence for atom # 0 Ar, 1, is greater than permitted
[13:06:12] Explicit valence for atom # 0 Ar, 1, is greater than permitted
[13:06:12] Explicit valence for atom # 0 Ar, 1, is greater than permitted
[13:06:12] Explicit valence for atom # 0 Ar, 1, is greater than permitted
[13:06:12] Explicit valence for atom # 0 Ar, 1, is greater than permitted
[13:06:12] Explicit valence for atom # 0 Ar, 1, is greater than permitted
[13:06:12] Explicit valence for atom # 0 Ar, 1, is greater than permitted
[13:06:12] Explicit valence for atom # 0 Ar, 1, is greater than permitted
[13:06:12] Explicit valence for atom # 0 Ar, 1, is greater than permitted
[13:06:12] Explicit valence for atom # 0 Ar, 1, is greater than permitted
[13:06:12] Explicit valence for atom # 0 Ar, 1, is greater than permitted
[13:06:12] Explicit valence for atom # 0 Ar, 1, is greater than permitted
[13:06:12] Explicit valence for atom # 0 Ar, 1, is greater than permitted
[13:06:12] Explicit valence for atom # 0 Ar, 1, is greater than permitted
[13:06:12] Explicit valence for atom # 0 Ar, 1, is greater than permitted
[13:06:12] Explicit valence for atom # 0 Ar, 1, is greater than permitted
[13:06:12] Explicit valence for atom # 0 Ar, 1, is greater than permitted
[13:06:12] Explicit valence for atom # 0 Ar, 1, is greater than permitted
[13:06:12] Explicit valence for atom # 0 Ar, 1, is greater than permitted
[13:06:12] Explicit valence for atom # 0 Ar, 1, is greater than permitted
[13:06:12] Explicit valence for atom # 0 Ar, 1, is greater than permitted
[13:06:12] Explicit valence for atom # 0 Ar, 1, is greater than permitted
[13:06:12] Explicit valence for atom # 0 Ar, 1, is greater than permitted
[13:06:12] Explicit valence for atom # 0 Ar, 1, is greater than permitted
[13:06:12] Explicit valence for atom # 0 Ar, 1, is greater than permitted
[13:06:12] Explicit valence for atom # 0 Ar, 1, is greater than permitted
[13:06:12] Explicit valence for atom # 0 Ar, 1, is greater than permitted
[13:06:12] Explicit valence for atom # 0 Ar, 1, is greater than permitted
[13:06:12] Explicit valence for atom # 0 Ar, 1, is greater than permitted
[13:06:12] Explicit valence for atom # 0 Ar, 1, is greater than permitted
[13:06:12] Explicit valence for atom # 0 Ar, 1, is greater than permitted
[13:06:12] Explicit valence for atom # 0 Ar, 1, is greater than permitted
[13:06:12] Explicit valence for atom # 0 Ar, 1, is greater than permitted
[13:06:12] Explicit valence for atom # 0 Ar, 1, is greater than permitted
[13:06:12] Explicit valence for atom # 0 Ar, 1, is greater than permitted
[13:06:12] Explicit valence for atom # 0 Ar, 1, is greater than permitted
[13:06:12] Explicit valence for atom # 0 Ar, 1, is greater than permitted
[13:06:12] Explicit valence for atom # 0 Ar, 1, is greater than permitted
[13:06:12] Explicit valence for atom # 0 Ar, 1, is greater than permitted
[13:06:12] Explicit valence for atom # 0 Ar, 1, is greater than permitted
[13:06:12] Explicit valence for atom # 0 Ar, 1, is greater than permitted
[13:06:12] Explicit valence for atom # 0 Ar, 1, is greater than permitted
[13:06:12] Explicit valence for atom # 0 Ar, 1, is greater than permitted
[13:06:12] Explicit valence for atom # 0 Ar, 1, is greater than permitted
[13:06:12] Explicit valence for atom # 0 Ar, 1, is greater than permitted
[13:06:12] Explicit valence for atom # 0 Ar, 1, is greater than permitted
[13:06:12] Explicit valence for atom # 0 Ar, 1, is greater than permitted
[13:06:12] Explicit valence for atom # 0 Ar, 1, is greater than permitted
[13:06:12] Explicit valence for atom # 0 Ar, 1, is greater than permitted
[13:06:12] Explicit valence for atom # 0 Ar, 1, is greater than permitted
[13:06:12] Explicit valence for atom # 0 Ar, 1, is greater than permitted
[13:06:12] Explicit valence for atom # 0 Ar, 1, is greater than permitted
[13:06:12] Explicit valence for atom # 0 Ar, 1, is greater than permitted
[13:06:12] Explicit valence for atom # 0 Ar, 1, is greater than permitted
[13:06:12] Explicit valence for atom # 0 Ar, 1, is greater than permitted
[13:06:12] Explicit valence for atom # 0 Ar, 1, is greater than permitted
[13:06:12] Explicit valence for atom # 0 Ar, 1, is greater than permitted
[13:06:12] Explicit valence for atom # 0 Ar, 1, is greater than permitted
[13:06:12] Explicit valence for atom # 0 Ar, 1, is greater than permitted
[13:06:12] Explicit valence for atom # 0 Ar, 1, is greater than permitted
[13:06:12] Explicit valence for atom # 0 Ar, 1, is greater than permitted
[13:06:12] Explicit valence for atom # 0 Ar, 1, is greater than permitted
[13:06:12] Explicit valence for atom # 0 Ar, 1, is greater than permitted
[13:06:12] Explicit valence for atom # 0 Ar, 1, is greater than permitted
[13:06:12] Explicit valence for atom # 0 Ar, 1, is greater than permitted
[13:06:12] Explicit valence for atom # 0 Ar, 1, is greater than permitted
[13:06:12] Explicit valence for atom # 0 Ar, 1, is greater than permitted
[13:06:12] Explicit valence for atom # 0 Ar, 1, is greater than permitted
[13:06:12] Explicit valence for atom # 0 Ar, 1, is greater than permitted
[13:06:12] Explicit valence for atom # 0 Ar, 1, is greater than permitted
[13:06:13] Explicit valence for atom # 0 Ar, 1, is greater than permitted
[13:06:13] Explicit valence for atom # 0 Ar, 1, is greater than permitted
[13:06:13] Explicit valence for atom # 0 Ar, 1, is greater than permitted
[13:06:13] Explicit valence for atom # 0 Ar, 1, is greater than permitted
[13:06:13] Explicit valence for atom # 0 Ar, 1, is greater than permitted
[13:06:13] Explicit valence for atom # 0 Ar, 1, is greater than permitted
[13:06:13] Explicit valence for atom # 0 Ar, 1, is greater than permitted
[13:06:13] Explicit valence for atom # 0 Ar, 1, is greater than permitted
[13:06:13] Explicit valence for atom # 0 Ar, 1, is greater than permitted
[13:06:13] Explicit valence for atom # 0 Ar, 1, is greater than permitted
[13:06:13] Explicit valence for atom # 0 Ar, 1, is greater than permitted
[13:06:13] Explicit valence for atom # 0 Ar, 1, is greater than permitted
[13:06:13] Explicit valence for atom # 0 Ar, 1, is greater than permitted
[13:06:13] Explicit valence for atom # 0 Ar, 1, is greater than permitted
[13:06:13] Explicit valence for atom # 0 Ar, 1, is greater than permitted
[13:06:13] Explicit valence for atom # 0 Ar, 1, is greater than permitted
[13:06:13] Explicit valence for atom # 0 Ar, 1, is greater than permitted
[13:06:13] Explicit valence for atom # 0 Ar, 1, is greater than permitted
[13:06:13] Explicit valence for atom # 0 Ar, 1, is greater than permitted
[13:06:13] Explicit valence for atom # 0 Ar, 1, is greater than permitted
[13:06:13] Explicit valence for atom # 0 Ar, 1, is greater than permitted
[13:06:13] Explicit valence for atom # 0 Ar, 1, is greater than permitted
[13:06:13] Explicit valence for atom # 0 Ar, 1, is greater than permitted
[13:06:13] Explicit valence for atom # 0 Ar, 1, is greater than permitted
[13:06:13] Explicit valence for atom # 0 Ar, 1, is greater than permitted
[13:06:13] Explicit valence for atom # 0 Ar, 1, is greater than permitted
[13:06:13] Explicit valence for atom # 0 Ar, 1, is greater than permitted
[13:06:13] Explicit valence for atom # 0 Ar, 1, is greater than permitted
[13:06:13] Explicit valence for atom # 0 Ar, 1, is greater than permitted
[13:06:13] Explicit valence for atom # 0 Ar, 1, is greater than permitted
[13:06:13] Explicit valence for atom # 0 Ar, 1, is greater than permitted
[13:06:13] Explicit valence for atom # 0 Ar, 1, is greater than permitted
[13:06:13] Explicit valence for atom # 0 Ar, 1, is greater than permitted
[13:06:13] Explicit valence for atom # 0 Ar, 1, is greater than permitted
[13:06:13] Explicit valence for atom # 0 Ar, 1, is greater than permitted
[13:06:13] Explicit valence for atom # 0 Ar, 1, is greater than permitted
[13:06:13] Explicit valence for atom # 0 Ar, 1, is greater than permitted
[13:06:13] Explicit valence for atom # 0 Ar, 1, is greater than permitted
[13:06:13] Explicit valence for atom # 0 Ar, 1, is greater than permitted
[13:06:13] Explicit valence for atom # 0 Ar, 1, is greater than permitted
[13:06:13] Explicit valence for atom # 0 Ar, 1, is greater than permitted
[13:06:13] Explicit valence for atom # 0 Ar, 1, is greater than permitted
[13:06:13] Explicit valence for atom # 0 Ar, 1, is greater than permitted
[13:06:13] Explicit valence for atom # 0 Ar, 1, is greater than permitted
[13:06:13] Explicit valence for atom # 0 Ar, 1, is greater than permitted
[13:06:13] Explicit valence for atom # 0 Ar, 1, is greater than permitted
[13:06:13] Explicit valence for atom # 0 Ar, 1, is greater than permitted
[13:06:13] Explicit valence for atom # 0 Ar, 1, is greater than permitted
[13:06:13] Explicit valence for atom # 0 Ar, 1, is greater than permitted
[13:06:13] Explicit valence for atom # 0 Ar, 1, is greater than permitted
[13:06:13] Explicit valence for atom # 0 Ar, 1, is greater than permitted
[13:06:13] Explicit valence for atom # 0 Ar, 1, is greater than permitted
[13:06:13] Explicit valence for atom # 0 Ar, 1, is greater than permitted
[13:06:13] Explicit valence for atom # 0 Ar, 1, is greater than permitted
[13:06:13] Explicit valence for atom # 0 Ar, 1, is greater than permitted
[13:06:13] Explicit valence for atom # 0 Ar, 1, is greater than permitted
[13:06:13] Explicit valence for atom # 0 Ar, 1, is greater than permitted
[13:06:13] Explicit valence for atom # 0 Ar, 1, is greater than permitted
[13:06:13] Explicit valence for atom # 0 Ar, 1, is greater than permitted
[13:06:13] Explicit valence for atom # 0 Ar, 1, is greater than permitted
[13:06:13] Explicit valence for atom # 0 Ar, 1, is greater than permitted
[13:06:13] Explicit valence for atom # 0 Ar, 1, is greater than permitted
[13:06:13] Explicit valence for atom # 0 Ar, 1, is greater than permitted
[13:06:13] Explicit valence for atom # 0 Ar, 1, is greater than permitted
[13:06:13] Explicit valence for atom # 0 Ar, 1, is greater than permitted
[13:06:13] Explicit valence for atom # 0 Ar, 1, is greater than permitted
[13:06:13] Explicit valence for atom # 0 Ar, 1, is greater than permitted
[13:06:13] Explicit valence for atom # 0 Ar, 1, is greater than permitted
[13:06:13] Explicit valence for atom # 0 Ar, 1, is greater than permitted
[13:06:13] Explicit valence for atom # 0 Ar, 1, is greater than permitted
[13:06:13] Explicit valence for atom # 0 Ar, 1, is greater than permitted
[13:06:13] Explicit valence for atom # 0 Ar, 1, is greater than permitted
[13:06:13] Explicit valence for atom # 0 Ar, 1, is greater than permitted
[13:06:13] Explicit valence for atom # 0 Ar, 1, is greater than permitted
[13:06:13] Explicit valence for atom # 0 Ar, 1, is greater than permitted
[13:06:13] Explicit valence for atom # 0 Ar, 1, is greater than permitted
[13:06:13] Explicit valence for atom # 0 Ar, 1, is greater than permitted
[13:06:13] Explicit valence for atom # 0 Ar, 1, is greater than permitted
[13:06:13] Explicit valence for atom # 0 Ar, 1, is greater than permitted
[13:06:13] Explicit valence for atom # 0 Ar, 1, is greater than permitted
[13:06:14] Explicit valence for atom # 0 Ar, 1, is greater than permitted
[13:06:14] Explicit valence for atom # 0 Ar, 1, is greater than permitted
[13:06:14] Explicit valence for atom # 0 Ar, 1, is greater than permitted
[13:06:14] Explicit valence for atom # 0 Ar, 1, is greater than permitted
[13:06:14] Explicit valence for atom # 0 Ar, 1, is greater than permitted
[13:06:14] Explicit valence for atom # 0 Ar, 1, is greater than permitted
[13:06:14] Explicit valence for atom # 0 Ar, 1, is greater than permitted
[13:06:14] Explicit valence for atom # 0 Ar, 1, is greater than permitted
[13:06:14] Explicit valence for atom # 0 Ar, 1, is greater than permitted
[13:06:14] Explicit valence for atom # 0 Ar, 1, is greater than permitted
[13:06:14] Explicit valence for atom # 0 Ar, 1, is greater than permitted
[13:06:14] Explicit valence for atom # 0 Ar, 1, is greater than permitted
[13:06:14] Explicit valence for atom # 0 Ar, 1, is greater than permitted
[13:06:14] Explicit valence for atom # 0 Ar, 1, is greater than permitted
[13:06:14] Explicit valence for atom # 0 Ar, 1, is greater than permitted
[13:06:14] Explicit valence for atom # 0 Ar, 1, is greater than permitted
[13:06:14] Explicit valence for atom # 0 Ar, 1, is greater than permitted
[13:06:14] Explicit valence for atom # 0 Ar, 1, is greater than permitted
[13:06:14] Explicit valence for atom # 0 Ar, 1, is greater than permitted
[13:06:14] Explicit valence for atom # 0 Ar, 1, is greater than permitted
[13:06:14] Explicit valence for atom # 0 Ar, 1, is greater than permitted
[13:06:14] Explicit valence for atom # 0 Ar, 1, is greater than permitted
[13:06:14] Explicit valence for atom # 0 Ar, 1, is greater than permitted
[13:06:14] Explicit valence for atom # 0 Ar, 1, is greater than permitted
[13:06:14] Explicit valence for atom # 0 Ar, 1, is greater than permitted
[13:06:14] Explicit valence for atom # 0 Ar, 1, is greater than permitted
[13:06:14] Explicit valence for atom # 0 Ar, 1, is greater than permitted
[13:06:14] Explicit valence for atom # 0 Ar, 1, is greater than permitted
[13:06:14] Explicit valence for atom # 0 Ar, 1, is greater than permitted
[13:06:14] Explicit valence for atom # 0 Ar, 1, is greater than permitted
[13:06:14] Explicit valence for atom # 0 Ar, 1, is greater than permitted
[13:06:14] Explicit valence for atom # 0 Ar, 1, is greater than permitted
[13:06:14] Explicit valence for atom # 0 Ar, 1, is greater than permitted
[13:06:14] Explicit valence for atom # 0 Ar, 1, is greater than permitted
[13:06:14] Explicit valence for atom # 0 Ar, 1, is greater than permitted
[13:06:14] Explicit valence for atom # 0 Ar, 1, is greater than permitted
[13:06:14] Explicit valence for atom # 0 Ar, 1, is greater than permitted
[13:06:14] Explicit valence for atom # 0 Ar, 1, is greater than permitted
[13:06:14] Explicit valence for atom # 0 Ar, 1, is greater than permitted
[13:06:14] Explicit valence for atom # 0 Ar, 1, is greater than permitted
[13:06:14] Explicit valence for atom # 0 Ar, 1, is greater than permitted
[13:06:14] Explicit valence for atom # 0 Ar, 1, is greater than permitted
[13:06:14] Explicit valence for atom # 0 Ar, 1, is greater than permitted
[13:06:14] Explicit valence for atom # 0 Ar, 1, is greater than permitted
[13:06:14] Explicit valence for atom # 0 Ar, 1, is greater than permitted
[13:06:14] Explicit valence for atom # 0 Ar, 1, is greater than permitted
[13:06:14] Explicit valence for atom # 0 Ar, 1, is greater than permitted
[13:06:14] Explicit valence for atom # 0 Ar, 1, is greater than permitted
[13:06:14] Explicit valence for atom # 0 Ar, 1, is greater than permitted
[13:06:14] Explicit valence for atom # 0 Ar, 1, is greater than permitted
[13:06:14] Explicit valence for atom # 0 Ar, 1, is greater than permitted
[13:06:14] Explicit valence for atom # 0 Ar, 1, is greater than permitted
[13:06:14] Explicit valence for atom # 0 Ar, 1, is greater than permitted
[13:06:14] Explicit valence for atom # 0 Ar, 1, is greater than permitted
[13:06:14] Explicit valence for atom # 0 Ar, 1, is greater than permitted
[13:06:14] Explicit valence for atom # 0 Ar, 1, is greater than permitted
[13:06:14] Explicit valence for atom # 0 Ar, 1, is greater than permitted
[13:06:14] Explicit valence for atom # 0 Ar, 1, is greater than permitted
[13:06:14] Explicit valence for atom # 0 Ar, 1, is greater than permitted
[13:06:14] Explicit valence for atom # 0 Ar, 1, is greater than permitted
[13:06:14] Explicit valence for atom # 0 Ar, 1, is greater than permitted
[13:06:14] Explicit valence for atom # 0 Ar, 1, is greater than permitted
[13:06:14] Explicit valence for atom # 0 Ar, 1, is greater than permitted
[13:06:14] Explicit valence for atom # 0 Ar, 1, is greater than permitted
[13:06:14] Explicit valence for atom # 0 Ar, 1, is greater than permitted
[13:06:14] Explicit valence for atom # 0 Ar, 1, is greater than permitted
[13:06:14] Explicit valence for atom # 0 Ar, 1, is greater than permitted
[13:06:14] Explicit valence for atom # 0 Ar, 1, is greater than permitted
[13:06:14] Explicit valence for atom # 0 Ar, 1, is greater than permitted
[13:06:14] Explicit valence for atom # 0 Ar, 1, is greater than permitted
[13:06:15] Explicit valence for atom # 0 Ar, 1, is greater than permitted
[13:06:15] Explicit valence for atom # 0 Ar, 1, is greater than permitted
[13:06:15] Explicit valence for atom # 0 Ar, 1, is greater than permitted
[13:06:15] Explicit valence for atom # 0 Ar, 1, is greater than permitted
[13:06:15] Explicit valence for atom # 0 Ar, 1, is greater than permitted
[13:06:15] Explicit valence for atom # 0 Ar, 1, is greater than permitted
[13:06:15] Explicit valence for atom # 0 Ar, 1, is greater than permitted
[13:06:15] Explicit valence for atom # 0 Ar, 1, is greater than permitted
[13:06:15] Explicit valence for atom # 0 Ar, 1, is greater than permitted
[13:06:15] Explicit valence for atom # 0 Ar, 1, is greater than permitted
[13:06:15] Explicit valence for atom # 0 Ar, 1, is greater than permitted
[13:06:15] Explicit valence for atom # 0 Ar, 1, is greater than permitted
[13:06:15] Explicit valence for atom # 0 Ar, 1, is greater than permitted
[13:06:15] Explicit valence for atom # 0 Ar, 1, is greater than permitted
[13:06:15] Explicit valence for atom # 0 Ar, 1, is greater than permitted
[13:06:15] Explicit valence for atom # 0 Ar, 1, is greater than permitted
[13:06:15] Explicit valence for atom # 0 Ar, 1, is greater than permitted
[13:06:15] Explicit valence for atom # 0 Ar, 1, is greater than permitted
[13:06:15] Explicit valence for atom # 0 Ar, 1, is greater than permitted
[13:06:15] Explicit valence for atom # 0 Ar, 1, is greater than permitted
[13:06:15] Explicit valence for atom # 0 Ar, 1, is greater than permitted
[13:06:15] Explicit valence for atom # 0 Ar, 1, is greater than permitted
[13:06:16] Explicit valence for atom # 0 Ar, 1, is greater than permitted
[13:06:16] Explicit valence for atom # 0 Ar, 1, is greater than permitted
[13:06:16] Explicit valence for atom # 0 Ar, 1, is greater than permitted
[13:06:16] Explicit valence for atom # 0 Ar, 1, is greater than permitted
[13:06:16] Explicit valence for atom # 0 Ar, 1, is greater than permitted
[13:06:16] Explicit valence for atom # 0 Ar, 1, is greater than permitted
[13:06:16] Explicit valence for atom # 0 Ar, 1, is greater than permitted
[13:06:16] Explicit valence for atom # 0 Ar, 1, is greater than permitted
[13:06:16] Explicit valence for atom # 0 Ar, 1, is greater than permitted
[13:06:16] Explicit valence for atom # 0 Ar, 1, is greater than permitted
[13:06:16] Explicit valence for atom # 0 Ar, 1, is greater than permitted
[13:06:16] Explicit valence for atom # 0 Ar, 1, is greater than permitted
[13:06:16] Explicit valence for atom # 0 Ar, 1, is greater than permitted
[13:06:16] Explicit valence for atom # 0 Ar, 1, is greater than permitted
[13:06:16] Explicit valence for atom # 0 Ar, 1, is greater than permitted
[13:06:16] Explicit valence for atom # 0 Ar, 1, is greater than permitted
[13:06:16] Explicit valence for atom # 0 Ar, 1, is greater than permitted
[13:06:16] Explicit valence for atom # 0 Ar, 1, is greater than permitted
[13:06:16] Explicit valence for atom # 0 Ar, 1, is greater than permitted
[13:06:16] Explicit valence for atom # 0 Ar, 1, is greater than permitted
